Nitrogen,Phosphorus,Potassium,pH,Rainfall,Temperature,Fertilizer,Needed_Humidity,Crop,Days_to_Harvest
75,50,100,6.5,1000,20,Urea,78,Sugarcane,476
80,50,100,6.5,1000,20,Urea,78,Sugarcane,475
85,50,100,6.5,1000,20,Urea,78,Sugarcane,474
90,50,100,6.5,1000,20,Urea,78,Sugarcane,474
95,50,100,6.5,1000,20,Urea,78,Sugarcane,473
100,50,100,6.5,1000,20,Urea,78,Sugarcane,472
75,55,105,7,1100,25,Urea,78,Sugarcane,471
80,55,105,7,1100,25,Urea,78,Sugarcane,470
85,55,105,7,1100,25,Urea,78,Sugarcane,469
90,55,105,7,1100,25,Urea,78,Sugarcane,469
95,55,105,7,1100,25,Urea,78,Sugarcane,468
100,55,105,7,1100,25,Urea,78,Sugarcane,467
75,60,110,7.5,1200,30,Urea,78,Sugarcane,471
80,60,110,7.5,1200,30,Urea,78,Sugarcane,471
85,60,110,7.5,1200,30,Urea,78,Sugarcane,470
90,60,110,7.5,1200,30,Urea,78,Sugarcane,469
95,60,110,7.5,1200,30,Urea,78,Sugarcane,469
100,60,110,7.5,1200,30,Urea,78,Sugarcane,468
75,50,115,6.5,1300,35,Urea,78,Sugarcane,479
80,50,115,6.5,1300,35,Urea,78,Sugarcane,478
85,50,115,6.5,1300,35,Urea,78,Sugarcane,477
90,50,115,6.5,1300,35,Urea,78,Sugarcane,476
95,50,115,6.5,1300,35,Urea,78,Sugarcane,476
100,50,115,6.5,1300,35,Urea,78,Sugarcane,475
75,55,100,7,1400,20,DAP,78,Sugarcane,480
80,55,100,7,1400,20,DAP,78,Sugarcane,480
85,55,100,7,1400,20,DAP,78,Sugarcane,479
90,55,100,7,1400,20,DAP,78,Sugarcane,478
95,55,100,7,1400,20,DAP,78,Sugarcane,477
100,55,100,7,1400,20,DAP,78,Sugarcane,477
75,60,105,7.5,1500,25,DAP,78,Sugarcane,477
80,60,105,7.5,1500,25,DAP,78,Sugarcane,476
85,60,105,7.5,1500,25,DAP,78,Sugarcane,475
90,60,105,7.5,1500,25,DAP,78,Sugarcane,474
95,60,105,7.5,1500,25,DAP,78,Sugarcane,474
100,60,105,7.5,1500,25,DAP,78,Sugarcane,473
75,50,110,6.5,1000,30,DAP,78,Sugarcane,471
80,50,110,6.5,1000,30,DAP,78,Sugarcane,471
85,50,110,6.5,1000,30,DAP,78,Sugarcane,470
90,50,110,6.5,1000,30,DAP,78,Sugarcane,469
95,50,110,6.5,1000,30,DAP,78,Sugarcane,469
100,50,110,6.5,1000,30,DAP,78,Sugarcane,468
75,55,115,7,1100,35,DAP,78,Sugarcane,474
80,55,115,7,1100,35,DAP,78,Sugarcane,473
85,55,115,7,1100,35,DAP,78,Sugarcane,472
90,55,115,7,1100,35,DAP,78,Sugarcane,472
95,55,115,7,1100,35,DAP,78,Sugarcane,471
100,55,115,7,1100,35,DAP,78,Sugarcane,470
75,60,100,7.5,1200,20,MOP,78,Sugarcane,475
80,60,100,7.5,1200,20,MOP,78,Sugarcane,475
85,60,100,7.5,1200,20,MOP,78,Sugarcane,474
90,60,100,7.5,1200,20,MOP,78,Sugarcane,473
95,60,100,7.5,1200,20,MOP,78,Sugarcane,473
100,60,100,7.5,1200,20,MOP,78,Sugarcane,472
75,50,105,6.5,1300,25,MOP,78,Sugarcane,476
80,50,105,6.5,1300,25,MOP,78,Sugarcane,475
85,50,105,6.5,1300,25,MOP,78,Sugarcane,474
90,50,105,6.5,1300,25,MOP,78,Sugarcane,473
95,50,105,6.5,1300,25,MOP,78,Sugarcane,473
100,50,105,6.5,1300,25,MOP,78,Sugarcane,472
75,55,110,7,1400,30,MOP,78,Sugarcane,476
80,55,110,7,1400,30,MOP,78,Sugarcane,475
85,55,110,7,1400,30,MOP,78,Sugarcane,475
90,55,110,7,1400,30,MOP,78,Sugarcane,474
95,55,110,7,1400,30,MOP,78,Sugarcane,473
100,55,110,7,1400,30,MOP,78,Sugarcane,473
75,60,115,7.5,1500,35,MOP,78,Sugarcane,479
80,60,115,7.5,1500,35,MOP,78,Sugarcane,479
85,60,115,7.5,1500,35,MOP,78,Sugarcane,478
90,60,115,7.5,1500,35,MOP,78,Sugarcane,477
95,60,115,7.5,1500,35,MOP,78,Sugarcane,477
100,60,115,7.5,1500,35,MOP,78,Sugarcane,476
20,25,25,6.5,600,25,10:26:26 NPK,50,Jowar,111
25,25,25,6.5,600,25,10:26:26 NPK,50,Jowar,111
30,25,25,6.5,600,25,10:26:26 NPK,50,Jowar,111
35,25,25,6.5,600,25,10:26:26 NPK,50,Jowar,110
40,25,25,6.5,600,25,10:26:26 NPK,50,Jowar,110
20,30,30,7,700,30,10:26:26 NPK,50,Jowar,109
25,30,30,7,700,30,10:26:26 NPK,50,Jowar,109
30,30,30,7,700,30,10:26:26 NPK,50,Jowar,109
35,30,30,7,700,30,10:26:26 NPK,50,Jowar,108
40,30,30,7,700,30,10:26:26 NPK,50,Jowar,108
20,35,35,7.5,800,25,10:26:26 NPK,50,Jowar,109
25,35,35,7.5,800,25,10:26:26 NPK,50,Jowar,109
30,35,35,7.5,800,25,10:26:26 NPK,50,Jowar,108
35,35,35,7.5,800,25,10:26:26 NPK,50,Jowar,108
40,35,35,7.5,800,25,10:26:26 NPK,50,Jowar,108
20,25,40,6.5,600,30,10:26:26 NPK,50,Jowar,110
25,25,40,6.5,600,30,10:26:26 NPK,50,Jowar,110
30,25,40,6.5,600,30,10:26:26 NPK,50,Jowar,109
35,25,40,6.5,600,30,10:26:26 NPK,50,Jowar,109
40,25,40,6.5,600,30,10:26:26 NPK,50,Jowar,109
20,30,25,7,700,25,Urea,50,Jowar,110
25,30,25,7,700,25,Urea,50,Jowar,110
30,30,25,7,700,25,Urea,50,Jowar,110
35,30,25,7,700,25,Urea,50,Jowar,109
40,30,25,7,700,25,Urea,50,Jowar,109
20,35,30,7.5,800,30,Urea,50,Jowar,110
25,35,30,7.5,800,30,Urea,50,Jowar,109
30,35,30,7.5,800,30,Urea,50,Jowar,109
35,35,30,7.5,800,30,Urea,50,Jowar,108
40,35,30,7.5,800,30,Urea,50,Jowar,108
20,25,35,6.5,600,25,Urea,50,Jowar,110
25,25,35,6.5,600,25,Urea,50,Jowar,110
30,25,35,6.5,600,25,Urea,50,Jowar,109
35,25,35,6.5,600,25,Urea,50,Jowar,109
40,25,35,6.5,600,25,Urea,50,Jowar,109
20,30,40,7,700,30,Urea,50,Jowar,109
25,30,40,7,700,30,Urea,50,Jowar,109
30,30,40,7,700,30,Urea,50,Jowar,108
35,30,40,7,700,30,Urea,50,Jowar,108
40,30,40,7,700,30,Urea,50,Jowar,108
20,35,25,7.5,800,25,SSP,50,Jowar,110
25,35,25,7.5,800,25,SSP,50,Jowar,110
30,35,25,7.5,800,25,SSP,50,Jowar,110
35,35,25,7.5,800,25,SSP,50,Jowar,109
40,35,25,7.5,800,25,SSP,50,Jowar,109
20,25,30,6.5,600,30,SSP,50,Jowar,111
25,25,30,6.5,600,30,SSP,50,Jowar,110
30,25,30,6.5,600,30,SSP,50,Jowar,110
35,25,30,6.5,600,30,SSP,50,Jowar,109
40,25,30,6.5,600,30,SSP,50,Jowar,109
20,30,35,7,700,25,SSP,50,Jowar,109
25,30,35,7,700,25,SSP,50,Jowar,109
30,30,35,7,700,25,SSP,50,Jowar,108
35,30,35,7,700,25,SSP,50,Jowar,108
40,30,35,7,700,25,SSP,50,Jowar,108
20,35,40,7.5,800,30,SSP,50,Jowar,109
25,35,40,7.5,800,30,SSP,50,Jowar,109
30,35,40,7.5,800,30,SSP,50,Jowar,108
35,35,40,7.5,800,30,SSP,50,Jowar,108
40,35,40,7.5,800,30,SSP,50,Jowar,108
40,20,20,6,600,25,10:26:26 NPK,50,Jowar,111
45,20,20,6,600,25,10:26:26 NPK,50,Jowar,111
50,20,20,6,600,25,10:26:26 NPK,50,Jowar,110
40,25,25,6.5,700,30,10:26:26 NPK,50,Jowar,109
45,25,25,6.5,700,30,10:26:26 NPK,50,Jowar,109
50,25,25,6.5,700,30,10:26:26 NPK,50,Jowar,108
40,20,25,7,800,25,10:26:26 NPK,50,Jowar,111
45,20,25,7,800,25,10:26:26 NPK,50,Jowar,110
50,20,25,7,800,25,10:26:26 NPK,50,Jowar,110
40,25,20,7.5,600,30,10:26:26 NPK,50,Jowar,110
45,25,20,7.5,600,30,10:26:26 NPK,50,Jowar,110
50,25,20,7.5,600,30,10:26:26 NPK,50,Jowar,109
100,40,50,6,800,25,DAP,55,Cotton,170
105,40,50,6,800,25,DAP,55,Cotton,170
110,40,50,6,800,25,DAP,55,Cotton,169
115,40,50,6,800,25,DAP,55,Cotton,169
120,40,50,6,800,25,DAP,55,Cotton,169
125,40,50,6,800,25,DAP,55,Cotton,169
130,40,50,6,800,25,DAP,55,Cotton,170
135,40,50,6,800,25,DAP,55,Cotton,170
140,40,50,6,800,25,DAP,55,Cotton,170
145,40,50,6,800,25,DAP,55,Cotton,171
150,40,50,6,800,25,DAP,55,Cotton,171
100,45,55,6.5,900,30,DAP,55,Cotton,169
105,45,55,6.5,900,30,DAP,55,Cotton,169
110,45,55,6.5,900,30,DAP,55,Cotton,168
115,45,55,6.5,900,30,DAP,55,Cotton,168
120,45,55,6.5,900,30,DAP,55,Cotton,168
125,45,55,6.5,900,30,DAP,55,Cotton,168
130,45,55,6.5,900,30,DAP,55,Cotton,169
135,45,55,6.5,900,30,DAP,55,Cotton,169
140,45,55,6.5,900,30,DAP,55,Cotton,169
145,45,55,6.5,900,30,DAP,55,Cotton,170
150,45,55,6.5,900,30,DAP,55,Cotton,170
100,50,60,7,1000,35,DAP,55,Cotton,170
105,50,60,7,1000,35,DAP,55,Cotton,170
110,50,60,7,1000,35,DAP,55,Cotton,169
115,50,60,7,1000,35,DAP,55,Cotton,169
120,50,60,7,1000,35,DAP,55,Cotton,169
125,50,60,7,1000,35,DAP,55,Cotton,169
130,50,60,7,1000,35,DAP,55,Cotton,170
135,50,60,7,1000,35,DAP,55,Cotton,170
140,50,60,7,1000,35,DAP,55,Cotton,170
145,50,60,7,1000,35,DAP,55,Cotton,170
150,50,60,7,1000,35,DAP,55,Cotton,171
100,55,65,7.5,800,25,DAP,55,Cotton,168
105,55,65,7.5,800,25,DAP,55,Cotton,167
110,55,65,7.5,800,25,DAP,55,Cotton,167
115,55,65,7.5,800,25,DAP,55,Cotton,167
120,55,65,7.5,800,25,DAP,55,Cotton,167
125,55,65,7.5,800,25,DAP,55,Cotton,167
130,55,65,7.5,800,25,DAP,55,Cotton,167
135,55,65,7.5,800,25,DAP,55,Cotton,168
140,55,65,7.5,800,25,DAP,55,Cotton,168
145,55,65,7.5,800,25,DAP,55,Cotton,168
150,55,65,7.5,800,25,DAP,55,Cotton,168
100,60,70,6,900,30,DAP,55,Cotton,168
105,60,70,6,900,30,DAP,55,Cotton,168
110,60,70,6,900,30,DAP,55,Cotton,168
115,60,70,6,900,30,DAP,55,Cotton,168
120,60,70,6,900,30,DAP,55,Cotton,168
125,60,70,6,900,30,DAP,55,Cotton,168
130,60,70,6,900,30,DAP,55,Cotton,168
135,60,70,6,900,30,DAP,55,Cotton,168
140,60,70,6,900,30,DAP,55,Cotton,169
145,60,70,6,900,30,DAP,55,Cotton,169
150,60,70,6,900,30,DAP,55,Cotton,169
100,40,75,6.5,1000,35,DAP,55,Cotton,172
105,40,75,6.5,1000,35,DAP,55,Cotton,172
110,40,75,6.5,1000,35,DAP,55,Cotton,172
115,40,75,6.5,1000,35,DAP,55,Cotton,172
120,40,75,6.5,1000,35,DAP,55,Cotton,172
125,40,75,6.5,1000,35,DAP,55,Cotton,172
130,40,75,6.5,1000,35,DAP,55,Cotton,172
135,40,75,6.5,1000,35,DAP,55,Cotton,172
140,40,75,6.5,1000,35,DAP,55,Cotton,173
145,40,75,6.5,1000,35,DAP,55,Cotton,173
150,40,75,6.5,1000,35,DAP,55,Cotton,173
100,45,50,6,800,25,Magnesium Sulphate,55,Cotton,169
105,45,50,6,800,25,Magnesium Sulphate,55,Cotton,169
110,45,50,6,800,25,Magnesium Sulphate,55,Cotton,169
115,45,50,6,800,25,Magnesium Sulphate,55,Cotton,169
120,45,50,6,800,25,Magnesium Sulphate,55,Cotton,169
125,45,50,6,800,25,Magnesium Sulphate,55,Cotton,169
130,45,50,6,800,25,Magnesium Sulphate,55,Cotton,169
135,45,50,6,800,25,Magnesium Sulphate,55,Cotton,169
140,45,50,6,800,25,Magnesium Sulphate,55,Cotton,170
145,45,50,6,800,25,Magnesium Sulphate,55,Cotton,170
150,45,50,6,800,25,Magnesium Sulphate,55,Cotton,170
100,50,55,6.5,900,30,Magnesium Sulphate,55,Cotton,168
105,50,55,6.5,900,30,Magnesium Sulphate,55,Cotton,168
110,50,55,6.5,900,30,Magnesium Sulphate,55,Cotton,168
115,50,55,6.5,900,30,Magnesium Sulphate,55,Cotton,168
120,50,55,6.5,900,30,Magnesium Sulphate,55,Cotton,168
125,50,55,6.5,900,30,Magnesium Sulphate,55,Cotton,168
130,50,55,6.5,900,30,Magnesium Sulphate,55,Cotton,168
135,50,55,6.5,900,30,Magnesium Sulphate,55,Cotton,168
140,50,55,6.5,900,30,Magnesium Sulphate,55,Cotton,169
145,50,55,6.5,900,30,Magnesium Sulphate,55,Cotton,169
150,50,55,6.5,900,30,Magnesium Sulphate,55,Cotton,169
100,55,60,7,1000,35,Magnesium Sulphate,55,Cotton,169
105,55,60,7,1000,35,Magnesium Sulphate,55,Cotton,169
110,55,60,7,1000,35,Magnesium Sulphate,55,Cotton,169
115,55,60,7,1000,35,Magnesium Sulphate,55,Cotton,168
120,55,60,7,1000,35,Magnesium Sulphate,55,Cotton,168
125,55,60,7,1000,35,Magnesium Sulphate,55,Cotton,169
130,55,60,7,1000,35,Magnesium Sulphate,55,Cotton,169
135,55,60,7,1000,35,Magnesium Sulphate,55,Cotton,169
140,55,60,7,1000,35,Magnesium Sulphate,55,Cotton,170
145,55,60,7,1000,35,Magnesium Sulphate,55,Cotton,170
150,55,60,7,1000,35,Magnesium Sulphate,55,Cotton,170
100,60,65,7.5,800,25,Magnesium Sulphate,55,Cotton,168
105,60,65,7.5,800,25,Magnesium Sulphate,55,Cotton,168
110,60,65,7.5,800,25,Magnesium Sulphate,55,Cotton,167
115,60,65,7.5,800,25,Magnesium Sulphate,55,Cotton,167
120,60,65,7.5,800,25,Magnesium Sulphate,55,Cotton,167
125,60,65,7.5,800,25,Magnesium Sulphate,55,Cotton,167
130,60,65,7.5,800,25,Magnesium Sulphate,55,Cotton,168
135,60,65,7.5,800,25,Magnesium Sulphate,55,Cotton,168
140,60,65,7.5,800,25,Magnesium Sulphate,55,Cotton,168
145,60,65,7.5,800,25,Magnesium Sulphate,55,Cotton,168
150,60,65,7.5,800,25,Magnesium Sulphate,55,Cotton,169
100,40,70,6,900,30,Magnesium Sulphate,55,Cotton,170
105,40,70,6,900,30,Magnesium Sulphate,55,Cotton,170
110,40,70,6,900,30,Magnesium Sulphate,55,Cotton,169
115,40,70,6,900,30,Magnesium Sulphate,55,Cotton,169
120,40,70,6,900,30,Magnesium Sulphate,55,Cotton,169
125,40,70,6,900,30,Magnesium Sulphate,55,Cotton,169
130,40,70,6,900,30,Magnesium Sulphate,55,Cotton,170
135,40,70,6,900,30,Magnesium Sulphate,55,Cotton,170
140,40,70,6,900,30,Magnesium Sulphate,55,Cotton,170
145,40,70,6,900,30,Magnesium Sulphate,55,Cotton,171
150,40,70,6,900,30,Magnesium Sulphate,55,Cotton,171
100,45,75,6.5,1000,35,Magnesium Sulphate,55,Cotton,172
105,45,75,6.5,1000,35,Magnesium Sulphate,55,Cotton,172
110,45,75,6.5,1000,35,Magnesium Sulphate,55,Cotton,171
115,45,75,6.5,1000,35,Magnesium Sulphate,55,Cotton,171
120,45,75,6.5,1000,35,Magnesium Sulphate,55,Cotton,171
125,45,75,6.5,1000,35,Magnesium Sulphate,55,Cotton,171
130,45,75,6.5,1000,35,Magnesium Sulphate,55,Cotton,172
135,45,75,6.5,1000,35,Magnesium Sulphate,55,Cotton,172
140,45,75,6.5,1000,35,Magnesium Sulphate,55,Cotton,172
145,45,75,6.5,1000,35,Magnesium Sulphate,55,Cotton,172
150,45,75,6.5,1000,35,Magnesium Sulphate,55,Cotton,173
100,50,50,7,800,25,13:32:26 NPK,55,Cotton,169
105,50,50,7,800,25,13:32:26 NPK,55,Cotton,169
110,50,50,7,800,25,13:32:26 NPK,55,Cotton,168
115,50,50,7,800,25,13:32:26 NPK,55,Cotton,168
120,50,50,7,800,25,13:32:26 NPK,55,Cotton,168
125,50,50,7,800,25,13:32:26 NPK,55,Cotton,168
130,50,50,7,800,25,13:32:26 NPK,55,Cotton,169
135,50,50,7,800,25,13:32:26 NPK,55,Cotton,169
140,50,50,7,800,25,13:32:26 NPK,55,Cotton,169
145,50,50,7,800,25,13:32:26 NPK,55,Cotton,169
150,50,50,7,800,25,13:32:26 NPK,55,Cotton,170
100,55,55,7.5,900,30,13:32:26 NPK,55,Cotton,168
105,55,55,7.5,900,30,13:32:26 NPK,55,Cotton,168
110,55,55,7.5,900,30,13:32:26 NPK,55,Cotton,167
115,55,55,7.5,900,30,13:32:26 NPK,55,Cotton,167
120,55,55,7.5,900,30,13:32:26 NPK,55,Cotton,167
125,55,55,7.5,900,30,13:32:26 NPK,55,Cotton,167
130,55,55,7.5,900,30,13:32:26 NPK,55,Cotton,168
135,55,55,7.5,900,30,13:32:26 NPK,55,Cotton,168
140,55,55,7.5,900,30,13:32:26 NPK,55,Cotton,168
145,55,55,7.5,900,30,13:32:26 NPK,55,Cotton,168
150,55,55,7.5,900,30,13:32:26 NPK,55,Cotton,169
100,60,60,6,1000,35,13:32:26 NPK,55,Cotton,169
105,60,60,6,1000,35,13:32:26 NPK,55,Cotton,169
110,60,60,6,1000,35,13:32:26 NPK,55,Cotton,169
115,60,60,6,1000,35,13:32:26 NPK,55,Cotton,169
120,60,60,6,1000,35,13:32:26 NPK,55,Cotton,169
125,60,60,6,1000,35,13:32:26 NPK,55,Cotton,169
130,60,60,6,1000,35,13:32:26 NPK,55,Cotton,169
135,60,60,6,1000,35,13:32:26 NPK,55,Cotton,169
140,60,60,6,1000,35,13:32:26 NPK,55,Cotton,170
145,60,60,6,1000,35,13:32:26 NPK,55,Cotton,170
150,60,60,6,1000,35,13:32:26 NPK,55,Cotton,170
100,40,65,6.5,800,25,13:32:26 NPK,55,Cotton,169
105,40,65,6.5,800,25,13:32:26 NPK,55,Cotton,169
110,40,65,6.5,800,25,13:32:26 NPK,55,Cotton,169
115,40,65,6.5,800,25,13:32:26 NPK,55,Cotton,169
120,40,65,6.5,800,25,13:32:26 NPK,55,Cotton,169
125,40,65,6.5,800,25,13:32:26 NPK,55,Cotton,169
130,40,65,6.5,800,25,13:32:26 NPK,55,Cotton,169
135,40,65,6.5,800,25,13:32:26 NPK,55,Cotton,169
140,40,65,6.5,800,25,13:32:26 NPK,55,Cotton,170
145,40,65,6.5,800,25,13:32:26 NPK,55,Cotton,170
150,40,65,6.5,800,25,13:32:26 NPK,55,Cotton,170
100,45,70,7,900,30,13:32:26 NPK,55,Cotton,169
105,45,70,7,900,30,13:32:26 NPK,55,Cotton,169
110,45,70,7,900,30,13:32:26 NPK,55,Cotton,169
115,45,70,7,900,30,13:32:26 NPK,55,Cotton,169
120,45,70,7,900,30,13:32:26 NPK,55,Cotton,169
125,45,70,7,900,30,13:32:26 NPK,55,Cotton,169
130,45,70,7,900,30,13:32:26 NPK,55,Cotton,169
135,45,70,7,900,30,13:32:26 NPK,55,Cotton,169
140,45,70,7,900,30,13:32:26 NPK,55,Cotton,170
145,45,70,7,900,30,13:32:26 NPK,55,Cotton,170
150,45,70,7,900,30,13:32:26 NPK,55,Cotton,170
100,50,75,7.5,1000,35,13:32:26 NPK,55,Cotton,171
105,50,75,7.5,1000,35,13:32:26 NPK,55,Cotton,171
110,50,75,7.5,1000,35,13:32:26 NPK,55,Cotton,171
115,50,75,7.5,1000,35,13:32:26 NPK,55,Cotton,170
120,50,75,7.5,1000,35,13:32:26 NPK,55,Cotton,170
125,50,75,7.5,1000,35,13:32:26 NPK,55,Cotton,171
130,50,75,7.5,1000,35,13:32:26 NPK,55,Cotton,171
135,50,75,7.5,1000,35,13:32:26 NPK,55,Cotton,171
140,50,75,7.5,1000,35,13:32:26 NPK,55,Cotton,172
145,50,75,7.5,1000,35,13:32:26 NPK,55,Cotton,172
150,50,75,7.5,1000,35,13:32:26 NPK,55,Cotton,172
100,55,50,6,800,25,DAP,55,Cotton,168
105,55,50,6,800,25,DAP,55,Cotton,168
110,55,50,6,800,25,DAP,55,Cotton,168
115,55,50,6,800,25,DAP,55,Cotton,167
120,55,50,6,800,25,DAP,55,Cotton,167
125,55,50,6,800,25,DAP,55,Cotton,168
130,55,50,6,800,25,DAP,55,Cotton,168
135,55,50,6,800,25,DAP,55,Cotton,168
140,55,50,6,800,25,DAP,55,Cotton,169
145,55,50,6,800,25,DAP,55,Cotton,169
150,55,50,6,800,25,DAP,55,Cotton,169
100,60,55,6.5,900,30,DAP,55,Cotton,168
105,60,55,6.5,900,30,DAP,55,Cotton,168
110,60,55,6.5,900,30,DAP,55,Cotton,167
115,60,55,6.5,900,30,DAP,55,Cotton,167
120,60,55,6.5,900,30,DAP,55,Cotton,167
125,60,55,6.5,900,30,DAP,55,Cotton,167
130,60,55,6.5,900,30,DAP,55,Cotton,168
135,60,55,6.5,900,30,DAP,55,Cotton,168
140,60,55,6.5,900,30,DAP,55,Cotton,168
145,60,55,6.5,900,30,DAP,55,Cotton,169
150,60,55,6.5,900,30,DAP,55,Cotton,169
100,40,60,7,1000,35,DAP,55,Cotton,171
105,40,60,7,1000,35,DAP,55,Cotton,171
110,40,60,7,1000,35,DAP,55,Cotton,170
115,40,60,7,1000,35,DAP,55,Cotton,170
120,40,60,7,1000,35,DAP,55,Cotton,170
125,40,60,7,1000,35,DAP,55,Cotton,170
130,40,60,7,1000,35,DAP,55,Cotton,171
135,40,60,7,1000,35,DAP,55,Cotton,171
140,40,60,7,1000,35,DAP,55,Cotton,171
145,40,60,7,1000,35,DAP,55,Cotton,172
150,40,60,7,1000,35,DAP,55,Cotton,172
100,45,65,7.5,800,25,DAP,55,Cotton,169
105,45,65,7.5,800,25,DAP,55,Cotton,169
110,45,65,7.5,800,25,DAP,55,Cotton,168
115,45,65,7.5,800,25,DAP,55,Cotton,168
120,45,65,7.5,800,25,DAP,55,Cotton,168
125,45,65,7.5,800,25,DAP,55,Cotton,168
130,45,65,7.5,800,25,DAP,55,Cotton,168
135,45,65,7.5,800,25,DAP,55,Cotton,169
140,45,65,7.5,800,25,DAP,55,Cotton,169
145,45,65,7.5,800,25,DAP,55,Cotton,169
150,45,65,7.5,800,25,DAP,55,Cotton,170
100,50,70,6,900,30,DAP,55,Cotton,169
105,50,70,6,900,30,DAP,55,Cotton,169
110,50,70,6,900,30,DAP,55,Cotton,168
115,50,70,6,900,30,DAP,55,Cotton,168
120,50,70,6,900,30,DAP,55,Cotton,168
125,50,70,6,900,30,DAP,55,Cotton,168
130,50,70,6,900,30,DAP,55,Cotton,169
135,50,70,6,900,30,DAP,55,Cotton,169
140,50,70,6,900,30,DAP,55,Cotton,169
145,50,70,6,900,30,DAP,55,Cotton,169
150,50,70,6,900,30,DAP,55,Cotton,170
100,55,75,6.5,1000,35,DAP,55,Cotton,171
105,55,75,6.5,1000,35,DAP,55,Cotton,170
110,55,75,6.5,1000,35,DAP,55,Cotton,170
115,55,75,6.5,1000,35,DAP,55,Cotton,170
120,55,75,6.5,1000,35,DAP,55,Cotton,170
125,55,75,6.5,1000,35,DAP,55,Cotton,170
130,55,75,6.5,1000,35,DAP,55,Cotton,170
135,55,75,6.5,1000,35,DAP,55,Cotton,171
140,55,75,6.5,1000,35,DAP,55,Cotton,171
145,55,75,6.5,1000,35,DAP,55,Cotton,171
150,55,75,6.5,1000,35,DAP,55,Cotton,172
100,60,50,7,800,25,Magnesium Sulphate,55,Cotton,168
105,60,50,7,800,25,Magnesium Sulphate,55,Cotton,168
110,60,50,7,800,25,Magnesium Sulphate,55,Cotton,168
115,60,50,7,800,25,Magnesium Sulphate,55,Cotton,168
120,60,50,7,800,25,Magnesium Sulphate,55,Cotton,168
125,60,50,7,800,25,Magnesium Sulphate,55,Cotton,168
130,60,50,7,800,25,Magnesium Sulphate,55,Cotton,168
135,60,50,7,800,25,Magnesium Sulphate,55,Cotton,168
140,60,50,7,800,25,Magnesium Sulphate,55,Cotton,169
145,60,50,7,800,25,Magnesium Sulphate,55,Cotton,169
150,60,50,7,800,25,Magnesium Sulphate,55,Cotton,169
100,40,55,7.5,900,30,Magnesium Sulphate,55,Cotton,170
105,40,55,7.5,900,30,Magnesium Sulphate,55,Cotton,169
110,40,55,7.5,900,30,Magnesium Sulphate,55,Cotton,169
115,40,55,7.5,900,30,Magnesium Sulphate,55,Cotton,169
120,40,55,7.5,900,30,Magnesium Sulphate,55,Cotton,169
125,40,55,7.5,900,30,Magnesium Sulphate,55,Cotton,169
130,40,55,7.5,900,30,Magnesium Sulphate,55,Cotton,169
135,40,55,7.5,900,30,Magnesium Sulphate,55,Cotton,170
140,40,55,7.5,900,30,Magnesium Sulphate,55,Cotton,170
145,40,55,7.5,900,30,Magnesium Sulphate,55,Cotton,170
150,40,55,7.5,900,30,Magnesium Sulphate,55,Cotton,170
100,45,60,6,1000,35,Magnesium Sulphate,55,Cotton,170
105,45,60,6,1000,35,Magnesium Sulphate,55,Cotton,170
110,45,60,6,1000,35,Magnesium Sulphate,55,Cotton,170
115,45,60,6,1000,35,Magnesium Sulphate,55,Cotton,170
120,45,60,6,1000,35,Magnesium Sulphate,55,Cotton,170
125,45,60,6,1000,35,Magnesium Sulphate,55,Cotton,170
130,45,60,6,1000,35,Magnesium Sulphate,55,Cotton,170
135,45,60,6,1000,35,Magnesium Sulphate,55,Cotton,170
140,45,60,6,1000,35,Magnesium Sulphate,55,Cotton,171
145,45,60,6,1000,35,Magnesium Sulphate,55,Cotton,171
150,45,60,6,1000,35,Magnesium Sulphate,55,Cotton,171
100,50,65,6.5,800,25,Magnesium Sulphate,55,Cotton,168
105,50,65,6.5,800,25,Magnesium Sulphate,55,Cotton,168
110,50,65,6.5,800,25,Magnesium Sulphate,55,Cotton,168
115,50,65,6.5,800,25,Magnesium Sulphate,55,Cotton,167
120,50,65,6.5,800,25,Magnesium Sulphate,55,Cotton,167
125,50,65,6.5,800,25,Magnesium Sulphate,55,Cotton,168
130,50,65,6.5,800,25,Magnesium Sulphate,55,Cotton,168
135,50,65,6.5,800,25,Magnesium Sulphate,55,Cotton,168
140,50,65,6.5,800,25,Magnesium Sulphate,55,Cotton,168
145,50,65,6.5,800,25,Magnesium Sulphate,55,Cotton,169
150,50,65,6.5,800,25,Magnesium Sulphate,55,Cotton,169
100,55,70,7,900,30,Magnesium Sulphate,55,Cotton,168
105,55,70,7,900,30,Magnesium Sulphate,55,Cotton,168
110,55,70,7,900,30,Magnesium Sulphate,55,Cotton,168
115,55,70,7,900,30,Magnesium Sulphate,55,Cotton,167
120,55,70,7,900,30,Magnesium Sulphate,55,Cotton,167
125,55,70,7,900,30,Magnesium Sulphate,55,Cotton,168
130,55,70,7,900,30,Magnesium Sulphate,55,Cotton,168
135,55,70,7,900,30,Magnesium Sulphate,55,Cotton,168
140,55,70,7,900,30,Magnesium Sulphate,55,Cotton,168
145,55,70,7,900,30,Magnesium Sulphate,55,Cotton,169
150,55,70,7,900,30,Magnesium Sulphate,55,Cotton,169
100,60,75,7.5,1000,35,Magnesium Sulphate,55,Cotton,171
105,60,75,7.5,1000,35,Magnesium Sulphate,55,Cotton,171
110,60,75,7.5,1000,35,Magnesium Sulphate,55,Cotton,170
115,60,75,7.5,1000,35,Magnesium Sulphate,55,Cotton,170
120,60,75,7.5,1000,35,Magnesium Sulphate,55,Cotton,170
125,60,75,7.5,1000,35,Magnesium Sulphate,55,Cotton,170
130,60,75,7.5,1000,35,Magnesium Sulphate,55,Cotton,171
135,60,75,7.5,1000,35,Magnesium Sulphate,55,Cotton,171
140,60,75,7.5,1000,35,Magnesium Sulphate,55,Cotton,171
145,60,75,7.5,1000,35,Magnesium Sulphate,55,Cotton,171
150,60,75,7.5,1000,35,Magnesium Sulphate,55,Cotton,172
100,60,40,6,800,25,12:32:16 NPK,55,Cotton,170
105,60,40,6,800,25,12:32:16 NPK,55,Cotton,169
110,60,40,6,800,25,12:32:16 NPK,55,Cotton,169
115,60,40,6,800,25,12:32:16 NPK,55,Cotton,169
120,60,40,6,800,25,12:32:16 NPK,55,Cotton,169
100,65,45,6.5,900,30,12:32:16 NPK,55,Cotton,170
105,65,45,6.5,900,30,12:32:16 NPK,55,Cotton,169
110,65,45,6.5,900,30,12:32:16 NPK,55,Cotton,169
115,65,45,6.5,900,30,12:32:16 NPK,55,Cotton,169
120,65,45,6.5,900,30,12:32:16 NPK,55,Cotton,169
100,70,50,7,1000,35,12:32:16 NPK,55,Cotton,172
105,70,50,7,1000,35,12:32:16 NPK,55,Cotton,171
110,70,50,7,1000,35,12:32:16 NPK,55,Cotton,171
115,70,50,7,1000,35,12:32:16 NPK,55,Cotton,171
120,70,50,7,1000,35,12:32:16 NPK,55,Cotton,171
100,75,55,7.5,800,25,12:32:16 NPK,55,Cotton,170
105,75,55,7.5,800,25,12:32:16 NPK,55,Cotton,169
110,75,55,7.5,800,25,12:32:16 NPK,55,Cotton,169
115,75,55,7.5,800,25,12:32:16 NPK,55,Cotton,169
120,75,55,7.5,800,25,12:32:16 NPK,55,Cotton,169
100,80,60,6,900,30,12:32:16 NPK,55,Cotton,170
105,80,60,6,900,30,12:32:16 NPK,55,Cotton,170
110,80,60,6,900,30,12:32:16 NPK,55,Cotton,169
115,80,60,6,900,30,12:32:16 NPK,55,Cotton,169
120,80,60,6,900,30,12:32:16 NPK,55,Cotton,169
100,60,65,6.5,1000,35,12:32:16 NPK,55,Cotton,170
105,60,65,6.5,1000,35,12:32:16 NPK,55,Cotton,170
110,60,65,6.5,1000,35,12:32:16 NPK,55,Cotton,169
115,60,65,6.5,1000,35,12:32:16 NPK,55,Cotton,169
120,60,65,6.5,1000,35,12:32:16 NPK,55,Cotton,169
100,65,40,7,800,25,12:32:16 NPK,55,Cotton,170
105,65,40,7,800,25,12:32:16 NPK,55,Cotton,170
110,65,40,7,800,25,12:32:16 NPK,55,Cotton,170
115,65,40,7,800,25,12:32:16 NPK,55,Cotton,169
120,65,40,7,800,25,12:32:16 NPK,55,Cotton,169
100,70,45,7.5,900,30,12:32:16 NPK,55,Cotton,170
105,70,45,7.5,900,30,12:32:16 NPK,55,Cotton,170
110,70,45,7.5,900,30,12:32:16 NPK,55,Cotton,170
115,70,45,7.5,900,30,12:32:16 NPK,55,Cotton,169
120,70,45,7.5,900,30,12:32:16 NPK,55,Cotton,169
100,75,50,6,1000,35,12:32:16 NPK,55,Cotton,172
105,75,50,6,1000,35,12:32:16 NPK,55,Cotton,172
110,75,50,6,1000,35,12:32:16 NPK,55,Cotton,172
115,75,50,6,1000,35,12:32:16 NPK,55,Cotton,171
120,75,50,6,1000,35,12:32:16 NPK,55,Cotton,171
100,80,55,6.5,800,25,12:32:16 NPK,55,Cotton,170
105,80,55,6.5,800,25,12:32:16 NPK,55,Cotton,170
110,80,55,6.5,800,25,12:32:16 NPK,55,Cotton,170
115,80,55,6.5,800,25,12:32:16 NPK,55,Cotton,169
120,80,55,6.5,800,25,12:32:16 NPK,55,Cotton,169
100,60,60,7,900,30,12:32:16 NPK,55,Cotton,167
105,60,60,7,900,30,12:32:16 NPK,55,Cotton,167
110,60,60,7,900,30,12:32:16 NPK,55,Cotton,167
115,60,60,7,900,30,12:32:16 NPK,55,Cotton,167
120,60,60,7,900,30,12:32:16 NPK,55,Cotton,167
100,65,65,7.5,1000,35,12:32:16 NPK,55,Cotton,170
105,65,65,7.5,1000,35,12:32:16 NPK,55,Cotton,170
110,65,65,7.5,1000,35,12:32:16 NPK,55,Cotton,170
115,65,65,7.5,1000,35,12:32:16 NPK,55,Cotton,170
120,65,65,7.5,1000,35,12:32:16 NPK,55,Cotton,170
100,70,40,6,800,25,12:32:16 NPK,55,Cotton,171
105,70,40,6,800,25,12:32:16 NPK,55,Cotton,170
110,70,40,6,800,25,12:32:16 NPK,55,Cotton,170
115,70,40,6,800,25,12:32:16 NPK,55,Cotton,170
120,70,40,6,800,25,12:32:16 NPK,55,Cotton,170
100,75,45,6.5,900,30,12:32:16 NPK,55,Cotton,171
105,75,45,6.5,900,30,DAP,55,Cotton,171
110,75,45,6.5,900,30,DAP,55,Cotton,170
115,75,45,6.5,900,30,DAP,55,Cotton,170
120,75,45,6.5,900,30,DAP,55,Cotton,170
100,80,50,7,1000,35,DAP,55,Cotton,173
105,80,50,7,1000,35,DAP,55,Cotton,173
110,80,50,7,1000,35,DAP,55,Cotton,172
115,80,50,7,1000,35,DAP,55,Cotton,172
120,80,50,7,1000,35,DAP,55,Cotton,172
100,60,55,7.5,800,25,DAP,55,Cotton,168
105,60,55,7.5,800,25,DAP,55,Cotton,168
110,60,55,7.5,800,25,DAP,55,Cotton,167
115,60,55,7.5,800,25,DAP,55,Cotton,167
120,60,55,7.5,800,25,DAP,55,Cotton,167
100,65,60,6,900,30,DAP,55,Cotton,168
105,65,60,6,900,30,DAP,55,Cotton,168
110,65,60,6,900,30,DAP,55,Cotton,167
115,65,60,6,900,30,DAP,55,Cotton,167
120,65,60,6,900,30,DAP,55,Cotton,167
100,70,65,6.5,1000,35,DAP,55,Cotton,171
105,70,65,6.5,1000,35,DAP,55,Cotton,171
110,70,65,6.5,1000,35,DAP,55,Cotton,170
115,70,65,6.5,1000,35,DAP,55,Cotton,170
120,70,65,6.5,1000,35,DAP,55,Cotton,170
100,75,40,7,800,25,DAP,55,Cotton,171
105,75,40,7,800,25,DAP,55,Cotton,171
110,75,40,7,800,25,DAP,55,Cotton,171
115,75,40,7,800,25,DAP,55,Cotton,170
120,75,40,7,800,25,DAP,55,Cotton,170
100,80,45,7.5,900,30,DAP,55,Cotton,171
105,80,45,7.5,900,30,DAP,55,Cotton,171
110,80,45,7.5,900,30,DAP,55,Cotton,171
115,80,45,7.5,900,30,DAP,55,Cotton,171
120,80,45,7.5,900,30,DAP,55,Cotton,171
100,60,50,6,1000,35,DAP,55,Cotton,171
105,60,50,6,1000,35,DAP,55,Cotton,170
110,60,50,6,1000,35,DAP,55,Cotton,170
115,60,50,6,1000,35,DAP,55,Cotton,170
120,60,50,6,1000,35,DAP,55,Cotton,170
100,65,55,6.5,800,25,DAP,55,Cotton,169
105,65,55,6.5,800,25,DAP,55,Cotton,168
110,65,55,6.5,800,25,DAP,55,Cotton,168
115,65,55,6.5,800,25,DAP,55,Cotton,168
120,65,55,6.5,800,25,DAP,55,Cotton,168
100,70,60,7,900,30,DAP,55,Cotton,169
105,70,60,7,900,30,DAP,55,Cotton,168
110,70,60,7,900,30,DAP,55,Cotton,168
115,70,60,7,900,30,DAP,55,Cotton,168
120,70,60,7,900,30,DAP,55,Cotton,168
100,75,65,7.5,1000,35,DAP,55,Cotton,172
105,75,65,7.5,1000,35,DAP,55,Cotton,171
110,75,65,7.5,1000,35,DAP,55,Cotton,171
115,75,65,7.5,1000,35,DAP,55,Cotton,171
120,75,65,7.5,1000,35,DAP,55,Cotton,171
100,80,40,6,800,25,DAP,55,Cotton,172
105,80,40,6,800,25,DAP,55,Cotton,172
110,80,40,6,800,25,DAP,55,Cotton,171
115,80,40,6,800,25,DAP,55,Cotton,171
120,80,40,6,800,25,DAP,55,Cotton,171
100,60,45,6.5,900,30,DAP,55,Cotton,169
105,60,45,6.5,900,30,DAP,55,Cotton,169
110,60,45,6.5,900,30,DAP,55,Cotton,169
115,60,45,6.5,900,30,DAP,55,Cotton,168
120,60,45,6.5,900,30,DAP,55,Cotton,168
100,65,50,7,1000,35,DAP,55,Cotton,171
105,65,50,7,1000,35,DAP,55,Cotton,171
110,65,50,7,1000,35,Magnesium Sulphate,55,Cotton,171
115,65,50,7,1000,35,Magnesium Sulphate,55,Cotton,170
120,65,50,7,1000,35,Magnesium Sulphate,55,Cotton,170
100,70,55,7.5,800,25,Magnesium Sulphate,55,Cotton,169
105,70,55,7.5,800,25,Magnesium Sulphate,55,Cotton,169
110,70,55,7.5,800,25,Magnesium Sulphate,55,Cotton,169
115,70,55,7.5,800,25,Magnesium Sulphate,55,Cotton,168
120,70,55,7.5,800,25,Magnesium Sulphate,55,Cotton,168
100,75,60,6,900,30,Magnesium Sulphate,55,Cotton,169
105,75,60,6,900,30,Magnesium Sulphate,55,Cotton,169
110,75,60,6,900,30,Magnesium Sulphate,55,Cotton,169
115,75,60,6,900,30,Magnesium Sulphate,55,Cotton,168
120,75,60,6,900,30,Magnesium Sulphate,55,Cotton,168
100,80,65,6.5,1000,35,Magnesium Sulphate,55,Cotton,172
105,80,65,6.5,1000,35,Magnesium Sulphate,55,Cotton,172
110,80,65,6.5,1000,35,Magnesium Sulphate,55,Cotton,172
115,80,65,6.5,1000,35,Magnesium Sulphate,55,Cotton,171
120,80,65,6.5,1000,35,Magnesium Sulphate,55,Cotton,171
20,15,20,5.5,700,25,Urea,75,Rice,133
25,15,20,5.5,700,25,Urea,75,Rice,132
30,15,20,5.5,700,25,Urea,75,Rice,132
20,20,25,6,800,30,Urea,75,Rice,130
25,20,25,6,800,30,Urea,75,Rice,130
30,20,25,6,800,30,Urea,75,Rice,130
20,15,25,6.5,900,25,Urea,75,Rice,131
25,15,25,6.5,900,25,Urea,75,Rice,131
30,15,25,6.5,900,25,Urea,75,Rice,131
20,20,20,5.5,1000,30,Urea,75,Rice,130
25,20,20,5.5,1000,30,Urea,75,Rice,130
30,20,20,5.5,1000,30,Urea,75,Rice,129
25,20,30,6,700,25,Urea,75,Rice,131
30,20,30,6,700,25,Urea,75,Rice,131
35,20,30,6,700,25,Urea,75,Rice,130
25,25,35,6.5,800,30,Urea,75,Rice,129
30,25,35,6.5,800,30,Urea,75,Rice,128
35,25,35,6.5,800,30,Urea,75,Rice,128
25,30,40,5.5,900,25,Urea,75,Rice,128
30,30,40,5.5,900,25,Urea,75,Rice,128
35,30,40,5.5,900,25,50:26:26 NPK,75,Rice,127
25,20,35,6,1000,30,50:26:26 NPK,75,Rice,128
30,20,35,6,1000,30,50:26:26 NPK,75,Rice,128
35,20,35,6,1000,30,50:26:26 NPK,75,Rice,128
25,25,40,6.5,700,25,50:26:26 NPK,75,Rice,129
30,25,40,6.5,700,25,50:26:26 NPK,75,Rice,129
35,25,40,6.5,700,25,50:26:26 NPK,75,Rice,129
25,30,30,5.5,800,30,50:26:26 NPK,75,Rice,129
30,30,30,5.5,800,30,50:26:26 NPK,75,Rice,128
35,30,30,5.5,800,30,50:26:26 NPK,75,Rice,128
25,20,40,6,900,25,50:26:26 NPK,75,Rice,129
30,20,40,6,900,25,50:26:26 NPK,75,Rice,129
35,20,40,6,900,25,50:26:26 NPK,75,Rice,128
25,25,30,6.5,1000,30,50:26:26 NPK,75,Rice,128
30,25,30,6.5,1000,30,50:26:26 NPK,75,Rice,128
35,25,30,6.5,1000,30,50:26:26 NPK,75,Rice,128
25,30,35,5.5,700,25,50:26:26 NPK,75,Rice,129
30,30,35,5.5,700,25,50:26:26 NPK,75,Rice,129
35,30,35,5.5,700,25,50:26:26 NPK,75,Rice,129
100,60,40,6,500,15,19:19:19 NPK,55,Wheat,114
105,60,40,6,500,15,19:19:19 NPK,55,Wheat,114
110,60,40,6,500,15,19:19:19 NPK,55,Wheat,115
115,60,40,6,500,15,19:19:19 NPK,55,Wheat,115
120,60,40,6,500,15,19:19:19 NPK,55,Wheat,115
100,65,45,6.5,600,20,19:19:19 NPK,55,Wheat,113
105,65,45,6.5,600,20,19:19:19 NPK,55,Wheat,113
110,65,45,6.5,600,20,19:19:19 NPK,55,Wheat,113
115,65,45,6.5,600,20,19:19:19 NPK,55,Wheat,113
120,65,45,6.5,600,20,19:19:19 NPK,55,Wheat,113
100,70,50,7,700,25,19:19:19 NPK,55,Wheat,113
105,70,50,7,700,25,19:19:19 NPK,55,Wheat,113
110,70,50,7,700,25,19:19:19 NPK,55,Wheat,113
115,70,50,7,700,25,19:19:19 NPK,55,Wheat,114
120,70,50,7,700,25,19:19:19 NPK,55,Wheat,114
100,75,55,7.5,800,15,19:19:19 NPK,55,Wheat,114
105,75,55,7.5,800,15,19:19:19 NPK,55,Wheat,115
110,75,55,7.5,800,15,19:19:19 NPK,55,Wheat,115
115,75,55,7.5,800,15,19:19:19 NPK,55,Wheat,115
120,75,55,7.5,800,15,19:19:19 NPK,55,Wheat,115
100,80,60,6,900,20,19:19:19 NPK,55,Wheat,115
105,80,60,6,900,20,19:19:19 NPK,55,Wheat,115
110,80,60,6,900,20,19:19:19 NPK,55,Wheat,115
115,80,60,6,900,20,19:19:19 NPK,55,Wheat,116
120,80,60,6,900,20,19:19:19 NPK,55,Wheat,116
100,60,45,6.5,1000,25,Urea,55,Wheat,114
105,60,45,6.5,1000,25,Urea,55,Wheat,115
110,60,45,6.5,1000,25,Urea,55,Wheat,115
115,60,45,6.5,1000,25,Urea,55,Wheat,115
120,60,45,6.5,1000,25,Urea,55,Wheat,115
100,65,50,7,500,15,Urea,55,Wheat,114
105,65,50,7,500,15,Urea,55,Wheat,114
110,65,50,7,500,15,Urea,55,Wheat,114
115,65,50,7,500,15,Urea,55,Wheat,115
120,65,50,7,500,15,Urea,55,Wheat,115
100,70,55,7.5,600,20,Urea,55,Wheat,113
105,70,55,7.5,600,20,Urea,55,Wheat,113
110,70,55,7.5,600,20,Urea,55,Wheat,113
115,70,55,7.5,600,20,Urea,55,Wheat,114
120,70,55,7.5,600,20,Urea,55,Wheat,114
100,75,60,6,700,25,Urea,55,Wheat,114
105,75,60,6,700,25,Urea,55,Wheat,115
110,75,60,6,700,25,Urea,55,Wheat,115
115,75,60,6,700,25,Urea,55,Wheat,115
120,75,60,6,700,25,Urea,55,Wheat,115
100,80,40,6.5,800,15,Urea,55,Wheat,115
105,80,40,6.5,800,15,Urea,55,Wheat,115
110,80,40,6.5,800,15,Urea,55,Wheat,116
115,80,40,6.5,800,15,Urea,55,Wheat,116
120,80,40,6.5,800,15,Urea,55,Wheat,116
100,60,50,7,900,20,19:19:19 NPK,55,Wheat,112
105,60,50,7,900,20,19:19:19 NPK,55,Wheat,113
110,60,50,7,900,20,19:19:19 NPK,55,Wheat,113
115,60,50,7,900,20,19:19:19 NPK,55,Wheat,113
120,60,50,7,900,20,19:19:19 NPK,55,Wheat,113
100,65,55,7.5,1000,25,19:19:19 NPK,55,Wheat,115
105,65,55,7.5,1000,25,19:19:19 NPK,55,Wheat,115
110,65,55,7.5,1000,25,19:19:19 NPK,55,Wheat,115
115,65,55,7.5,1000,25,19:19:19 NPK,55,Wheat,116
120,65,55,7.5,1000,25,19:19:19 NPK,55,Wheat,116
100,70,60,6,500,15,19:19:19 NPK,55,Wheat,115
105,70,60,6,500,15,19:19:19 NPK,55,Wheat,115
110,70,60,6,500,15,19:19:19 NPK,55,Wheat,116
115,70,60,6,500,15,19:19:19 NPK,55,Wheat,116
120,70,60,6,500,15,19:19:19 NPK,55,Wheat,116
100,75,40,6.5,600,20,19:19:19 NPK,55,Wheat,114
105,75,40,6.5,600,20,19:19:19 NPK,55,Wheat,114
110,75,40,6.5,600,20,19:19:19 NPK,55,Wheat,114
115,75,40,6.5,600,20,19:19:19 NPK,55,Wheat,115
120,75,40,6.5,600,20,19:19:19 NPK,55,Wheat,115
100,80,45,7,700,25,19:19:19 NPK,55,Wheat,114
105,80,45,7,700,25,19:19:19 NPK,55,Wheat,114
110,80,45,7,700,25,19:19:19 NPK,55,Wheat,115
115,80,45,7,700,25,19:19:19 NPK,55,Wheat,115
120,80,45,7,700,25,19:19:19 NPK,55,Wheat,115
100,60,55,7.5,800,15,Urea,55,Wheat,113
105,60,55,7.5,800,15,Urea,55,Wheat,113
110,60,55,7.5,800,15,Urea,55,Wheat,114
115,60,55,7.5,800,15,Urea,55,Wheat,114
120,60,55,7.5,800,15,Urea,55,Wheat,114
100,65,60,6,900,20,Urea,55,Wheat,114
105,65,60,6,900,20,Urea,55,Wheat,114
110,65,60,6,900,20,Urea,55,Wheat,114
115,65,60,6,900,20,Urea,55,Wheat,114
120,65,60,6,900,20,Urea,55,Wheat,115
100,70,40,6.5,1000,25,Urea,55,Wheat,116
105,70,40,6.5,1000,25,Urea,55,Wheat,116
110,70,40,6.5,1000,25,Urea,55,Wheat,116
115,70,40,6.5,1000,25,Urea,55,Wheat,116
120,70,40,6.5,1000,25,Urea,55,Wheat,117
100,75,45,7,500,15,Urea,55,Wheat,115
105,75,45,7,500,15,Urea,55,Wheat,115
110,75,45,7,500,15,Urea,55,Wheat,116
115,75,45,7,500,15,Urea,55,Wheat,116
120,75,45,7,500,15,Urea,55,Wheat,116
100,80,50,7.5,600,20,Urea,55,Wheat,113
105,80,50,7.5,600,20,Urea,55,Wheat,114
110,80,50,7.5,600,20,Urea,55,Wheat,114
115,80,50,7.5,600,20,Urea,55,Wheat,114
120,80,50,7.5,600,20,Urea,55,Wheat,114
100,60,60,6,700,25,19:19:19 NPK,55,Wheat,113
105,60,60,6,700,25,19:19:19 NPK,55,Wheat,113
110,60,60,6,700,25,19:19:19 NPK,55,Wheat,114
115,60,60,6,700,25,19:19:19 NPK,55,Wheat,114
120,60,60,6,700,25,19:19:19 NPK,55,Wheat,114
100,65,40,6.5,800,15,19:19:19 NPK,55,Wheat,114
105,65,40,6.5,800,15,19:19:19 NPK,55,Wheat,114
110,65,40,6.5,800,15,19:19:19 NPK,55,Wheat,114
115,65,40,6.5,800,15,19:19:19 NPK,55,Wheat,115
120,65,40,6.5,800,15,19:19:19 NPK,55,Wheat,115
100,70,45,7,900,20,19:19:19 NPK,55,Wheat,113
105,70,45,7,900,20,19:19:19 NPK,55,Wheat,114
110,70,45,7,900,20,19:19:19 NPK,55,Wheat,114
115,70,45,7,900,20,19:19:19 NPK,55,Wheat,114
120,70,45,7,900,20,19:19:19 NPK,55,Wheat,114
100,75,50,7.5,1000,25,19:19:19 NPK,55,Wheat,115
105,75,50,7.5,1000,25,19:19:19 NPK,55,Wheat,115
110,75,50,7.5,1000,25,19:19:19 NPK,55,Wheat,116
115,75,50,7.5,1000,25,19:19:19 NPK,55,Wheat,116
120,75,50,7.5,1000,25,19:19:19 NPK,55,Wheat,116
100,80,55,6,500,15,19:19:19 NPK,55,Wheat,116
105,80,55,6,500,15,19:19:19 NPK,55,Wheat,116
110,80,55,6,500,15,19:19:19 NPK,55,Wheat,116
115,80,55,6,500,15,19:19:19 NPK,55,Wheat,116
120,80,55,6,500,15,19:19:19 NPK,55,Wheat,117
100,40,40,6,500,15,Urea,55,Wheat,115
105,40,40,6,500,15,Urea,55,Wheat,115
110,40,40,6,500,15,Urea,55,Wheat,115
115,40,40,6,500,15,Urea,55,Wheat,115
120,40,40,6,500,15,Urea,55,Wheat,116
100,45,45,6.5,600,20,Urea,55,Wheat,112
105,45,45,6.5,600,20,Urea,55,Wheat,112
110,45,45,6.5,600,20,Urea,55,Wheat,113
115,45,45,6.5,600,20,Urea,55,Wheat,113
120,45,45,6.5,600,20,Urea,55,Wheat,113
100,50,50,7,700,25,Urea,55,Wheat,112
105,50,50,7,700,25,Urea,55,Wheat,112
110,50,50,7,700,25,Urea,55,Wheat,112
115,50,50,7,700,25,Urea,55,Wheat,113
120,50,50,7,700,25,Urea,55,Wheat,113
100,55,55,7.5,800,15,Urea,55,Wheat,113
105,55,55,7.5,800,15,Urea,55,Wheat,113
110,55,55,7.5,800,15,Urea,55,Wheat,113
115,55,55,7.5,800,15,Urea,55,Wheat,113
120,55,55,7.5,800,15,Urea,55,Wheat,114
100,60,60,6,900,20,Urea,55,Wheat,113
105,60,60,6,900,20,Urea,55,Wheat,113
110,60,60,6,900,20,Urea,55,Wheat,114
115,60,60,6,900,20,Urea,55,Wheat,114
120,60,60,6,900,20,Urea,55,Wheat,114
100,40,45,6.5,1000,25,19:19:19 NPK,55,Wheat,115
105,40,45,6.5,1000,25,19:19:19 NPK,55,Wheat,115
110,40,45,6.5,1000,25,19:19:19 NPK,55,Wheat,115
115,40,45,6.5,1000,25,19:19:19 NPK,55,Wheat,116
120,40,45,6.5,1000,25,19:19:19 NPK,55,Wheat,116
100,45,50,7,500,15,19:19:19 NPK,55,Wheat,114
105,45,50,7,500,15,19:19:19 NPK,55,Wheat,114
110,45,50,7,500,15,19:19:19 NPK,55,Wheat,114
115,45,50,7,500,15,19:19:19 NPK,55,Wheat,114
120,45,50,7,500,15,19:19:19 NPK,55,Wheat,114
100,50,55,7.5,600,20,19:19:19 NPK,55,Wheat,112
105,50,55,7.5,600,20,19:19:19 NPK,55,Wheat,112
110,50,55,7.5,600,20,19:19:19 NPK,55,Wheat,112
115,50,55,7.5,600,20,19:19:19 NPK,55,Wheat,113
120,50,55,7.5,600,20,19:19:19 NPK,55,Wheat,113
100,55,60,6,700,25,19:19:19 NPK,55,Wheat,113
105,55,60,6,700,25,19:19:19 NPK,55,Wheat,113
110,55,60,6,700,25,19:19:19 NPK,55,Wheat,113
115,55,60,6,700,25,19:19:19 NPK,55,Wheat,113
120,55,60,6,700,25,19:19:19 NPK,55,Wheat,114
100,60,40,6.5,800,15,19:19:19 NPK,55,Wheat,114
105,60,40,6.5,800,15,19:19:19 NPK,55,Wheat,114
110,60,40,6.5,800,15,19:19:19 NPK,55,Wheat,114
115,60,40,6.5,800,15,19:19:19 NPK,55,Wheat,114
120,60,40,6.5,800,15,19:19:19 NPK,55,Wheat,115
100,40,50,7,900,20,Urea,55,Wheat,113
105,40,50,7,900,20,Urea,55,Wheat,113
110,40,50,7,900,20,Urea,55,Wheat,113
115,40,50,7,900,20,Urea,55,Wheat,113
120,40,50,7,900,20,Urea,55,Wheat,114
100,45,55,7.5,1000,25,Urea,55,Wheat,114
105,45,55,7.5,1000,25,Urea,55,Wheat,115
110,45,55,7.5,1000,25,Urea,55,Wheat,115
115,45,55,7.5,1000,25,Urea,55,Wheat,115
120,45,55,7.5,1000,25,Urea,55,Wheat,115
100,50,60,6,500,15,Urea,55,Wheat,114
105,50,60,6,500,15,Urea,55,Wheat,114
110,50,60,6,500,15,Urea,55,Wheat,114
115,50,60,6,500,15,Urea,55,Wheat,115
120,50,60,6,500,15,Urea,55,Wheat,115
100,55,40,6.5,600,20,Urea,55,Wheat,112
105,55,40,6.5,600,20,Urea,55,Wheat,112
110,55,40,6.5,600,20,Urea,55,Wheat,113
115,55,40,6.5,600,20,Urea,55,Wheat,113
120,55,40,6.5,600,20,Urea,55,Wheat,113
100,60,45,7,700,25,Urea,55,Wheat,113
105,60,45,7,700,25,Urea,55,Wheat,113
110,60,45,7,700,25,Urea,55,Wheat,113
115,60,45,7,700,25,Urea,55,Wheat,113
120,60,45,7,700,25,Urea,55,Wheat,114
100,40,55,7.5,800,15,19:19:19 NPK,55,Wheat,114
105,40,55,7.5,800,15,19:19:19 NPK,55,Wheat,114
110,40,55,7.5,800,15,19:19:19 NPK,55,Wheat,114
115,40,55,7.5,800,15,19:19:19 NPK,55,Wheat,114
120,40,55,7.5,800,15,19:19:19 NPK,55,Wheat,115
100,45,60,6,900,20,19:19:19 NPK,55,Wheat,113
105,45,60,6,900,20,19:19:19 NPK,55,Wheat,113
110,45,60,6,900,20,19:19:19 NPK,55,Wheat,114
115,45,60,6,900,20,19:19:19 NPK,55,Wheat,114
120,45,60,6,900,20,19:19:19 NPK,55,Wheat,114
100,50,40,6.5,1000,25,19:19:19 NPK,55,Wheat,114
105,50,40,6.5,1000,25,19:19:19 NPK,55,Wheat,115
110,50,40,6.5,1000,25,19:19:19 NPK,55,Wheat,115
115,50,40,6.5,1000,25,19:19:19 NPK,55,Wheat,115
120,50,40,6.5,1000,25,19:19:19 NPK,55,Wheat,115
100,55,45,7,500,15,19:19:19 NPK,55,Wheat,113
105,55,45,7,500,15,19:19:19 NPK,55,Wheat,114
110,55,45,7,500,15,19:19:19 NPK,55,Wheat,114
115,55,45,7,500,15,19:19:19 NPK,55,Wheat,114
120,55,45,7,500,15,19:19:19 NPK,55,Wheat,114
100,60,50,7.5,600,20,19:19:19 NPK,55,Wheat,112
105,60,50,7.5,600,20,19:19:19 NPK,55,Wheat,112
110,60,50,7.5,600,20,19:19:19 NPK,55,Wheat,112
115,60,50,7.5,600,20,19:19:19 NPK,55,Wheat,112
120,60,50,7.5,600,20,19:19:19 NPK,55,Wheat,113
100,40,60,6,700,25,Urea,55,Wheat,114
105,40,60,6,700,25,Urea,55,Wheat,114
110,40,60,6,700,25,Urea,55,Wheat,114
115,40,60,6,700,25,Urea,55,Wheat,114
120,40,60,6,700,25,Urea,55,Wheat,115
100,45,40,6.5,800,15,Urea,55,Wheat,114
105,45,40,6.5,800,15,Urea,55,Wheat,114
110,45,40,6.5,800,15,Urea,55,Wheat,114
115,45,40,6.5,800,15,Urea,55,Wheat,114
120,45,40,6.5,800,15,Urea,55,Wheat,115
100,50,45,7,900,20,Urea,55,Wheat,112
105,50,45,7,900,20,Urea,55,Wheat,113
110,50,45,7,900,20,Urea,55,Wheat,113
115,50,45,7,900,20,Urea,55,Wheat,113
120,50,45,7,900,20,Urea,55,Wheat,113
100,55,50,7.5,1000,25,Urea,55,Wheat,114
105,55,50,7.5,1000,25,Urea,55,Wheat,114
110,55,50,7.5,1000,25,Urea,55,Wheat,114
115,55,50,7.5,1000,25,Urea,55,Wheat,114
120,55,50,7.5,1000,25,Urea,55,Wheat,115
100,60,55,6,500,15,Urea,55,Wheat,114
105,60,55,6,500,15,Urea,55,Wheat,114
110,60,55,6,500,15,Urea,55,Wheat,114
115,60,55,6,500,15,Urea,55,Wheat,115
120,60,55,6,500,15,Urea,55,Wheat,115
60,40,40,6,500,15,19:19:19 NPK,55,Wheat,116
65,40,40,6,500,15,19:19:19 NPK,55,Wheat,116
70,40,40,6,500,15,19:19:19 NPK,55,Wheat,115
75,40,40,6,500,15,19:19:19 NPK,55,Wheat,115
80,40,40,6,500,15,19:19:19 NPK,55,Wheat,115
85,40,40,6,500,15,19:19:19 NPK,55,Wheat,115
90,40,40,6,500,15,19:19:19 NPK,55,Wheat,114
95,40,40,6,500,15,19:19:19 NPK,55,Wheat,115
100,40,40,6,500,15,19:19:19 NPK,55,Wheat,115
60,45,45,6.5,600,20,19:19:19 NPK,55,Wheat,113
65,45,45,6.5,600,20,19:19:19 NPK,55,Wheat,113
70,45,45,6.5,600,20,19:19:19 NPK,55,Wheat,113
75,45,45,6.5,600,20,19:19:19 NPK,55,Wheat,113
80,45,45,6.5,600,20,19:19:19 NPK,55,Wheat,112
85,45,45,6.5,600,20,19:19:19 NPK,55,Wheat,112
90,45,45,6.5,600,20,19:19:19 NPK,55,Wheat,112
95,45,45,6.5,600,20,19:19:19 NPK,55,Wheat,112
100,45,45,6.5,600,20,19:19:19 NPK,55,Wheat,112
60,55,55,7,700,25,19:19:19 NPK,55,Wheat,113
65,55,55,7,700,25,19:19:19 NPK,55,Wheat,113
70,55,55,7,700,25,19:19:19 NPK,55,Wheat,113
75,55,55,7,700,25,19:19:19 NPK,55,Wheat,113
80,55,55,7,700,25,19:19:19 NPK,55,Wheat,112
85,55,55,7,700,25,19:19:19 NPK,55,Wheat,112
90,55,55,7,700,25,19:19:19 NPK,55,Wheat,112
95,55,55,7,700,25,Urea,55,Wheat,112
100,55,55,7,700,25,Urea,55,Wheat,112
60,60,60,7.5,800,15,Urea,55,Wheat,115
65,60,60,7.5,800,15,Urea,55,Wheat,114
70,60,60,7.5,800,15,Urea,55,Wheat,114
75,60,60,7.5,800,15,Urea,55,Wheat,114
80,60,60,7.5,800,15,Urea,55,Wheat,114
85,60,60,7.5,800,15,Urea,55,Wheat,114
90,60,60,7.5,800,15,Urea,55,Wheat,113
95,60,60,7.5,800,15,Urea,55,Wheat,113
100,60,60,7.5,800,15,Urea,55,Wheat,114
60,40,45,6,900,20,Urea,55,Wheat,114
65,40,45,6,900,20,Urea,55,Wheat,114
70,40,45,6,900,20,Urea,55,Wheat,114
75,40,45,6,900,20,Urea,55,Wheat,113
80,40,45,6,900,20,Urea,55,Wheat,113
85,40,45,6,900,20,Urea,55,Wheat,113
90,40,45,6,900,20,Urea,55,Wheat,113
95,40,45,6,900,20,Urea,55,Wheat,113
100,40,45,6,900,20,Urea,55,Wheat,113
60,45,50,6.5,1000,25,Urea,55,Wheat,115
65,45,50,6.5,1000,25,Urea,55,Wheat,115
70,45,50,6.5,1000,25,Urea,55,Wheat,115
75,45,50,6.5,1000,25,Urea,55,Wheat,114
80,45,50,6.5,1000,25,Urea,55,Wheat,114
85,45,50,6.5,1000,25,19:19:19 NPK,55,Wheat,114
90,45,50,6.5,1000,25,19:19:19 NPK,55,Wheat,114
95,45,50,6.5,1000,25,19:19:19 NPK,55,Wheat,114
100,45,50,6.5,1000,25,19:19:19 NPK,55,Wheat,114
60,55,60,7,500,15,19:19:19 NPK,55,Wheat,115
65,55,60,7,500,15,19:19:19 NPK,55,Wheat,115
70,55,60,7,500,15,19:19:19 NPK,55,Wheat,115
75,55,60,7,500,15,19:19:19 NPK,55,Wheat,114
80,55,60,7,500,15,19:19:19 NPK,55,Wheat,114
85,55,60,7,500,15,19:19:19 NPK,55,Wheat,114
90,55,60,7,500,15,19:19:19 NPK,55,Wheat,114
95,55,60,7,500,15,19:19:19 NPK,55,Wheat,114
100,55,60,7,500,15,19:19:19 NPK,55,Wheat,114
60,40,50,7.5,600,20,19:19:19 NPK,55,Wheat,113
65,40,50,7.5,600,20,19:19:19 NPK,55,Wheat,113
70,40,50,7.5,600,20,19:19:19 NPK,55,Wheat,113
75,40,50,7.5,600,20,19:19:19 NPK,55,Wheat,113
80,40,50,7.5,600,20,19:19:19 NPK,55,Wheat,112
85,40,50,7.5,600,20,19:19:19 NPK,55,Wheat,112
90,40,50,7.5,600,20,19:19:19 NPK,55,Wheat,112
95,40,50,7.5,600,20,19:19:19 NPK,55,Wheat,112
100,40,50,7.5,600,20,19:19:19 NPK,55,Wheat,112
60,50,60,6,700,25,19:19:19 NPK,55,Wheat,114
65,50,60,6,700,25,19:19:19 NPK,55,Wheat,114
70,50,60,6,700,25,19:19:19 NPK,55,Wheat,113
75,50,60,6,700,25,Urea,55,Wheat,113
80,50,60,6,700,25,Urea,55,Wheat,113
85,50,60,6,700,25,Urea,55,Wheat,113
90,50,60,6,700,25,Urea,55,Wheat,112
95,50,60,6,700,25,Urea,55,Wheat,112
100,50,60,6,700,25,Urea,55,Wheat,113
60,55,40,6.5,800,15,Urea,55,Wheat,114
65,55,40,6.5,800,15,Urea,55,Wheat,114
70,55,40,6.5,800,15,Urea,55,Wheat,114
75,55,40,6.5,800,15,Urea,55,Wheat,113
80,55,40,6.5,800,15,Urea,55,Wheat,113
85,55,40,6.5,800,15,Urea,55,Wheat,113
90,55,40,6.5,800,15,Urea,55,Wheat,113
95,55,40,6.5,800,15,Urea,55,Wheat,113
100,55,40,6.5,800,15,Urea,55,Wheat,113
60,60,45,7,900,20,Urea,55,Wheat,114
65,60,45,7,900,20,Urea,55,Wheat,113
70,60,45,7,900,20,Urea,55,Wheat,113
75,60,45,7,900,20,Urea,55,Wheat,113
80,60,45,7,900,20,Urea,55,Wheat,113
85,60,45,7,900,20,Urea,55,Wheat,113
90,60,45,7,900,20,Urea,55,Wheat,112
95,60,45,7,900,20,Urea,55,Wheat,112
100,60,45,7,900,20,Urea,55,Wheat,113
60,40,55,7.5,1000,25,Urea,55,Wheat,116
65,40,55,7.5,1000,25,19:19:19 NPK,55,Wheat,116
70,40,55,7.5,1000,25,19:19:19 NPK,55,Wheat,115
75,40,55,7.5,1000,25,19:19:19 NPK,55,Wheat,115
80,40,55,7.5,1000,25,19:19:19 NPK,55,Wheat,115
85,40,55,7.5,1000,25,19:19:19 NPK,55,Wheat,115
90,40,55,7.5,1000,25,19:19:19 NPK,55,Wheat,115
95,40,55,7.5,1000,25,19:19:19 NPK,55,Wheat,115
100,40,55,7.5,1000,25,19:19:19 NPK,55,Wheat,115
60,45,60,6,500,15,19:19:19 NPK,55,Wheat,115
65,45,60,6,500,15,19:19:19 NPK,55,Wheat,115
70,45,60,6,500,15,19:19:19 NPK,55,Wheat,115
75,45,60,6,500,15,19:19:19 NPK,55,Wheat,115
80,45,60,6,500,15,19:19:19 NPK,55,Wheat,115
85,45,60,6,500,15,19:19:19 NPK,55,Wheat,114
90,45,60,6,500,15,19:19:19 NPK,55,Wheat,114
95,45,60,6,500,15,19:19:19 NPK,55,Wheat,114
100,45,60,6,500,15,19:19:19 NPK,55,Wheat,114
60,50,40,6.5,600,20,19:19:19 NPK,55,Wheat,113
65,50,40,6.5,600,20,19:19:19 NPK,55,Wheat,113
70,50,40,6.5,600,20,19:19:19 NPK,55,Wheat,113
75,50,40,6.5,600,20,19:19:19 NPK,55,Wheat,113
80,50,40,6.5,600,20,19:19:19 NPK,55,Wheat,112
85,50,40,6.5,600,20,19:19:19 NPK,55,Wheat,112
90,50,40,6.5,600,20,19:19:19 NPK,55,Wheat,112
95,50,40,6.5,600,20,19:19:19 NPK,55,Wheat,112
100,50,40,6.5,600,20,Urea,55,Wheat,112
60,55,45,7,700,25,Urea,55,Wheat,113
65,55,45,7,700,25,Urea,55,Wheat,113
70,55,45,7,700,25,Urea,55,Wheat,113
75,55,45,7,700,25,Urea,55,Wheat,112
80,55,45,7,700,25,Urea,55,Wheat,112
85,55,45,7,700,25,Urea,55,Wheat,112
90,55,45,7,700,25,Urea,55,Wheat,112
95,55,45,7,700,25,Urea,55,Wheat,112
100,55,45,7,700,25,Urea,55,Wheat,112
60,60,50,7.5,800,15,Urea,55,Wheat,114
65,60,50,7.5,800,15,Urea,55,Wheat,114
70,60,50,7.5,800,15,Urea,55,Wheat,113
75,60,50,7.5,800,15,Urea,55,Wheat,113
80,60,50,7.5,800,15,Urea,55,Wheat,113
85,60,50,7.5,800,15,Urea,55,Wheat,113
90,60,50,7.5,800,15,Urea,55,Wheat,112
95,60,50,7.5,800,15,Urea,55,Wheat,112
100,60,50,7.5,800,15,Urea,55,Wheat,113
60,40,60,6,900,20,Urea,55,Wheat,115
65,40,60,6,900,20,Urea,55,Wheat,114
70,40,60,6,900,20,Urea,55,Wheat,114
75,40,60,6,900,20,Urea,55,Wheat,114
80,40,60,6,900,20,Urea,55,Wheat,114
85,40,60,6,900,20,Urea,55,Wheat,114
90,40,60,6,900,20,19:19:19 NPK,55,Wheat,113
95,40,60,6,900,20,19:19:19 NPK,55,Wheat,113
100,40,60,6,900,20,19:19:19 NPK,55,Wheat,114
60,45,40,6.5,1000,25,19:19:19 NPK,55,Wheat,116
65,45,40,6.5,1000,25,19:19:19 NPK,55,Wheat,116
70,45,40,6.5,1000,25,19:19:19 NPK,55,Wheat,115
75,45,40,6.5,1000,25,19:19:19 NPK,55,Wheat,115
80,45,40,6.5,1000,25,19:19:19 NPK,55,Wheat,115
85,45,40,6.5,1000,25,19:19:19 NPK,55,Wheat,115
90,45,40,6.5,1000,25,19:19:19 NPK,55,Wheat,114
95,45,40,6.5,1000,25,19:19:19 NPK,55,Wheat,115
100,45,40,6.5,1000,25,19:19:19 NPK,55,Wheat,115
60,50,45,7,500,15,19:19:19 NPK,55,Wheat,115
65,50,45,7,500,15,19:19:19 NPK,55,Wheat,114
70,50,45,7,500,15,19:19:19 NPK,55,Wheat,114
75,50,45,7,500,15,19:19:19 NPK,55,Wheat,114
80,50,45,7,500,15,19:19:19 NPK,55,Wheat,114
85,50,45,7,500,15,19:19:19 NPK,55,Wheat,113
90,50,45,7,500,15,19:19:19 NPK,55,Wheat,113
95,50,45,7,500,15,19:19:19 NPK,55,Wheat,113
100,50,45,7,500,15,19:19:19 NPK,55,Wheat,113
60,55,50,7.5,600,20,19:19:19 NPK,55,Wheat,112
65,55,50,7.5,600,20,19:19:19 NPK,55,Wheat,112
70,55,50,7.5,600,20,19:19:19 NPK,55,Wheat,112
75,55,50,7.5,600,20,19:19:19 NPK,55,Wheat,112
80,55,50,7.5,600,20,Urea,55,Wheat,111
85,55,50,7.5,600,20,Urea,55,Wheat,111
90,55,50,7.5,600,20,Urea,55,Wheat,111
95,55,50,7.5,600,20,Urea,55,Wheat,111
100,55,50,7.5,600,20,Urea,55,Wheat,111
60,60,55,6,700,25,Urea,55,Wheat,114
65,60,55,6,700,25,Urea,55,Wheat,113
70,60,55,6,700,25,Urea,55,Wheat,113
75,60,55,6,700,25,Urea,55,Wheat,113
80,60,55,6,700,25,Urea,55,Wheat,113
85,60,55,6,700,25,Urea,55,Wheat,113
90,60,55,6,700,25,Urea,55,Wheat,112
95,60,55,6,700,25,Urea,55,Wheat,112
100,60,55,6,700,25,Urea,55,Wheat,113
20,30,20,6,500,25,Chilated Micronutrient,55,Groundnut,126
25,30,20,6,500,25,Chilated Micronutrient,55,Groundnut,125
30,30,20,6,500,25,Chilated Micronutrient,55,Groundnut,124
20,35,25,6.5,600,30,Chilated Micronutrient,55,Groundnut,124
25,35,25,6.5,600,30,Chilated Micronutrient,55,Groundnut,123
30,35,25,6.5,600,30,Chilated Micronutrient,55,Groundnut,122
20,40,20,7,500,25,Chilated Micronutrient,55,Groundnut,125
25,40,20,7,500,25,Chilated Micronutrient,55,Groundnut,124
30,40,20,7,500,25,Chilated Micronutrient,55,Groundnut,123
20,30,25,7.5,600,30,SSP,55,Groundnut,124
25,30,25,7.5,600,30,SSP,55,Groundnut,123
30,30,25,7.5,600,30,SSP,55,Groundnut,123
20,35,20,6,500,25,SSP,55,Groundnut,125
25,35,20,6,500,25,SSP,55,Groundnut,124
30,35,20,6,500,25,SSP,55,Groundnut,124
20,40,25,6.5,600,30,SSP,55,Groundnut,123
25,40,25,6.5,600,30,SSP,55,Groundnut,122
30,40,25,6.5,600,30,SSP,55,Groundnut,122
50,25,30,6,500,25,Chilated Micronutrient,55,Groundnut,127
55,25,30,6,500,25,Chilated Micronutrient,55,Groundnut,128
60,25,30,6,500,25,Chilated Micronutrient,55,Groundnut,129
50,30,35,6.5,600,30,Chilated Micronutrient,55,Groundnut,127
55,30,35,6.5,600,30,Chilated Micronutrient,55,Groundnut,128
60,30,35,6.5,600,30,Chilated Micronutrient,55,Groundnut,129
50,25,40,7,500,25,Chilated Micronutrient,55,Groundnut,129
55,25,40,7,500,25,Chilated Micronutrient,55,Groundnut,130
60,25,40,7,500,25,Chilated Micronutrient,55,Groundnut,131
50,30,30,7.5,600,30,SSP,55,Groundnut,126
55,30,30,7.5,600,30,SSP,55,Groundnut,127
60,30,30,7.5,600,30,SSP,55,Groundnut,128
50,25,35,6,500,25,SSP,55,Groundnut,128
55,25,35,6,500,25,SSP,55,Groundnut,129
60,25,35,6,500,25,SSP,55,Groundnut,130
50,30,40,6.5,600,30,SSP,55,Groundnut,128
55,30,40,6.5,600,30,SSP,55,Groundnut,129
60,30,40,6.5,600,30,SSP,55,Groundnut,129
40,20,20,5.5,500,25,Chilated Micronutrient,55,Groundnut,127
45,20,20,5.5,500,25,Chilated Micronutrient,55,Groundnut,128
50,20,20,5.5,500,25,Chilated Micronutrient,55,Groundnut,129
40,30,30,6,600,30,Chilated Micronutrient,55,Groundnut,124
45,30,30,6,600,30,Chilated Micronutrient,55,Groundnut,125
50,30,30,6,600,30,Chilated Micronutrient,55,Groundnut,126
40,20,30,6.5,500,25,Chilated Micronutrient,55,Groundnut,126
45,20,30,6.5,500,25,Chilated Micronutrient,55,Groundnut,127
50,20,30,6.5,500,25,Chilated Micronutrient,55,Groundnut,128
40,30,20,7,600,30,SSP,55,Groundnut,125
45,30,20,7,600,30,SSP,55,Groundnut,126
50,30,20,7,600,30,SSP,55,Groundnut,127
120,60,40,6,500,20,Urea,65,Maize,108
125,60,40,6,500,20,Urea,65,Maize,108
130,60,40,6,500,20,Urea,65,Maize,108
135,60,40,6,500,20,Urea,65,Maize,108
140,60,40,6,500,20,Urea,65,Maize,108
145,60,40,6,500,20,Urea,65,Maize,108
150,60,40,6,500,20,Urea,65,Maize,108
120,65,45,6.5,600,25,Urea,65,Maize,106
125,65,45,6.5,600,25,Urea,65,Maize,106
130,65,45,6.5,600,25,Urea,65,Maize,106
135,65,45,6.5,600,25,Urea,65,Maize,106
140,65,45,6.5,600,25,Urea,65,Maize,106
145,65,45,6.5,600,25,Urea,65,Maize,106
150,65,45,6.5,600,25,Urea,65,Maize,106
120,70,50,7,700,30,Urea,65,Maize,107
125,70,50,7,700,30,Urea,65,Maize,107
130,70,50,7,700,30,Urea,65,Maize,107
135,70,50,7,700,30,Urea,65,Maize,107
140,70,50,7,700,30,Urea,65,Maize,107
145,70,50,7,700,30,Urea,65,Maize,107
150,70,50,7,700,30,Urea,65,Maize,107
120,75,55,7.5,500,20,Urea,65,Maize,108
125,75,55,7.5,500,20,Urea,65,Maize,107
130,75,55,7.5,500,20,Urea,65,Maize,107
135,75,55,7.5,500,20,Urea,65,Maize,107
140,75,55,7.5,500,20,Urea,65,Maize,107
145,75,55,7.5,500,20,Urea,65,Maize,107
150,75,55,7.5,500,20,Urea,65,Maize,108
120,80,60,6,600,25,Urea,65,Maize,107
125,80,60,6,600,25,Urea,65,Maize,107
130,80,60,6,600,25,Urea,65,Maize,107
135,80,60,6,600,25,Urea,65,Maize,107
140,80,60,6,600,25,Urea,65,Maize,107
145,80,60,6,600,25,Urea,65,Maize,107
150,80,60,6,600,25,Urea,65,Maize,107
120,60,45,6.5,700,30,SSP,65,Maize,108
125,60,45,6.5,700,30,SSP,65,Maize,108
130,60,45,6.5,700,30,SSP,65,Maize,108
135,60,45,6.5,700,30,SSP,65,Maize,108
140,60,45,6.5,700,30,SSP,65,Maize,108
145,60,45,6.5,700,30,SSP,65,Maize,108
150,60,45,6.5,700,30,SSP,65,Maize,108
120,65,50,7,500,20,SSP,65,Maize,107
125,65,50,7,500,20,SSP,65,Maize,107
130,65,50,7,500,20,SSP,65,Maize,107
135,65,50,7,500,20,SSP,65,Maize,107
140,65,50,7,500,20,SSP,65,Maize,107
145,65,50,7,500,20,SSP,65,Maize,107
150,65,50,7,500,20,SSP,65,Maize,107
120,70,55,7.5,600,25,SSP,65,Maize,106
125,70,55,7.5,600,25,SSP,65,Maize,106
130,70,55,7.5,600,25,SSP,65,Maize,106
135,70,55,7.5,600,25,SSP,65,Maize,106
140,70,55,7.5,600,25,SSP,65,Maize,106
145,70,55,7.5,600,25,SSP,65,Maize,106
150,70,55,7.5,600,25,SSP,65,Maize,106
120,75,60,6,700,30,SSP,65,Maize,108
125,75,60,6,700,30,SSP,65,Maize,108
130,75,60,6,700,30,SSP,65,Maize,108
135,75,60,6,700,30,SSP,65,Maize,108
140,75,60,6,700,30,SSP,65,Maize,108
145,75,60,6,700,30,SSP,65,Maize,108
150,75,60,6,700,30,SSP,65,Maize,109
120,80,40,6.5,500,20,SSP,65,Maize,108
125,80,40,6.5,500,20,SSP,65,Maize,108
130,80,40,6.5,500,20,SSP,65,Maize,108
135,80,40,6.5,500,20,SSP,65,Maize,108
140,80,40,6.5,500,20,SSP,65,Maize,108
145,80,40,6.5,500,20,SSP,65,Maize,108
150,80,40,6.5,500,20,SSP,65,Maize,108
120,60,50,7,600,25,MOP,65,Maize,106
125,60,50,7,600,25,MOP,65,Maize,106
130,60,50,7,600,25,MOP,65,Maize,106
135,60,50,7,600,25,MOP,65,Maize,106
140,60,50,7,600,25,MOP,65,Maize,106
145,60,50,7,600,25,MOP,65,Maize,106
150,60,50,7,600,25,MOP,65,Maize,106
120,65,55,7.5,700,30,MOP,65,Maize,108
125,65,55,7.5,700,30,MOP,65,Maize,108
130,65,55,7.5,700,30,MOP,65,Maize,108
135,65,55,7.5,700,30,MOP,65,Maize,108
140,65,55,7.5,700,30,MOP,65,Maize,108
145,65,55,7.5,700,30,MOP,65,Maize,108
150,65,55,7.5,700,30,MOP,65,Maize,108
120,70,60,6,500,20,MOP,65,Maize,108
125,70,60,6,500,20,MOP,65,Maize,108
130,70,60,6,500,20,MOP,65,Maize,107
135,70,60,6,500,20,MOP,65,Maize,107
140,70,60,6,500,20,MOP,65,Maize,107
145,70,60,6,500,20,MOP,65,Maize,108
150,70,60,6,500,20,MOP,65,Maize,108
120,75,40,6.5,600,25,MOP,65,Maize,107
125,75,40,6.5,600,25,MOP,65,Maize,107
130,75,40,6.5,600,25,MOP,65,Maize,106
135,75,40,6.5,600,25,MOP,65,Maize,106
140,75,40,6.5,600,25,MOP,65,Maize,106
145,75,40,6.5,600,25,MOP,65,Maize,107
150,75,40,6.5,600,25,MOP,65,Maize,107
120,80,45,7,700,30,MOP,65,Maize,108
125,80,45,7,700,30,MOP,65,Maize,108
130,80,45,7,700,30,MOP,65,Maize,108
135,80,45,7,700,30,MOP,65,Maize,108
140,80,45,7,700,30,MOP,65,Maize,108
145,80,45,7,700,30,MOP,65,Maize,108
150,80,45,7,700,30,MOP,65,Maize,108
120,60,55,7.5,500,20,Urea,65,Maize,108
125,60,55,7.5,500,20,Urea,65,Maize,108
130,60,55,7.5,500,20,Urea,65,Maize,108
135,60,55,7.5,500,20,Urea,65,Maize,107
140,60,55,7.5,500,20,Urea,65,Maize,108
145,60,55,7.5,500,20,Urea,65,Maize,108
150,60,55,7.5,500,20,Urea,65,Maize,108
120,65,60,6,600,25,Urea,65,Maize,107
125,65,60,6,600,25,Urea,65,Maize,107
130,65,60,6,600,25,Urea,65,Maize,107
135,65,60,6,600,25,Urea,65,Maize,106
140,65,60,6,600,25,Urea,65,Maize,107
145,65,60,6,600,25,Urea,65,Maize,107
150,65,60,6,600,25,Urea,65,Maize,107
120,70,40,6.5,700,30,Urea,65,Maize,108
125,70,40,6.5,700,30,Urea,65,Maize,108
130,70,40,6.5,700,30,Urea,65,Maize,108
135,70,40,6.5,700,30,Urea,65,Maize,108
140,70,40,6.5,700,30,Urea,65,Maize,108
145,70,40,6.5,700,30,Urea,65,Maize,108
150,70,40,6.5,700,30,Urea,65,Maize,108
120,75,45,7,500,20,Urea,65,Maize,107
125,75,45,7,500,20,Urea,65,Maize,107
130,75,45,7,500,20,Urea,65,Maize,107
135,75,45,7,500,20,Urea,65,Maize,107
140,75,45,7,500,20,Urea,65,Maize,107
145,75,45,7,500,20,Urea,65,Maize,107
150,75,45,7,500,20,Urea,65,Maize,107
120,80,50,7.5,600,25,Urea,65,Maize,106
125,80,50,7.5,600,25,Urea,65,Maize,106
130,80,50,7.5,600,25,Urea,65,Maize,106
135,80,50,7.5,600,25,Urea,65,Maize,106
140,80,50,7.5,600,25,Urea,65,Maize,106
145,80,50,7.5,600,25,Urea,65,Maize,106
150,80,50,7.5,600,25,Urea,65,Maize,106
120,60,60,6,700,30,SSP,65,Maize,109
125,60,60,6,700,30,SSP,65,Maize,109
130,60,60,6,700,30,SSP,65,Maize,108
135,60,60,6,700,30,SSP,65,Maize,108
140,60,60,6,700,30,SSP,65,Maize,108
145,60,60,6,700,30,SSP,65,Maize,109
150,60,60,6,700,30,SSP,65,Maize,109
120,65,40,6.5,500,20,SSP,65,Maize,108
125,65,40,6.5,500,20,SSP,65,Maize,108
130,65,40,6.5,500,20,SSP,65,Maize,108
135,65,40,6.5,500,20,SSP,65,Maize,107
140,65,40,6.5,500,20,SSP,65,Maize,108
145,65,40,6.5,500,20,SSP,65,Maize,108
150,65,40,6.5,500,20,SSP,65,Maize,108
120,70,45,7,600,25,SSP,65,Maize,106
125,70,45,7,600,25,SSP,65,Maize,106
130,70,45,7,600,25,SSP,65,Maize,106
135,70,45,7,600,25,SSP,65,Maize,106
140,70,45,7,600,25,SSP,65,Maize,106
145,70,45,7,600,25,SSP,65,Maize,106
150,70,45,7,600,25,SSP,65,Maize,106
120,75,50,7.5,700,30,SSP,65,Maize,108
125,75,50,7.5,700,30,SSP,65,Maize,107
130,75,50,7.5,700,30,SSP,65,Maize,107
135,75,50,7.5,700,30,SSP,65,Maize,107
140,75,50,7.5,700,30,SSP,65,Maize,107
145,75,50,7.5,700,30,SSP,65,Maize,107
150,75,50,7.5,700,30,SSP,65,Maize,108
120,80,55,6,500,20,SSP,65,Maize,108
125,80,55,6,500,20,SSP,65,Maize,108
130,80,55,6,500,20,SSP,65,Maize,108
135,80,55,6,500,20,SSP,65,Maize,107
140,80,55,6,500,20,SSP,65,Maize,108
145,80,55,6,500,20,SSP,65,Maize,108
150,80,55,6,500,20,SSP,65,Maize,108
40,20,20,5.5,300,20,Urea,60,Tur,158
45,20,20,5.5,300,20,Urea,60,Tur,159
50,20,20,5.5,300,20,Urea,60,Tur,160
40,25,25,6,400,25,Urea,60,Tur,155
45,25,25,6,400,25,Urea,60,Tur,156
50,25,25,6,400,25,Urea,60,Tur,157
40,30,30,6.5,300,30,Urea,60,Tur,156
45,30,30,6.5,300,30,Urea,60,Tur,157
50,30,30,6.5,300,30,Urea,60,Tur,158
40,20,25,5.5,400,20,MOP,60,Tur,157
45,20,25,5.5,400,20,MOP,60,Tur,158
50,20,25,5.5,400,20,MOP,60,Tur,159
40,25,30,6,300,25,MOP,60,Tur,157
45,25,30,6,300,25,MOP,60,Tur,158
50,25,30,6,300,25,MOP,60,Tur,159
40,30,20,6.5,400,30,MOP,60,Tur,155
45,30,20,6.5,400,30,MOP,60,Tur,155
50,30,20,6.5,400,30,MOP,60,Tur,156
40,20,30,5.5,300,20,SSP,60,Tur,159
45,20,30,5.5,300,20,SSP,60,Tur,160
50,20,30,5.5,300,20,SSP,60,Tur,161
40,25,20,6,400,25,SSP,60,Tur,156
45,25,20,6,400,25,SSP,60,Tur,156
50,25,20,6,400,25,SSP,60,Tur,157
40,30,25,6.5,300,30,SSP,60,Tur,155
45,30,25,6.5,300,30,SSP,60,Tur,156
50,30,25,6.5,300,30,SSP,60,Tur,157
20,30,20,6,800,20,Urea,60,Urad,84
25,30,20,6,800,20,Urea,60,Urad,84
30,30,20,6,800,20,Urea,60,Urad,84
20,35,25,6.5,900,25,Urea,60,Urad,83
25,35,25,6.5,900,25,Urea,60,Urad,83
30,35,25,6.5,900,25,Urea,60,Urad,82
20,40,30,7,1000,20,Urea,60,Urad,85
25,40,30,7,1000,20,Urea,60,Urad,85
30,40,30,7,1000,20,Urea,60,Urad,85
20,30,25,6,800,25,SSP,60,Urad,83
25,30,25,6,800,25,SSP,60,Urad,83
30,30,25,6,800,25,SSP,60,Urad,82
20,35,30,6.5,900,20,SSP,60,Urad,84
25,35,30,6.5,900,20,SSP,60,Urad,84
30,35,30,6.5,900,20,SSP,60,Urad,84
20,40,20,7,1000,25,SSP,60,Urad,85
25,40,20,7,1000,25,SSP,60,Urad,84
30,40,20,7,1000,25,SSP,60,Urad,84
20,30,30,6,800,20,DAP,60,Urad,84
25,30,30,6,800,20,DAP,60,Urad,84
30,30,30,6,800,20,DAP,60,Urad,84
20,35,20,6.5,900,25,DAP,60,Urad,84
25,35,20,6.5,900,25,DAP,60,Urad,83
30,35,20,6.5,900,25,DAP,60,Urad,83
20,40,25,7,1000,20,DAP,60,Urad,85
25,40,25,7,1000,20,DAP,60,Urad,84
30,40,25,7,1000,20,DAP,60,Urad,84
20,10,5,6,600,25,MOP,60,Moong,82
25,10,5,6,600,25,MOP,60,Moong,81
30,10,5,6,600,25,MOP,60,Moong,81
20,15,10,6.5,700,30,MOP,60,Moong,80
25,15,10,6.5,700,30,MOP,60,Moong,80
30,15,10,6.5,700,30,MOP,60,Moong,80
20,20,15,7,800,35,MOP,60,Moong,80
25,20,15,7,800,35,MOP,60,Moong,80
30,20,15,7,800,35,MOP,60,Moong,79
20,10,10,6,600,25,Urea,60,Moong,81
25,10,10,6,600,25,Urea,60,Moong,80
30,10,10,6,600,25,Urea,60,Moong,80
20,15,15,6.5,700,30,Urea,60,Moong,80
25,15,15,6.5,700,30,Urea,60,Moong,79
30,15,15,6.5,700,30,Urea,60,Moong,79
20,20,5,7,800,35,Urea,60,Moong,81
25,20,5,7,800,35,Urea,60,Moong,81
30,20,5,7,800,35,Urea,60,Moong,81
20,10,15,6,600,25,SSP,60,Moong,80
25,10,15,6,600,25,SSP,60,Moong,80
30,10,15,6,600,25,SSP,60,Moong,79
20,15,5,6.5,700,30,SSP,60,Moong,81
25,15,5,6.5,700,30,SSP,60,Moong,81
30,15,5,6.5,700,30,SSP,60,Moong,80
20,20,10,7,800,35,SSP,60,Moong,81
25,20,10,7,800,35,SSP,60,Moong,80
30,20,10,7,800,35,SSP,60,Moong,80
40,25,10,6,600,20,18:46:00 NPK,60,Gram,100
45,25,10,6,600,20,18:46:00 NPK,60,Gram,101
50,25,10,6,600,20,18:46:00 NPK,60,Gram,101
40,30,15,6.5,700,25,18:46:00 NPK,60,Gram,98
45,30,15,6.5,700,25,18:46:00 NPK,60,Gram,99
50,30,15,6.5,700,25,18:46:00 NPK,60,Gram,99
40,25,15,6,600,20,Sulphur,60,Gram,99
45,25,15,6,600,20,Sulphur,60,Gram,100
50,25,15,6,600,20,Sulphur,60,Gram,100
40,30,10,6.5,700,25,Sulphur,60,Gram,99
45,30,10,6.5,700,25,Sulphur,60,Gram,99
50,30,10,6.5,700,25,Sulphur,60,Gram,100
40,20,20,6,600,20,Urea,60,Masoor,97
45,20,20,6,600,20,Urea,60,Masoor,97
50,20,20,6,600,20,Urea,60,Masoor,97
40,25,25,6.5,700,25,Urea,60,Masoor,97
45,25,25,6.5,700,25,Urea,60,Masoor,97
50,25,25,6.5,700,25,Urea,60,Masoor,97
40,20,25,6,600,20,DAP,60,Masoor,97
45,20,25,6,600,20,DAP,60,Masoor,97
50,20,25,6,600,20,DAP,60,Masoor,97
40,25,20,6.5,700,25,DAP,60,Masoor,97
45,25,20,6.5,700,25,DAP,60,Masoor,97
50,25,20,6.5,700,25,DAP,60,Masoor,97
100,60,60,7.5,500,10,Magnesium Sulphate,55,Cotton,173
105,60,60,7.5,500,10,Magnesium Sulphate,55,Cotton,173
110,60,60,7.5,500,10,Magnesium Sulphate,55,Cotton,173
115,60,60,7.5,500,10,Magnesium Sulphate,55,Cotton,172
120,60,60,7.5,500,10,Magnesium Sulphate,55,Cotton,172
100,65,65,8,600,15,Magnesium Sulphate,55,Cotton,172
105,65,65,8,600,15,Magnesium Sulphate,55,Cotton,172
110,65,65,8,600,15,Magnesium Sulphate,55,Cotton,172
115,65,65,8,600,15,Magnesium Sulphate,55,Cotton,171
120,65,65,8,600,15,Magnesium Sulphate,55,Cotton,171
100,70,70,8.5,500,20,Magnesium Sulphate,55,Cotton,173
105,70,70,8.5,500,20,Magnesium Sulphate,55,Cotton,173
110,70,70,8.5,500,20,Magnesium Sulphate,55,Cotton,173
115,70,70,8.5,500,20,Magnesium Sulphate,55,Cotton,172
120,70,70,8.5,500,20,Magnesium Sulphate,55,Cotton,172
100,75,75,7.5,600,25,Magnesium Sulphate,55,Cotton,172
105,75,75,7.5,600,25,Magnesium Sulphate,55,Cotton,172
110,75,75,7.5,600,25,Magnesium Sulphate,55,Cotton,172
115,75,75,7.5,600,25,Magnesium Sulphate,55,Cotton,171
120,75,75,7.5,600,25,Magnesium Sulphate,55,Cotton,171
100,80,80,8,500,30,Magnesium Sulphate,55,Cotton,174
105,80,80,8,500,30,Magnesium Sulphate,55,Cotton,174
110,80,80,8,500,30,Magnesium Sulphate,55,Cotton,173
115,80,80,8,500,30,Magnesium Sulphate,55,Cotton,173
120,80,80,8,500,30,Magnesium Sulphate,55,Cotton,173
100,60,65,8.5,600,10,DAP,55,Cotton,173
105,60,65,8.5,600,10,DAP,55,Cotton,173
110,60,65,8.5,600,10,DAP,55,Cotton,172
115,60,65,8.5,600,10,DAP,55,Cotton,172
120,60,65,8.5,600,10,DAP,55,Cotton,172
100,65,70,7.5,500,15,DAP,55,Cotton,174
105,65,70,7.5,500,15,DAP,55,Cotton,173
110,65,70,7.5,500,15,DAP,55,Cotton,173
115,65,70,7.5,500,15,DAP,55,Cotton,173
120,65,70,7.5,500,15,DAP,55,Cotton,173
100,70,75,8,600,20,DAP,55,Cotton,173
105,70,75,8,600,20,DAP,55,Cotton,173
110,70,75,8,600,20,DAP,55,Cotton,172
115,70,75,8,600,20,DAP,55,Cotton,172
120,70,75,8,600,20,DAP,55,Cotton,172
100,75,80,8.5,500,25,DAP,55,Cotton,174
105,75,80,8.5,500,25,DAP,55,Cotton,173
110,75,80,8.5,500,25,DAP,55,Cotton,173
115,75,80,8.5,500,25,DAP,55,Cotton,173
120,75,80,8.5,500,25,DAP,55,Cotton,173
100,80,60,7.5,600,30,DAP,55,Cotton,171
105,80,60,7.5,600,30,DAP,55,Cotton,171
110,80,60,7.5,600,30,DAP,55,Cotton,170
115,80,60,7.5,600,30,DAP,55,Cotton,170
120,80,60,7.5,600,30,DAP,55,Cotton,170
100,60,70,8,500,10,12:32:16 NPK,55,Cotton,174
105,60,70,8,500,10,12:32:16 NPK,55,Cotton,174
110,60,70,8,500,10,12:32:16 NPK,55,Cotton,174
115,60,70,8,500,10,12:32:16 NPK,55,Cotton,173
120,60,70,8,500,10,12:32:16 NPK,55,Cotton,173
100,65,75,8.5,600,15,12:32:16 NPK,55,Cotton,173
105,65,75,8.5,600,15,12:32:16 NPK,55,Cotton,173
110,65,75,8.5,600,15,12:32:16 NPK,55,Cotton,173
115,65,75,8.5,600,15,12:32:16 NPK,55,Cotton,173
120,65,75,8.5,600,15,12:32:16 NPK,55,Cotton,173
100,70,80,7.5,500,20,12:32:16 NPK,55,Cotton,174
105,70,80,7.5,500,20,12:32:16 NPK,55,Cotton,174
110,70,80,7.5,500,20,12:32:16 NPK,55,Cotton,174
115,70,80,7.5,500,20,12:32:16 NPK,55,Cotton,173
120,70,80,7.5,500,20,12:32:16 NPK,55,Cotton,173
100,75,60,8,600,25,12:32:16 NPK,55,Cotton,171
105,75,60,8,600,25,12:32:16 NPK,55,Cotton,170
110,75,60,8,600,25,12:32:16 NPK,55,Cotton,170
115,75,60,8,600,25,12:32:16 NPK,55,Cotton,170
120,75,60,8,600,25,12:32:16 NPK,55,Cotton,170
100,80,65,8.5,500,30,12:32:16 NPK,55,Cotton,172
105,80,65,8.5,500,30,12:32:16 NPK,55,Cotton,172
110,80,65,8.5,500,30,12:32:16 NPK,55,Cotton,172
115,80,65,8.5,500,30,12:32:16 NPK,55,Cotton,171
120,80,65,8.5,500,30,12:32:16 NPK,55,Cotton,171
100,60,75,7.5,600,10,Magnesium Sulphate,55,Cotton,174
105,60,75,7.5,600,10,Magnesium Sulphate,55,Cotton,174
110,60,75,7.5,600,10,Magnesium Sulphate,55,Cotton,173
115,60,75,7.5,600,10,Magnesium Sulphate,55,Cotton,173
120,60,75,7.5,600,10,Magnesium Sulphate,55,Cotton,173
100,65,80,8,500,15,Magnesium Sulphate,55,Cotton,175
105,65,80,8,500,15,Magnesium Sulphate,55,Cotton,174
110,65,80,8,500,15,Magnesium Sulphate,55,Cotton,174
115,65,80,8,500,15,Magnesium Sulphate,55,Cotton,174
120,65,80,8,500,15,Magnesium Sulphate,55,Cotton,174
100,70,60,8.5,600,20,Magnesium Sulphate,55,Cotton,171
105,70,60,8.5,600,20,Magnesium Sulphate,55,Cotton,171
110,70,60,8.5,600,20,Magnesium Sulphate,55,Cotton,171
115,70,60,8.5,600,20,Magnesium Sulphate,55,Cotton,170
120,70,60,8.5,600,20,Magnesium Sulphate,55,Cotton,170
100,75,65,7.5,500,25,Magnesium Sulphate,55,Cotton,172
105,75,65,7.5,500,25,Magnesium Sulphate,55,Cotton,172
110,75,65,7.5,500,25,Magnesium Sulphate,55,Cotton,171
115,75,65,7.5,500,25,Magnesium Sulphate,55,Cotton,171
120,75,65,7.5,500,25,Magnesium Sulphate,55,Cotton,171
100,80,70,8,600,30,Magnesium Sulphate,55,Cotton,172
105,80,70,8,600,30,Magnesium Sulphate,55,Cotton,172
110,80,70,8,600,30,Magnesium Sulphate,55,Cotton,171
115,80,70,8,600,30,Magnesium Sulphate,55,Cotton,171
120,80,70,8,600,30,Magnesium Sulphate,55,Cotton,171
100,60,80,8.5,500,10,DAP,55,Cotton,175
105,60,80,8.5,500,10,DAP,55,Cotton,175
110,60,80,8.5,500,10,DAP,55,Cotton,175
115,60,80,8.5,500,10,DAP,55,Cotton,175
120,60,80,8.5,500,10,DAP,55,Cotton,174
100,65,60,7.5,600,15,DAP,55,Cotton,172
105,65,60,7.5,600,15,DAP,55,Cotton,172
110,65,60,7.5,600,15,DAP,55,Cotton,171
115,65,60,7.5,600,15,DAP,55,Cotton,171
120,65,60,7.5,600,15,DAP,55,Cotton,171
100,70,65,8,500,20,DAP,55,Cotton,173
105,70,65,8,500,20,DAP,55,Cotton,172
110,70,65,8,500,20,DAP,55,Cotton,172
115,70,65,8,500,20,DAP,55,Cotton,172
120,70,65,8,500,20,DAP,55,Cotton,172
100,75,70,8.5,600,25,DAP,55,Cotton,172
105,75,70,8.5,600,25,DAP,55,Cotton,171
110,75,70,8.5,600,25,DAP,55,Cotton,171
115,75,70,8.5,600,25,DAP,55,Cotton,171
120,75,70,8.5,600,25,DAP,55,Cotton,171
100,80,75,7.5,500,30,DAP,55,Cotton,173
105,80,75,7.5,500,30,DAP,55,Cotton,173
110,80,75,7.5,500,30,DAP,55,Cotton,173
115,80,75,7.5,500,30,DAP,55,Cotton,173
120,80,75,7.5,500,30,DAP,55,Cotton,172
50,30,20,6.5,600,20,10:26:26 NPK,50,Jowar,110
55,30,20,6.5,600,20,10:26:26 NPK,50,Jowar,110
60,30,20,6.5,600,20,10:26:26 NPK,50,Jowar,110
50,35,25,7,700,25,10:26:26 NPK,50,Jowar,107
55,35,25,7,700,25,10:26:26 NPK,50,Jowar,107
60,35,25,7,700,25,10:26:26 NPK,50,Jowar,108
50,40,30,7.5,600,30,10:26:26 NPK,50,Jowar,107
55,40,30,7.5,600,30,10:26:26 NPK,50,Jowar,107
60,40,30,7.5,600,30,10:26:26 NPK,50,Jowar,107
50,30,25,6.5,700,20,Urea,50,Jowar,109
55,30,25,6.5,700,20,Urea,50,Jowar,108
60,30,25,6.5,700,20,Urea,50,Jowar,109
50,35,30,7,600,25,Urea,50,Jowar,107
55,35,30,7,600,25,Urea,50,Jowar,107
60,35,30,7,600,25,Urea,50,Jowar,107
50,40,20,7.5,700,30,Urea,50,Jowar,108
55,40,20,7.5,700,30,Urea,50,Jowar,108
60,40,20,7.5,700,30,Urea,50,Jowar,108
50,30,30,6.5,600,20,SSP,50,Jowar,109
55,30,30,6.5,600,20,SSP,50,Jowar,108
60,30,30,6.5,600,20,SSP,50,Jowar,109
50,35,20,7,700,25,SSP,50,Jowar,108
55,35,20,7,700,25,SSP,50,Jowar,108
60,35,20,7,700,25,SSP,50,Jowar,108
50,40,25,7.5,600,30,SSP,50,Jowar,108
55,40,25,7.5,600,30,SSP,50,Jowar,107
60,40,25,7.5,600,30,SSP,50,Jowar,108
60,40,40,6,500,15,19:19:19 NPK,55,Wheat,116
65,40,40,6,500,15,19:19:19 NPK,55,Wheat,116
70,40,40,6,500,15,19:19:19 NPK,55,Wheat,115
75,40,40,6,500,15,19:19:19 NPK,55,Wheat,115
80,40,40,6,500,15,19:19:19 NPK,55,Wheat,115
60,45,45,6.5,600,20,19:19:19 NPK,55,Wheat,113
65,45,45,6.5,600,20,19:19:19 NPK,55,Wheat,113
70,45,45,6.5,600,20,19:19:19 NPK,55,Wheat,113
75,45,45,6.5,600,20,19:19:19 NPK,55,Wheat,113
80,45,45,6.5,600,20,19:19:19 NPK,55,Wheat,112
60,50,50,7,500,25,19:19:19 NPK,55,Wheat,114
65,50,50,7,500,25,19:19:19 NPK,55,Wheat,114
70,50,50,7,500,25,19:19:19 NPK,55,Wheat,114
75,50,50,7,500,25,19:19:19 NPK,55,Wheat,113
80,50,50,7,500,25,19:19:19 NPK,55,Wheat,113
60,55,55,7.5,600,30,19:19:19 NPK,55,Wheat,115
65,55,55,7.5,600,30,19:19:19 NPK,55,Wheat,115
70,55,55,7.5,600,30,19:19:19 NPK,55,Wheat,115
75,55,55,7.5,600,30,19:19:19 NPK,55,Wheat,114
80,55,55,7.5,600,30,19:19:19 NPK,55,Wheat,114
60,60,60,6,500,15,19:19:19 NPK,55,Wheat,115
65,60,60,6,500,15,19:19:19 NPK,55,Wheat,115
70,60,60,6,500,15,19:19:19 NPK,55,Wheat,115
75,60,60,6,500,15,19:19:19 NPK,55,Wheat,115
80,60,60,6,500,15,19:19:19 NPK,55,Wheat,114
60,40,45,6.5,600,20,Urea,55,Wheat,114
65,40,45,6.5,600,20,Urea,55,Wheat,113
70,40,45,6.5,600,20,Urea,55,Wheat,113
75,40,45,6.5,600,20,Urea,55,Wheat,113
80,40,45,6.5,600,20,Urea,55,Wheat,113
60,45,50,7,500,25,Urea,55,Wheat,115
65,45,50,7,500,25,Urea,55,Wheat,114
70,45,50,7,500,25,Urea,55,Wheat,114
75,45,50,7,500,25,Urea,55,Wheat,114
80,45,50,7,500,25,Urea,55,Wheat,114
60,50,55,7.5,600,30,Urea,55,Wheat,115
65,50,55,7.5,600,30,Urea,55,Wheat,115
70,50,55,7.5,600,30,Urea,55,Wheat,115
75,50,55,7.5,600,30,Urea,55,Wheat,114
80,50,55,7.5,600,30,Urea,55,Wheat,114
60,55,60,6,500,15,Urea,55,Wheat,115
65,55,60,6,500,15,Urea,55,Wheat,115
70,55,60,6,500,15,Urea,55,Wheat,115
75,55,60,6,500,15,Urea,55,Wheat,114
80,55,60,6,500,15,Urea,55,Wheat,114
60,60,40,6.5,600,20,Urea,55,Wheat,114
65,60,40,6.5,600,20,Urea,55,Wheat,113
70,60,40,6.5,600,20,Urea,55,Wheat,113
75,60,40,6.5,600,20,Urea,55,Wheat,113
80,60,40,6.5,600,20,Urea,55,Wheat,113
60,40,50,7,500,25,19:19:19 NPK,55,Wheat,115
65,40,50,7,500,25,19:19:19 NPK,55,Wheat,115
70,40,50,7,500,25,19:19:19 NPK,55,Wheat,115
75,40,50,7,500,25,19:19:19 NPK,55,Wheat,114
80,40,50,7,500,25,19:19:19 NPK,55,Wheat,114
60,45,55,7.5,600,30,19:19:19 NPK,55,Wheat,116
65,45,55,7.5,600,30,19:19:19 NPK,55,Wheat,115
70,45,55,7.5,600,30,19:19:19 NPK,55,Wheat,115
75,45,55,7.5,600,30,19:19:19 NPK,55,Wheat,115
80,45,55,7.5,600,30,19:19:19 NPK,55,Wheat,115
60,50,60,6,500,15,19:19:19 NPK,55,Wheat,115
65,50,60,6,500,15,19:19:19 NPK,55,Wheat,115
70,50,60,6,500,15,19:19:19 NPK,55,Wheat,115
75,50,60,6,500,15,19:19:19 NPK,55,Wheat,114
80,50,60,6,500,15,19:19:19 NPK,55,Wheat,114
60,55,40,6.5,600,20,19:19:19 NPK,55,Wheat,113
65,55,40,6.5,600,20,19:19:19 NPK,55,Wheat,113
70,55,40,6.5,600,20,19:19:19 NPK,55,Wheat,113
75,55,40,6.5,600,20,19:19:19 NPK,55,Wheat,112
80,55,40,6.5,600,20,19:19:19 NPK,55,Wheat,112
60,60,45,7,500,25,19:19:19 NPK,55,Wheat,115
65,60,45,7,500,25,19:19:19 NPK,55,Wheat,115
70,60,45,7,500,25,19:19:19 NPK,55,Wheat,114
75,60,45,7,500,25,19:19:19 NPK,55,Wheat,114
80,60,45,7,500,25,19:19:19 NPK,55,Wheat,114
60,40,55,7.5,600,30,Urea,55,Wheat,116
65,40,55,7.5,600,30,Urea,55,Wheat,116
70,40,55,7.5,600,30,Urea,55,Wheat,115
75,40,55,7.5,600,30,Urea,55,Wheat,115
80,40,55,7.5,600,30,Urea,55,Wheat,115
60,45,60,6,500,15,Urea,55,Wheat,115
65,45,60,6,500,15,Urea,55,Wheat,115
70,45,60,6,500,15,Urea,55,Wheat,115
75,45,60,6,500,15,Urea,55,Wheat,115
80,45,60,6,500,15,Urea,55,Wheat,115
60,50,40,6.5,600,20,Urea,55,Wheat,113
65,50,40,6.5,600,20,Urea,55,Wheat,113
70,50,40,6.5,600,20,Urea,55,Wheat,113
75,50,40,6.5,600,20,Urea,55,Wheat,113
80,50,40,6.5,600,20,Urea,55,Wheat,112
60,55,45,7,500,25,Urea,55,Wheat,114
65,55,45,7,500,25,Urea,55,Wheat,114
70,55,45,7,500,25,Urea,55,Wheat,114
75,55,45,7,500,25,Urea,55,Wheat,114
80,55,45,7,500,25,Urea,55,Wheat,113
60,60,50,7.5,600,30,Urea,55,Wheat,115
65,60,50,7.5,600,30,Urea,55,Wheat,115
70,60,50,7.5,600,30,Urea,55,Wheat,115
75,60,50,7.5,600,30,Urea,55,Wheat,114
80,60,50,7.5,600,30,Urea,55,Wheat,114
60,40,60,6,500,15,19:19:19 NPK,55,Wheat,116
65,40,60,6,500,15,19:19:19 NPK,55,Wheat,116
70,40,60,6,500,15,19:19:19 NPK,55,Wheat,115
75,40,60,6,500,15,19:19:19 NPK,55,Wheat,115
80,40,60,6,500,15,19:19:19 NPK,55,Wheat,115
60,45,40,6.5,600,20,19:19:19 NPK,55,Wheat,114
65,45,40,6.5,600,20,19:19:19 NPK,55,Wheat,113
70,45,40,6.5,600,20,19:19:19 NPK,55,Wheat,113
75,45,40,6.5,600,20,19:19:19 NPK,55,Wheat,113
80,45,40,6.5,600,20,19:19:19 NPK,55,Wheat,113
60,50,45,7,500,25,19:19:19 NPK,55,Wheat,115
65,50,45,7,500,25,19:19:19 NPK,55,Wheat,114
70,50,45,7,500,25,19:19:19 NPK,55,Wheat,114
75,50,45,7,500,25,19:19:19 NPK,55,Wheat,114
80,50,45,7,500,25,19:19:19 NPK,55,Wheat,114
60,55,50,7.5,600,30,19:19:19 NPK,55,Wheat,115
65,55,50,7.5,600,30,19:19:19 NPK,55,Wheat,114
70,55,50,7.5,600,30,19:19:19 NPK,55,Wheat,114
75,55,50,7.5,600,30,19:19:19 NPK,55,Wheat,114
80,55,50,7.5,600,30,19:19:19 NPK,55,Wheat,114
60,60,55,6,500,15,19:19:19 NPK,55,Wheat,115
65,60,55,6,500,15,19:19:19 NPK,55,Wheat,115
70,60,55,6,500,15,19:19:19 NPK,55,Wheat,114
75,60,55,6,500,15,19:19:19 NPK,55,Wheat,114
80,60,55,6,500,15,19:19:19 NPK,55,Wheat,114
120,60,60,6.5,1000,20,Urea,78,Sugarcane,473
125,60,60,6.5,1000,20,Urea,78,Sugarcane,473
130,60,60,6.5,1000,20,Urea,78,Sugarcane,472
135,60,60,6.5,1000,20,Urea,78,Sugarcane,472
140,60,60,6.5,1000,20,Urea,78,Sugarcane,473
145,60,60,6.5,1000,20,Urea,78,Sugarcane,473
150,60,60,6.5,1000,20,Urea,78,Sugarcane,474
120,65,65,7,1100,25,Urea,78,Sugarcane,468
125,65,65,7,1100,25,Urea,78,Sugarcane,468
130,65,65,7,1100,25,Urea,78,Sugarcane,467
135,65,65,7,1100,25,Urea,78,Sugarcane,467
140,65,65,7,1100,25,Urea,78,Sugarcane,468
145,65,65,7,1100,25,Urea,78,Sugarcane,469
150,65,65,7,1100,25,Urea,78,Sugarcane,469
120,70,70,7.5,1200,30,Urea,78,Sugarcane,469
125,70,70,7.5,1200,30,Urea,78,Sugarcane,468
130,70,70,7.5,1200,30,Urea,78,Sugarcane,467
135,70,70,7.5,1200,30,Urea,78,Sugarcane,468
140,70,70,7.5,1200,30,Urea,78,Sugarcane,468
145,70,70,7.5,1200,30,Urea,78,Sugarcane,469
150,70,70,7.5,1200,30,Urea,78,Sugarcane,470
120,75,75,8,1000,35,Urea,78,Sugarcane,470
125,75,75,8,1000,35,Urea,78,Sugarcane,469
130,75,75,8,1000,35,Urea,78,Sugarcane,469
135,75,75,8,1000,35,Urea,78,Sugarcane,469
140,75,75,8,1000,35,Urea,78,Sugarcane,470
145,75,75,8,1000,35,Urea,78,Sugarcane,470
150,75,75,8,1000,35,Urea,78,Sugarcane,471
120,80,80,8.5,1100,20,Urea,78,Sugarcane,470
125,80,80,8.5,1100,20,Urea,78,Sugarcane,470
130,80,80,8.5,1100,20,Urea,78,Sugarcane,469
135,80,80,8.5,1100,20,Urea,78,Sugarcane,469
140,80,80,8.5,1100,20,Urea,78,Sugarcane,470
145,80,80,8.5,1100,20,Urea,78,Sugarcane,471
150,80,80,8.5,1100,20,DAP,78,Sugarcane,471
120,60,65,6.5,1200,25,DAP,78,Sugarcane,471
125,60,65,6.5,1200,25,DAP,78,Sugarcane,471
130,60,65,6.5,1200,25,DAP,78,Sugarcane,470
135,60,65,6.5,1200,25,DAP,78,Sugarcane,470
140,60,65,6.5,1200,25,DAP,78,Sugarcane,471
145,60,65,6.5,1200,25,DAP,78,Sugarcane,472
150,60,65,6.5,1200,25,DAP,78,Sugarcane,472
120,65,70,7,1000,30,DAP,78,Sugarcane,468
125,65,70,7,1000,30,DAP,78,Sugarcane,467
130,65,70,7,1000,30,DAP,78,Sugarcane,466
135,65,70,7,1000,30,DAP,78,Sugarcane,467
140,65,70,7,1000,30,DAP,78,Sugarcane,467
145,65,70,7,1000,30,DAP,78,Sugarcane,468
150,65,70,7,1000,30,DAP,78,Sugarcane,469
120,70,75,7.5,1100,35,DAP,78,Sugarcane,470
125,70,75,7.5,1100,35,DAP,78,Sugarcane,469
130,70,75,7.5,1100,35,DAP,78,Sugarcane,468
135,70,75,7.5,1100,35,DAP,78,Sugarcane,469
140,70,75,7.5,1100,35,DAP,78,Sugarcane,469
145,70,75,7.5,1100,35,DAP,78,Sugarcane,470
150,70,75,7.5,1100,35,DAP,78,Sugarcane,471
120,75,80,8,1200,20,DAP,78,Sugarcane,471
125,75,80,8,1200,20,DAP,78,Sugarcane,470
130,75,80,8,1200,20,DAP,78,Sugarcane,469
135,75,80,8,1200,20,DAP,78,Sugarcane,470
140,75,80,8,1200,20,DAP,78,Sugarcane,470
145,75,80,8,1200,20,DAP,78,Sugarcane,471
150,75,80,8,1200,20,DAP,78,Sugarcane,472
120,80,60,8.5,1000,25,DAP,78,Sugarcane,469
125,80,60,8.5,1000,25,DAP,78,Sugarcane,469
130,80,60,8.5,1000,25,DAP,78,Sugarcane,468
135,80,60,8.5,1000,25,DAP,78,Sugarcane,468
140,80,60,8.5,1000,25,DAP,78,Sugarcane,469
145,80,60,8.5,1000,25,DAP,78,Sugarcane,470
150,80,60,8.5,1000,25,DAP,78,Sugarcane,470
120,60,70,6.5,1100,30,MOP,78,Sugarcane,470
125,60,70,6.5,1100,30,MOP,78,Sugarcane,469
130,60,70,6.5,1100,30,MOP,78,Sugarcane,468
135,60,70,6.5,1100,30,MOP,78,Sugarcane,469
140,60,70,6.5,1100,30,MOP,78,Sugarcane,469
145,60,70,6.5,1100,30,MOP,78,Sugarcane,470
150,60,70,6.5,1100,30,MOP,78,Sugarcane,471
120,65,75,7,1200,35,MOP,78,Sugarcane,473
125,65,75,7,1200,35,MOP,78,Sugarcane,472
130,65,75,7,1200,35,MOP,78,Sugarcane,471
135,65,75,7,1200,35,MOP,78,Sugarcane,472
140,65,75,7,1200,35,MOP,78,Sugarcane,472
145,65,75,7,1200,35,MOP,78,Sugarcane,473
150,65,75,7,1200,35,MOP,78,Sugarcane,474
120,70,80,7.5,1000,20,MOP,78,Sugarcane,467
125,70,80,7.5,1000,20,MOP,78,Sugarcane,467
130,70,80,7.5,1000,20,MOP,78,Sugarcane,466
135,70,80,7.5,1000,20,MOP,78,Sugarcane,466
140,70,80,7.5,1000,20,MOP,78,Sugarcane,467
145,70,80,7.5,1000,20,MOP,78,Sugarcane,468
150,70,80,7.5,1000,20,MOP,78,Sugarcane,468
120,75,60,8,1100,25,MOP,78,Sugarcane,469
125,75,60,8,1100,25,MOP,78,Sugarcane,468
130,75,60,8,1100,25,MOP,78,Sugarcane,467
135,75,60,8,1100,25,MOP,78,Sugarcane,468
140,75,60,8,1100,25,MOP,78,Sugarcane,468
145,75,60,8,1100,25,MOP,78,Sugarcane,469
150,75,60,8,1100,25,MOP,78,Sugarcane,470
120,80,65,8.5,1200,30,MOP,78,Sugarcane,472
125,80,65,8.5,1200,30,MOP,78,Sugarcane,471
130,80,65,8.5,1200,30,MOP,78,Sugarcane,471
135,80,65,8.5,1200,30,MOP,78,Sugarcane,471
140,80,65,8.5,1200,30,MOP,78,Sugarcane,471
145,80,65,8.5,1200,30,MOP,78,Sugarcane,472
150,80,65,8.5,1200,30,MOP,78,Sugarcane,473
120,60,75,6.5,1000,35,MOP,78,Sugarcane,472
125,60,75,6.5,1000,35,MOP,78,Sugarcane,471
130,60,75,6.5,1000,35,MOP,78,Sugarcane,470
135,60,75,6.5,1000,35,MOP,78,Sugarcane,471
140,60,75,6.5,1000,35,MOP,78,Sugarcane,471
145,60,75,6.5,1000,35,MOP,78,Sugarcane,472
150,60,75,6.5,1000,35,MOP,78,Sugarcane,473
120,65,80,7,1100,20,MOP,78,Sugarcane,469
125,65,80,7,1100,20,MOP,78,Sugarcane,469
130,65,80,7,1100,20,MOP,78,Sugarcane,468
135,65,80,7,1100,20,MOP,78,Sugarcane,468
140,65,80,7,1100,20,MOP,78,Sugarcane,469
145,65,80,7,1100,20,MOP,78,Sugarcane,470
150,65,80,7,1100,20,MOP,78,Sugarcane,470
120,70,60,7.5,1200,25,MOP,78,Sugarcane,470
125,70,60,7.5,1200,25,MOP,78,Sugarcane,469
130,70,60,7.5,1200,25,MOP,78,Sugarcane,468
135,70,60,7.5,1200,25,MOP,78,Sugarcane,468
140,70,60,7.5,1200,25,MOP,78,Sugarcane,469
145,70,60,7.5,1200,25,MOP,78,Sugarcane,470
150,70,60,7.5,1200,25,MOP,78,Sugarcane,471
120,75,65,8,1000,30,MOP,78,Sugarcane,468
125,75,65,8,1000,30,MOP,78,Sugarcane,468
130,75,65,8,1000,30,MOP,78,Sugarcane,467
135,75,65,8,1000,30,MOP,78,Sugarcane,467
140,75,65,8,1000,30,MOP,78,Sugarcane,468
145,75,65,8,1000,30,MOP,78,Sugarcane,468
150,75,65,8,1000,30,MOP,78,Sugarcane,469
120,80,70,8.5,1100,35,MOP,78,Sugarcane,473
125,80,70,8.5,1100,35,MOP,78,Sugarcane,472
130,80,70,8.5,1100,35,MOP,78,Sugarcane,471
135,80,70,8.5,1100,35,MOP,78,Sugarcane,472
140,80,70,8.5,1100,35,MOP,78,Sugarcane,472
145,80,70,8.5,1100,35,MOP,78,Sugarcane,473
150,80,70,8.5,1100,35,MOP,78,Sugarcane,474
120,60,80,6.5,1200,20,MOP,78,Sugarcane,472
125,60,80,6.5,1200,20,MOP,78,Sugarcane,472
130,60,80,6.5,1200,20,MOP,78,Sugarcane,471
135,60,80,6.5,1200,20,MOP,78,Sugarcane,471
140,60,80,6.5,1200,20,MOP,78,Sugarcane,472
145,60,80,6.5,1200,20,MOP,78,Sugarcane,473
150,60,80,6.5,1200,20,MOP,78,Sugarcane,473
120,65,60,7,1000,25,MOP,78,Sugarcane,469
125,65,60,7,1000,25,MOP,78,Sugarcane,468
130,65,60,7,1000,25,MOP,78,Sugarcane,467
135,65,60,7,1000,25,MOP,78,Sugarcane,467
140,65,60,7,1000,25,MOP,78,Sugarcane,468
145,65,60,7,1000,25,MOP,78,Sugarcane,469
150,65,60,7,1000,25,MOP,78,Sugarcane,469
120,70,65,7.5,1100,30,MOP,78,Sugarcane,468
125,70,65,7.5,1100,30,MOP,78,Sugarcane,467
130,70,65,7.5,1100,30,MOP,78,Sugarcane,467
135,70,65,7.5,1100,30,MOP,78,Sugarcane,467
140,70,65,7.5,1100,30,MOP,78,Sugarcane,467
145,70,65,7.5,1100,30,MOP,78,Sugarcane,468
150,70,65,7.5,1100,30,MOP,78,Sugarcane,469
120,75,70,8,1200,35,MOP,78,Sugarcane,473
125,75,70,8,1200,35,MOP,78,Sugarcane,473
130,75,70,8,1200,35,MOP,78,Sugarcane,472
135,75,70,8,1200,35,MOP,78,Sugarcane,472
140,75,70,8,1200,35,MOP,78,Sugarcane,473
145,75,70,8,1200,35,MOP,78,Sugarcane,473
150,75,70,8,1200,35,MOP,78,Sugarcane,474
120,80,75,8.5,1000,20,MOP,78,Sugarcane,470
125,80,75,8.5,1000,20,MOP,78,Sugarcane,470
130,80,75,8.5,1000,20,MOP,78,Sugarcane,469
135,80,75,8.5,1000,20,MOP,78,Sugarcane,469
140,80,75,8.5,1000,20,MOP,78,Sugarcane,470
145,80,75,8.5,1000,20,MOP,78,Sugarcane,471
150,80,75,8.5,1000,20,MOP,78,Sugarcane,471
20,40,20,6,600,25,Chilated Micronutrient,55,Groundnut,124
25,40,20,6,600,25,Chilated Micronutrient,55,Groundnut,123
30,40,20,6,600,25,Chilated Micronutrient,55,Groundnut,123
20,45,25,6.5,700,30,Chilated Micronutrient,55,Groundnut,123
25,45,25,6.5,700,30,Chilated Micronutrient,55,Groundnut,122
30,45,25,6.5,700,30,Chilated Micronutrient,55,Groundnut,121
20,50,30,7,800,25,Chilated Micronutrient,55,Groundnut,124
25,50,30,7,800,25,Chilated Micronutrient,55,Groundnut,124
30,50,30,7,800,25,Chilated Micronutrient,55,Groundnut,123
20,55,35,7.5,600,30,Chilated Micronutrient,55,Groundnut,126
25,55,35,7.5,600,30,Chilated Micronutrient,55,Groundnut,125
30,55,35,7.5,600,30,Chilated Micronutrient,55,Groundnut,124
20,60,40,6,700,25,Chilated Micronutrient,55,Groundnut,127
25,60,40,6,700,25,Chilated Micronutrient,55,Groundnut,126
30,60,40,6,700,25,Chilated Micronutrient,55,Groundnut,125
20,40,25,6.5,800,30,SSP,55,Groundnut,123
25,40,25,6.5,800,30,SSP,55,Groundnut,122
30,40,25,6.5,800,30,SSP,55,Groundnut,122
20,45,30,7,600,25,SSP,55,Groundnut,124
25,45,30,7,600,25,SSP,55,Groundnut,123
30,45,30,7,600,25,SSP,55,Groundnut,122
20,50,35,7.5,700,30,SSP,55,Groundnut,124
25,50,35,7.5,700,30,SSP,55,Groundnut,124
30,50,35,7.5,700,30,SSP,55,Groundnut,123
20,55,40,6.5,800,25,SSP,55,Groundnut,127
25,55,40,6.5,800,25,SSP,55,Groundnut,126
30,55,40,6.5,800,25,SSP,55,Groundnut,125
20,60,20,7,600,30,SSP,55,Groundnut,126
25,60,20,7,600,30,SSP,55,Groundnut,125
30,60,20,7,600,30,SSP,55,Groundnut,125
20,40,30,7.5,700,25,Chilated Micronutrient,55,Groundnut,123
25,40,30,7.5,700,25,Chilated Micronutrient,55,Groundnut,122
30,40,30,7.5,700,25,Chilated Micronutrient,55,Groundnut,121
20,45,35,6,800,30,Chilated Micronutrient,55,Groundnut,125
25,45,35,6,800,30,Chilated Micronutrient,55,Groundnut,124
30,45,35,6,800,30,Chilated Micronutrient,55,Groundnut,123
20,50,40,7,600,25,Chilated Micronutrient,55,Groundnut,126
25,50,40,7,600,25,Chilated Micronutrient,55,Groundnut,125
30,50,40,7,600,25,Chilated Micronutrient,55,Groundnut,125
20,55,20,7.5,700,30,Chilated Micronutrient,55,Groundnut,125
25,55,20,7.5,700,30,Chilated Micronutrient,55,Groundnut,124
30,55,20,7.5,700,30,Chilated Micronutrient,55,Groundnut,124
20,60,25,6,800,25,Chilated Micronutrient,55,Groundnut,125
25,60,25,6,800,25,Chilated Micronutrient,55,Groundnut,125
30,60,25,6,800,25,Chilated Micronutrient,55,Groundnut,124
20,40,35,6.5,600,30,SSP,55,Groundnut,124
25,40,35,6.5,600,30,SSP,55,Groundnut,123
30,40,35,6.5,600,30,SSP,55,Groundnut,123
20,45,40,7.5,700,25,SSP,55,Groundnut,125
25,45,40,7.5,700,25,SSP,55,Groundnut,124
30,45,40,7.5,700,25,SSP,55,Groundnut,123
20,50,20,6,800,30,SSP,55,Groundnut,125
25,50,20,6,800,30,SSP,55,Groundnut,124
30,50,20,6,800,30,SSP,55,Groundnut,124
20,55,25,6.5,600,25,SSP,55,Groundnut,125
25,55,25,6.5,600,25,SSP,55,Groundnut,124
30,55,25,6.5,600,25,SSP,55,Groundnut,123
20,60,30,7,700,30,SSP,55,Groundnut,125
25,60,30,7,700,30,SSP,55,Groundnut,124
30,60,30,7,700,30,SSP,55,Groundnut,123
20,40,40,6,800,25,Chilated Micronutrient,55,Groundnut,125
25,40,40,6,800,25,Chilated Micronutrient,55,Groundnut,124
30,40,40,6,800,25,Chilated Micronutrient,55,Groundnut,124
20,45,20,6.5,600,30,Chilated Micronutrient,55,Groundnut,124
25,45,20,6.5,600,30,Chilated Micronutrient,55,Groundnut,124
30,45,20,6.5,600,30,Chilated Micronutrient,55,Groundnut,123
20,50,25,7.5,700,25,Chilated Micronutrient,55,Groundnut,124
25,50,25,7.5,700,25,Chilated Micronutrient,55,Groundnut,123
30,50,25,7.5,700,25,Chilated Micronutrient,55,Groundnut,122
20,55,30,6,800,30,Chilated Micronutrient,55,Groundnut,125
25,55,30,6,800,30,Chilated Micronutrient,55,Groundnut,124
30,55,30,6,800,30,Chilated Micronutrient,55,Groundnut,123
20,60,35,6.5,600,20,Chilated Micronutrient,55,Groundnut,127
25,60,35,6.5,600,20,Chilated Micronutrient,55,Groundnut,126
30,60,35,6.5,600,20,Chilated Micronutrient,55,Groundnut,126
40,30,20,6,300,20,Urea,60,Soybean,119
45,30,20,6,300,20,Urea,60,Soybean,118
50,30,20,6,300,20,Urea,60,Soybean,118
55,30,20,6,300,20,Urea,60,Soybean,119
60,30,20,6,300,20,Urea,60,Soybean,119
40,35,25,6.5,400,25,Urea,60,Soybean,117
45,35,25,6.5,400,25,Urea,60,Soybean,116
50,35,25,6.5,400,25,Urea,60,Soybean,116
55,35,25,6.5,400,25,Urea,60,Soybean,116
60,35,25,6.5,400,25,Urea,60,Soybean,117
40,40,30,7,300,30,Urea,60,Soybean,119
45,40,30,7,300,30,Urea,60,Soybean,119
50,40,30,7,300,30,Urea,60,Soybean,118
55,40,30,7,300,30,Urea,60,Soybean,119
60,40,30,7,300,30,Urea,60,Soybean,119
40,30,25,6,400,20,20:20:20 NPK,60,Soybean,118
45,30,25,6,400,20,20:20:20 NPK,60,Soybean,118
50,30,25,6,400,20,20:20:20 NPK,60,Soybean,117
55,30,25,6,400,20,20:20:20 NPK,60,Soybean,118
60,30,25,6,400,20,20:20:20 NPK,60,Soybean,118
40,35,30,6.5,300,25,20:20:20 NPK,60,Soybean,117
45,35,30,6.5,300,25,20:20:20 NPK,60,Soybean,117
50,35,30,6.5,300,25,20:20:20 NPK,60,Soybean,117
55,35,30,6.5,300,25,20:20:20 NPK,60,Soybean,117
60,35,30,6.5,300,25,20:20:20 NPK,60,Soybean,118
40,40,20,7,400,30,20:20:20 NPK,60,Soybean,119
45,40,20,7,400,30,20:20:20 NPK,60,Soybean,119
50,40,20,7,400,30,20:20:20 NPK,60,Soybean,118
55,40,20,7,400,30,20:20:20 NPK,60,Soybean,119
60,40,20,7,400,30,20:20:20 NPK,60,Soybean,119
40,30,30,6,300,20,SSP,60,Soybean,119
45,30,30,6,300,20,SSP,60,Soybean,119
50,30,30,6,300,20,SSP,60,Soybean,118
55,30,30,6,300,20,SSP,60,Soybean,119
60,30,30,6,300,20,SSP,60,Soybean,119
40,35,20,6.5,400,25,SSP,60,Soybean,118
45,35,20,6.5,400,25,SSP,60,Soybean,117
50,35,20,6.5,400,25,SSP,60,Soybean,117
55,35,20,6.5,400,25,SSP,60,Soybean,117
60,35,20,6.5,400,25,SSP,60,Soybean,118
40,40,25,7,300,30,SSP,60,Soybean,118
45,40,25,7,300,30,SSP,60,Soybean,118
50,40,25,7,300,30,SSP,60,Soybean,117
55,40,25,7,300,30,SSP,60,Soybean,118
60,40,25,7,300,30,SSP,60,Soybean,118
20,40,20,6,700,25,DAP,60,Gram,97
25,40,20,6,700,25,DAP,60,Gram,97
30,40,20,6,700,25,DAP,60,Gram,96
20,45,25,6.5,800,30,DAP,60,Gram,99
25,45,25,6.5,800,30,DAP,60,Gram,99
30,45,25,6.5,800,30,DAP,60,Gram,98
20,50,30,7,700,35,DAP,60,Gram,101
25,50,30,7,700,35,DAP,60,Gram,101
30,50,30,7,700,35,DAP,60,Gram,100
20,40,25,6,800,25,MOP,60,Gram,98
25,40,25,6,800,25,MOP,60,Gram,97
30,40,25,6,800,25,MOP,60,Gram,97
20,45,30,6.5,700,30,MOP,60,Gram,100
25,45,30,6.5,700,30,MOP,60,Gram,99
30,45,30,6.5,700,30,MOP,60,Gram,99
20,50,20,7,800,35,MOP,60,Gram,100
25,50,20,7,800,35,MOP,60,Gram,100
30,50,20,7,800,35,MOP,60,Gram,99
20,40,30,6,700,25,DAP,60,Gram,99
25,40,30,6,700,25,DAP,60,Gram,98
30,40,30,6,700,25,DAP,60,Gram,97
20,45,20,6.5,800,30,DAP,60,Gram,99
25,45,20,6.5,800,30,DAP,60,Gram,98
30,45,20,6.5,800,30,DAP,60,Gram,98
20,50,25,7,700,35,DAP,60,Gram,100
25,50,25,7,700,35,DAP,60,Gram,100
30,50,25,7,700,35,DAP,60,Gram,99
30,20,20,6,500,25,Urea,60,Tur,156
35,20,20,6,500,25,Urea,60,Tur,156
40,20,20,6,500,25,Urea,60,Tur,155
30,25,25,6.5,600,30,Urea,60,Tur,154
35,25,25,6.5,600,30,Urea,60,Tur,153
40,25,25,6.5,600,30,Urea,60,Tur,153
30,30,20,7,500,35,Urea,60,Tur,156
35,30,20,7,500,35,Urea,60,Tur,155
40,30,20,7,500,35,Urea,60,Tur,155
30,20,25,6,600,25,MOP,60,Tur,155
35,20,25,6,600,25,MOP,60,Tur,154
40,20,25,6,600,25,MOP,60,Tur,154
30,25,20,6.5,500,30,MOP,60,Tur,155
35,25,20,6.5,500,30,MOP,60,Tur,155
40,25,20,6.5,500,30,MOP,60,Tur,154
30,30,25,7,600,35,MOP,60,Tur,154
35,30,25,7,600,35,MOP,60,Tur,154
40,30,25,7,600,35,MOP,60,Tur,153
60,30,20,6.5,400,25,Urea,60,Urad,83
65,30,20,6.5,400,25,Urea,60,Urad,84
70,30,20,6.5,400,25,Urea,60,Urad,84
75,30,20,6.5,400,25,Urea,60,Urad,84
80,30,20,6.5,400,25,Urea,60,Urad,85
60,35,25,7,500,30,Urea,60,Urad,82
65,35,25,7,500,30,Urea,60,Urad,82
70,35,25,7,500,30,Urea,60,Urad,83
75,35,25,7,500,30,Urea,60,Urad,83
80,35,25,7,500,30,Urea,60,Urad,83
60,40,30,7.5,600,25,Urea,60,Urad,82
65,40,30,7.5,600,25,Urea,60,Urad,83
70,40,30,7.5,600,25,Urea,60,Urad,83
75,40,30,7.5,600,25,Urea,60,Urad,83
80,40,30,7.5,600,25,Urea,60,Urad,84
60,30,25,6.5,400,30,SSP,60,Urad,83
65,30,25,6.5,400,30,SSP,60,Urad,83
70,30,25,6.5,400,30,SSP,60,Urad,84
75,30,25,6.5,400,30,SSP,60,Urad,84
80,30,25,6.5,400,30,SSP,60,Urad,84
60,35,30,7,500,25,SSP,60,Urad,82
65,35,30,7,500,25,SSP,60,Urad,83
70,35,30,7,500,25,SSP,60,Urad,83
75,35,30,7,500,25,SSP,60,Urad,83
80,35,30,7,500,25,SSP,60,Urad,84
60,40,20,7.5,600,30,SSP,60,Urad,83
65,40,20,7.5,600,30,SSP,60,Urad,83
70,40,20,7.5,600,30,SSP,60,Urad,83
75,40,20,7.5,600,30,SSP,60,Urad,84
80,40,20,7.5,600,30,SSP,60,Urad,84
60,30,30,6.5,400,25,DAP,60,Urad,83
65,30,30,6.5,400,25,DAP,60,Urad,84
70,30,30,6.5,400,25,DAP,60,Urad,84
75,30,30,6.5,400,25,DAP,60,Urad,84
80,30,30,6.5,400,25,DAP,60,Urad,85
60,35,20,7,500,30,DAP,60,Urad,83
65,35,20,7,500,30,DAP,60,Urad,83
70,35,20,7,500,30,DAP,60,Urad,83
75,35,20,7,500,30,DAP,60,Urad,84
80,35,20,7,500,30,DAP,60,Urad,84
60,40,25,7.5,600,25,DAP,60,Urad,82
65,40,25,7.5,600,25,DAP,60,Urad,82
70,40,25,7.5,600,25,DAP,60,Urad,83
75,40,25,7.5,600,25,DAP,60,Urad,83
80,40,25,7.5,600,25,DAP,60,Urad,83
60,30,20,6,500,25,MOP,60,Moong,77
65,30,20,6,500,25,MOP,60,Moong,77
70,30,20,6,500,25,MOP,60,Moong,78
75,30,20,6,500,25,MOP,60,Moong,78
80,30,20,6,500,25,MOP,60,Moong,78
60,35,25,6.5,600,30,MOP,60,Moong,77
65,35,25,6.5,600,30,MOP,60,Moong,77
70,35,25,6.5,600,30,MOP,60,Moong,78
75,35,25,6.5,600,30,MOP,60,Moong,78
80,35,25,6.5,600,30,MOP,60,Moong,78
60,40,30,7,700,35,MOP,60,Moong,79
65,40,30,7,700,35,MOP,60,Moong,80
70,40,30,7,700,35,MOP,60,Moong,80
75,40,30,7,700,35,MOP,60,Moong,80
80,40,30,7,700,35,MOP,60,Moong,80
60,30,25,6,500,25,Urea,60,Moong,77
65,30,25,6,500,25,Urea,60,Moong,78
70,30,25,6,500,25,Urea,60,Moong,78
75,30,25,6,500,25,Urea,60,Moong,78
80,30,25,6,500,25,Urea,60,Moong,79
60,35,30,6.5,600,30,Urea,60,Moong,78
65,35,30,6.5,600,30,Urea,60,Moong,78
70,35,30,6.5,600,30,Urea,60,Moong,78
75,35,30,6.5,600,30,Urea,60,Moong,79
80,35,30,6.5,600,30,Urea,60,Moong,79
60,40,20,7,700,35,Urea,60,Moong,78
65,40,20,7,700,35,Urea,60,Moong,78
70,40,20,7,700,35,Urea,60,Moong,79
75,40,20,7,700,35,Urea,60,Moong,79
80,40,20,7,700,35,Urea,60,Moong,79
60,30,30,6,500,25,SSP,60,Moong,78
65,30,30,6,500,25,SSP,60,Moong,78
70,30,30,6,500,25,SSP,60,Moong,79
75,30,30,6,500,25,SSP,60,Moong,79
80,30,30,6,500,25,SSP,60,Moong,79
60,35,20,6.5,600,30,SSP,60,Moong,77
65,35,20,6.5,600,30,SSP,60,Moong,77
70,35,20,6.5,600,30,SSP,60,Moong,77
75,35,20,6.5,600,30,SSP,60,Moong,77
80,35,20,6.5,600,30,SSP,60,Moong,78
60,40,25,7,700,35,SSP,60,Moong,79
65,40,25,7,700,35,SSP,60,Moong,79
70,40,25,7,700,35,SSP,60,Moong,79
75,40,25,7,700,35,SSP,60,Moong,79
80,40,25,7,700,35,SSP,60,Moong,80
50,30,20,6,600,25,Urea,60,Tur,154
55,30,20,6,600,25,Urea,60,Tur,155
60,30,20,6,600,25,Urea,60,Tur,156
50,35,25,6.5,700,30,Urea,60,Tur,154
55,35,25,6.5,700,30,Urea,60,Tur,155
60,35,25,6.5,700,30,Urea,60,Tur,155
50,40,20,6,600,35,Urea,60,Tur,155
55,40,20,6,600,35,Urea,60,Tur,156
60,40,20,6,600,35,Urea,60,Tur,156
50,30,25,6.5,700,25,SSP,60,Tur,155
55,30,25,6.5,700,25,SSP,60,Tur,156
60,30,25,6.5,700,25,SSP,60,Tur,156
50,35,20,6,600,30,SSP,60,Tur,153
55,35,20,6,600,30,SSP,60,Tur,154
60,35,20,6,600,30,SSP,60,Tur,155
50,40,25,6.5,700,35,SSP,60,Tur,155
55,40,25,6.5,700,35,SSP,60,Tur,156
60,40,25,6.5,700,35,SSP,60,Tur,157
40,25,10,6,500,20,DAP,60,Gram,101
45,25,10,6,500,20,DAP,60,Gram,101
50,25,10,6,500,20,DAP,60,Gram,102
40,30,15,6.5,600,25,DAP,60,Gram,98
45,30,15,6.5,600,25,DAP,60,Gram,99
50,30,15,6.5,600,25,DAP,60,Gram,100
40,25,15,6,500,20,MOP,60,Gram,100
45,25,15,6,500,20,MOP,60,Gram,100
50,25,15,6,500,20,MOP,60,Gram,101
40,30,10,6.5,600,25,MOP,60,Gram,99
45,30,10,6.5,600,25,MOP,60,Gram,100
50,30,10,6.5,600,25,MOP,60,Gram,100
80,40,40,6,1000,25,Urea,75,Rice,124
85,40,40,6,1000,25,Urea,75,Rice,123
90,40,40,6,1000,25,Urea,75,Rice,123
95,40,40,6,1000,25,Urea,75,Rice,123
100,40,40,6,1000,25,Urea,75,Rice,123
105,40,40,6,1000,25,Urea,75,Rice,124
110,40,40,6,1000,25,Urea,75,Rice,124
115,40,40,6,1000,25,Urea,75,Rice,124
120,40,40,6,1000,25,Urea,75,Rice,124
80,45,45,6.5,1100,30,Urea,75,Rice,121
85,45,45,6.5,1100,30,Urea,75,Rice,121
90,45,45,6.5,1100,30,Urea,75,Rice,121
95,45,45,6.5,1100,30,Urea,75,Rice,121
100,45,45,6.5,1100,30,Urea,75,Rice,121
105,45,45,6.5,1100,30,Urea,75,Rice,121
110,45,45,6.5,1100,30,Urea,75,Rice,122
115,45,45,6.5,1100,30,Urea,75,Rice,122
120,45,45,6.5,1100,30,Urea,75,Rice,122
80,50,50,7,1200,35,Urea,75,Rice,122
85,50,50,7,1200,35,Urea,75,Rice,122
90,50,50,7,1200,35,Urea,75,Rice,122
95,50,50,7,1200,35,Urea,75,Rice,122
100,50,50,7,1200,35,Urea,75,Rice,122
105,50,50,7,1200,35,Urea,75,Rice,122
110,50,50,7,1200,35,Urea,75,Rice,122
115,50,50,7,1200,35,Urea,75,Rice,123
120,50,50,7,1200,35,Urea,75,Rice,123
80,55,55,7.5,1300,25,Urea,75,Rice,124
85,55,55,7.5,1300,25,Urea,75,Rice,123
90,55,55,7.5,1300,25,Urea,75,Rice,123
95,55,55,7.5,1300,25,Urea,75,Rice,123
100,55,55,7.5,1300,25,Urea,75,Rice,123
105,55,55,7.5,1300,25,Urea,75,Rice,124
110,55,55,7.5,1300,25,Urea,75,Rice,124
115,55,55,7.5,1300,25,Urea,75,Rice,124
120,55,55,7.5,1300,25,Urea,75,Rice,124
80,60,60,6,1400,30,Urea,75,Rice,124
85,60,60,6,1400,30,Urea,75,Rice,124
90,60,60,6,1400,30,Urea,75,Rice,124
95,60,60,6,1400,30,Urea,75,Rice,124
100,60,60,6,1400,30,Urea,75,Rice,124
105,60,60,6,1400,30,Urea,75,Rice,124
110,60,60,6,1400,30,Urea,75,Rice,124
115,60,60,6,1400,30,Urea,75,Rice,125
120,60,60,6,1400,30,Urea,75,Rice,125
80,40,45,6.5,1500,35,50:26:26 NPK,75,Rice,124
85,40,45,6.5,1500,35,50:26:26 NPK,75,Rice,124
90,40,45,6.5,1500,35,50:26:26 NPK,75,Rice,124
95,40,45,6.5,1500,35,50:26:26 NPK,75,Rice,124
100,40,45,6.5,1500,35,50:26:26 NPK,75,Rice,124
105,40,45,6.5,1500,35,50:26:26 NPK,75,Rice,124
110,40,45,6.5,1500,35,50:26:26 NPK,75,Rice,124
115,40,45,6.5,1500,35,50:26:26 NPK,75,Rice,125
120,40,45,6.5,1500,35,50:26:26 NPK,75,Rice,125
80,45,50,7,1000,25,50:26:26 NPK,75,Rice,122
85,45,50,7,1000,25,50:26:26 NPK,75,Rice,122
90,45,50,7,1000,25,50:26:26 NPK,75,Rice,122
95,45,50,7,1000,25,50:26:26 NPK,75,Rice,122
100,45,50,7,1000,25,50:26:26 NPK,75,Rice,122
105,45,50,7,1000,25,50:26:26 NPK,75,Rice,122
110,45,50,7,1000,25,50:26:26 NPK,75,Rice,123
115,45,50,7,1000,25,50:26:26 NPK,75,Rice,123
120,45,50,7,1000,25,50:26:26 NPK,75,Rice,123
80,50,55,7.5,1100,30,50:26:26 NPK,75,Rice,122
85,50,55,7.5,1100,30,50:26:26 NPK,75,Rice,121
90,50,55,7.5,1100,30,50:26:26 NPK,75,Rice,121
95,50,55,7.5,1100,30,50:26:26 NPK,75,Rice,121
100,50,55,7.5,1100,30,50:26:26 NPK,75,Rice,121
105,50,55,7.5,1100,30,50:26:26 NPK,75,Rice,122
110,50,55,7.5,1100,30,50:26:26 NPK,75,Rice,122
115,50,55,7.5,1100,30,50:26:26 NPK,75,Rice,122
120,50,55,7.5,1100,30,50:26:26 NPK,75,Rice,122
80,55,60,6,1200,35,50:26:26 NPK,75,Rice,124
85,55,60,6,1200,35,50:26:26 NPK,75,Rice,123
90,55,60,6,1200,35,50:26:26 NPK,75,Rice,123
95,55,60,6,1200,35,50:26:26 NPK,75,Rice,123
100,55,60,6,1200,35,50:26:26 NPK,75,Rice,123
105,55,60,6,1200,35,50:26:26 NPK,75,Rice,124
110,55,60,6,1200,35,50:26:26 NPK,75,Rice,124
115,55,60,6,1200,35,50:26:26 NPK,75,Rice,124
120,55,60,6,1200,35,50:26:26 NPK,75,Rice,124
80,60,40,6.5,1300,25,50:26:26 NPK,75,Rice,124
85,60,40,6.5,1300,25,50:26:26 NPK,75,Rice,124
90,60,40,6.5,1300,25,50:26:26 NPK,75,Rice,124
95,60,40,6.5,1300,25,50:26:26 NPK,75,Rice,124
100,60,40,6.5,1300,25,50:26:26 NPK,75,Rice,124
105,60,40,6.5,1300,25,50:26:26 NPK,75,Rice,124
110,60,40,6.5,1300,25,50:26:26 NPK,75,Rice,125
115,60,40,6.5,1300,25,50:26:26 NPK,75,Rice,125
120,60,40,6.5,1300,25,50:26:26 NPK,75,Rice,125
80,40,50,7,1400,30,Urea,75,Rice,123
85,40,50,7,1400,30,Urea,75,Rice,123
90,40,50,7,1400,30,Urea,75,Rice,122
95,40,50,7,1400,30,Urea,75,Rice,122
100,40,50,7,1400,30,Urea,75,Rice,123
105,40,50,7,1400,30,Urea,75,Rice,123
110,40,50,7,1400,30,Urea,75,Rice,123
115,40,50,7,1400,30,Urea,75,Rice,123
120,40,50,7,1400,30,Urea,75,Rice,124
80,45,55,7.5,1500,35,Urea,75,Rice,124
85,45,55,7.5,1500,35,Urea,75,Rice,124
90,45,55,7.5,1500,35,Urea,75,Rice,123
95,45,55,7.5,1500,35,Urea,75,Rice,123
100,45,55,7.5,1500,35,Urea,75,Rice,124
105,45,55,7.5,1500,35,Urea,75,Rice,124
110,45,55,7.5,1500,35,Urea,75,Rice,124
115,45,55,7.5,1500,35,Urea,75,Rice,124
120,45,55,7.5,1500,35,Urea,75,Rice,125
80,50,60,6,1000,25,Urea,75,Rice,123
85,50,60,6,1000,25,Urea,75,Rice,123
90,50,60,6,1000,25,Urea,75,Rice,123
95,50,60,6,1000,25,Urea,75,Rice,123
100,50,60,6,1000,25,Urea,75,Rice,123
105,50,60,6,1000,25,Urea,75,Rice,123
110,50,60,6,1000,25,Urea,75,Rice,124
115,50,60,6,1000,25,Urea,75,Rice,124
120,50,60,6,1000,25,Urea,75,Rice,124
80,55,40,6.5,1100,30,Urea,75,Rice,122
85,55,40,6.5,1100,30,Urea,75,Rice,122
90,55,40,6.5,1100,30,Urea,75,Rice,122
95,55,40,6.5,1100,30,Urea,75,Rice,122
100,55,40,6.5,1100,30,Urea,75,Rice,122
105,55,40,6.5,1100,30,Urea,75,Rice,122
110,55,40,6.5,1100,30,Urea,75,Rice,123
115,55,40,6.5,1100,30,Urea,75,Rice,123
120,55,40,6.5,1100,30,Urea,75,Rice,123
80,60,45,7,1200,35,Urea,75,Rice,123
85,60,45,7,1200,35,Urea,75,Rice,123
90,60,45,7,1200,35,Urea,75,Rice,123
95,60,45,7,1200,35,Urea,75,Rice,123
100,60,45,7,1200,35,Urea,75,Rice,123
105,60,45,7,1200,35,Urea,75,Rice,123
110,60,45,7,1200,35,Urea,75,Rice,124
115,60,45,7,1200,35,Urea,75,Rice,124
120,60,45,7,1200,35,Urea,75,Rice,124
80,40,55,7.5,1300,25,50:26:26 NPK,75,Rice,124
85,40,55,7.5,1300,25,50:26:26 NPK,75,Rice,123
90,40,55,7.5,1300,25,50:26:26 NPK,75,Rice,123
95,40,55,7.5,1300,25,50:26:26 NPK,75,Rice,123
100,40,55,7.5,1300,25,50:26:26 NPK,75,Rice,123
105,40,55,7.5,1300,25,50:26:26 NPK,75,Rice,124
110,40,55,7.5,1300,25,50:26:26 NPK,75,Rice,124
115,40,55,7.5,1300,25,50:26:26 NPK,75,Rice,124
120,40,55,7.5,1300,25,50:26:26 NPK,75,Rice,124
80,45,60,6,1400,30,50:26:26 NPK,75,Rice,123
85,45,60,6,1400,30,50:26:26 NPK,75,Rice,123
90,45,60,6,1400,30,50:26:26 NPK,75,Rice,123
95,45,60,6,1400,30,50:26:26 NPK,75,Rice,123
100,45,60,6,1400,30,50:26:26 NPK,75,Rice,123
105,45,60,6,1400,30,50:26:26 NPK,75,Rice,123
110,45,60,6,1400,30,50:26:26 NPK,75,Rice,124
115,45,60,6,1400,30,50:26:26 NPK,75,Rice,124
120,45,60,6,1400,30,50:26:26 NPK,75,Rice,124
80,50,40,6.5,1500,35,50:26:26 NPK,75,Rice,124
85,50,40,6.5,1500,35,50:26:26 NPK,75,Rice,124
90,50,40,6.5,1500,35,50:26:26 NPK,75,Rice,124
95,50,40,6.5,1500,35,50:26:26 NPK,75,Rice,124
100,50,40,6.5,1500,35,50:26:26 NPK,75,Rice,124
105,50,40,6.5,1500,35,50:26:26 NPK,75,Rice,124
110,50,40,6.5,1500,35,50:26:26 NPK,75,Rice,124
115,50,40,6.5,1500,35,50:26:26 NPK,75,Rice,125
120,50,40,6.5,1500,35,50:26:26 NPK,75,Rice,125
80,55,45,7,1000,25,50:26:26 NPK,75,Rice,123
85,55,45,7,1000,25,50:26:26 NPK,75,Rice,123
90,55,45,7,1000,25,50:26:26 NPK,75,Rice,123
95,55,45,7,1000,25,50:26:26 NPK,75,Rice,123
100,55,45,7,1000,25,50:26:26 NPK,75,Rice,123
105,55,45,7,1000,25,50:26:26 NPK,75,Rice,123
110,55,45,7,1000,25,50:26:26 NPK,75,Rice,123
115,55,45,7,1000,25,50:26:26 NPK,75,Rice,124
120,55,45,7,1000,25,50:26:26 NPK,75,Rice,124
80,60,50,7.5,1100,30,50:26:26 NPK,75,Rice,122
85,60,50,7.5,1100,30,50:26:26 NPK,75,Rice,122
90,60,50,7.5,1100,30,50:26:26 NPK,75,Rice,122
95,60,50,7.5,1100,30,50:26:26 NPK,75,Rice,122
100,60,50,7.5,1100,30,50:26:26 NPK,75,Rice,122
105,60,50,7.5,1100,30,50:26:26 NPK,75,Rice,122
110,60,50,7.5,1100,30,50:26:26 NPK,75,Rice,122
115,60,50,7.5,1100,30,50:26:26 NPK,75,Rice,123
120,60,50,7.5,1100,30,50:26:26 NPK,75,Rice,123
80,40,60,6,1200,35,Urea,75,Rice,124
85,40,60,6,1200,35,Urea,75,Rice,123
90,40,60,6,1200,35,Urea,75,Rice,123
95,40,60,6,1200,35,Urea,75,Rice,123
100,40,60,6,1200,35,Urea,75,Rice,123
105,40,60,6,1200,35,Urea,75,Rice,124
110,40,60,6,1200,35,Urea,75,Rice,124
115,40,60,6,1200,35,Urea,75,Rice,124
120,40,60,6,1200,35,Urea,75,Rice,124
80,45,40,6.5,1300,25,Urea,75,Rice,123
85,45,40,6.5,1300,25,Urea,75,Rice,123
90,45,40,6.5,1300,25,Urea,75,Rice,123
95,45,40,6.5,1300,25,Urea,75,Rice,123
100,45,40,6.5,1300,25,Urea,75,Rice,123
105,45,40,6.5,1300,25,Urea,75,Rice,123
110,45,40,6.5,1300,25,Urea,75,Rice,124
115,45,40,6.5,1300,25,Urea,75,Rice,124
120,45,40,6.5,1300,25,Urea,75,Rice,124
80,50,45,7,1400,30,Urea,75,Rice,122
85,50,45,7,1400,30,Urea,75,Rice,122
90,50,45,7,1400,30,Urea,75,Rice,122
95,50,45,7,1400,30,Urea,75,Rice,122
100,50,45,7,1400,30,Urea,75,Rice,122
105,50,45,7,1400,30,Urea,75,Rice,122
110,50,45,7,1400,30,Urea,75,Rice,123
115,50,45,7,1400,30,Urea,75,Rice,123
120,50,45,7,1400,30,Urea,75,Rice,123
80,55,50,7.5,1500,35,Urea,75,Rice,124
85,55,50,7.5,1500,35,Urea,75,Rice,124
90,55,50,7.5,1500,35,Urea,75,Rice,123
95,55,50,7.5,1500,35,Urea,75,Rice,123
100,55,50,7.5,1500,35,Urea,75,Rice,124
105,55,50,7.5,1500,35,Urea,75,Rice,124
110,55,50,7.5,1500,35,Urea,75,Rice,124
115,55,50,7.5,1500,35,Urea,75,Rice,124
120,55,50,7.5,1500,35,Urea,75,Rice,125
80,60,55,6,1000,20,Urea,75,Rice,125
85,60,55,6,1000,20,Urea,75,Rice,124
90,60,55,6,1000,20,Urea,75,Rice,124
95,60,55,6,1000,20,Urea,75,Rice,124
100,60,55,6,1000,20,Urea,75,Rice,124
105,60,55,6,1000,20,Urea,75,Rice,125
110,60,55,6,1000,20,Urea,75,Rice,125
115,60,55,6,1000,20,Urea,75,Rice,125
120,60,55,6,1000,20,Urea,75,Rice,125
40,20,20,6,400,25,10:26:26 NPK,50,Jowar,112
45,20,20,6,400,25,10:26:26 NPK,50,Jowar,112
50,20,20,6,400,25,10:26:26 NPK,50,Jowar,111
55,20,20,6,400,25,10:26:26 NPK,50,Jowar,111
60,20,20,6,400,25,10:26:26 NPK,50,Jowar,112
40,25,25,6.5,500,30,10:26:26 NPK,50,Jowar,110
45,25,25,6.5,500,30,10:26:26 NPK,50,Jowar,110
50,25,25,6.5,500,30,10:26:26 NPK,50,Jowar,109
55,25,25,6.5,500,30,10:26:26 NPK,50,Jowar,109
60,25,25,6.5,500,30,10:26:26 NPK,50,Jowar,109
40,30,30,7,600,35,10:26:26 NPK,50,Jowar,109
45,30,30,7,600,35,10:26:26 NPK,50,Jowar,109
50,30,30,7,600,35,10:26:26 NPK,50,Jowar,108
55,30,30,7,600,35,10:26:26 NPK,50,Jowar,108
60,30,30,7,600,35,10:26:26 NPK,50,Jowar,108
40,35,35,7.5,400,25,10:26:26 NPK,50,Jowar,109
45,35,35,7.5,400,25,10:26:26 NPK,50,Jowar,108
50,35,35,7.5,400,25,10:26:26 NPK,50,Jowar,108
55,35,35,7.5,400,25,10:26:26 NPK,50,Jowar,108
60,35,35,7.5,400,25,10:26:26 NPK,50,Jowar,108
40,40,40,6,500,30,10:26:26 NPK,50,Jowar,108
45,40,40,6,500,30,10:26:26 NPK,50,Jowar,108
50,40,40,6,500,30,10:26:26 NPK,50,Jowar,107
55,40,40,6,500,30,10:26:26 NPK,50,Jowar,107
60,40,40,6,500,30,10:26:26 NPK,50,Jowar,108
40,20,25,6.5,600,35,Urea,50,Jowar,111
45,20,25,6.5,600,35,Urea,50,Jowar,111
50,20,25,6.5,600,35,Urea,50,Jowar,110
55,20,25,6.5,600,35,Urea,50,Jowar,110
60,20,25,6.5,600,35,Urea,50,Jowar,110
40,25,30,7,400,25,Urea,50,Jowar,111
45,25,30,7,400,25,Urea,50,Jowar,110
50,25,30,7,400,25,Urea,50,Jowar,110
55,25,30,7,400,25,Urea,50,Jowar,109
60,25,30,7,400,25,Urea,50,Jowar,110
40,30,35,7.5,500,30,Urea,50,Jowar,108
45,30,35,7.5,500,30,Urea,50,Jowar,108
50,30,35,7.5,500,30,Urea,50,Jowar,108
55,30,35,7.5,500,30,Urea,50,Jowar,107
60,30,35,7.5,500,30,Urea,50,Jowar,108
40,35,40,6,600,35,Urea,50,Jowar,108
45,35,40,6,600,35,Urea,50,Jowar,108
50,35,40,6,600,35,Urea,50,Jowar,107
55,35,40,6,600,35,Urea,50,Jowar,107
60,35,40,6,600,35,Urea,50,Jowar,108
40,40,20,6.5,400,25,Urea,50,Jowar,111
45,40,20,6.5,400,25,Urea,50,Jowar,110
50,40,20,6.5,400,25,Urea,50,Jowar,110
55,40,20,6.5,400,25,Urea,50,Jowar,110
60,40,20,6.5,400,25,Urea,50,Jowar,110
40,20,30,7,500,30,SSP,50,Jowar,110
45,20,30,7,500,30,SSP,50,Jowar,110
50,20,30,7,500,30,SSP,50,Jowar,109
55,20,30,7,500,30,SSP,50,Jowar,109
60,20,30,7,500,30,SSP,50,Jowar,109
40,25,35,7.5,600,35,SSP,50,Jowar,109
45,25,35,7.5,600,35,SSP,50,Jowar,109
50,25,35,7.5,600,35,SSP,50,Jowar,108
55,25,35,7.5,600,35,SSP,50,Jowar,108
60,25,35,7.5,600,35,SSP,50,Jowar,108
40,30,40,6,400,25,SSP,50,Jowar,110
45,30,40,6,400,25,SSP,50,Jowar,109
50,30,40,6,400,25,SSP,50,Jowar,109
55,30,40,6,400,25,SSP,50,Jowar,108
60,30,40,6,400,25,SSP,50,Jowar,109
40,35,20,6.5,500,30,SSP,50,Jowar,110
45,35,20,6.5,500,30,SSP,50,Jowar,109
50,35,20,6.5,500,30,SSP,50,Jowar,109
55,35,20,6.5,500,30,SSP,50,Jowar,109
60,35,20,6.5,500,30,SSP,50,Jowar,109
40,40,25,7,600,35,SSP,50,Jowar,109
45,40,25,7,600,35,SSP,50,Jowar,109
50,40,25,7,600,35,SSP,50,Jowar,109
55,40,25,7,600,35,SSP,50,Jowar,108
60,40,25,7,600,35,SSP,50,Jowar,109
40,20,35,7.5,400,25,10:26:26 NPK,50,Jowar,111
45,20,35,7.5,400,25,10:26:26 NPK,50,Jowar,110
50,20,35,7.5,400,25,10:26:26 NPK,50,Jowar,110
55,20,35,7.5,400,25,10:26:26 NPK,50,Jowar,109
60,20,35,7.5,400,25,10:26:26 NPK,50,Jowar,110
40,25,40,6,500,30,10:26:26 NPK,50,Jowar,109
45,25,40,6,500,30,10:26:26 NPK,50,Jowar,109
50,25,40,6,500,30,10:26:26 NPK,50,Jowar,108
55,25,40,6,500,30,10:26:26 NPK,50,Jowar,108
60,25,40,6,500,30,10:26:26 NPK,50,Jowar,109
40,30,20,6.5,600,35,10:26:26 NPK,50,Jowar,110
45,30,20,6.5,600,35,10:26:26 NPK,50,Jowar,110
50,30,20,6.5,600,35,10:26:26 NPK,50,Jowar,110
55,30,20,6.5,600,35,10:26:26 NPK,50,Jowar,109
60,30,20,6.5,600,35,10:26:26 NPK,50,Jowar,110
40,35,25,7,400,25,10:26:26 NPK,50,Jowar,110
45,35,25,7,400,25,10:26:26 NPK,50,Jowar,110
50,35,25,7,400,25,10:26:26 NPK,50,Jowar,109
55,35,25,7,400,25,10:26:26 NPK,50,Jowar,109
60,35,25,7,400,25,10:26:26 NPK,50,Jowar,109
40,40,30,7.5,500,30,10:26:26 NPK,50,Jowar,109
45,40,30,7.5,500,30,10:26:26 NPK,50,Jowar,108
50,40,30,7.5,500,30,10:26:26 NPK,50,Jowar,108
55,40,30,7.5,500,30,10:26:26 NPK,50,Jowar,108
60,40,30,7.5,500,30,10:26:26 NPK,50,Jowar,108
40,20,40,6,600,35,Urea,50,Jowar,110
45,20,40,6,600,35,Urea,50,Jowar,110
50,20,40,6,600,35,Urea,50,Jowar,109
55,20,40,6,600,35,Urea,50,Jowar,109
60,20,40,6,600,35,Urea,50,Jowar,109
40,25,20,6.5,400,25,Urea,50,Jowar,112
45,25,20,6.5,400,25,Urea,50,Jowar,111
50,25,20,6.5,400,25,Urea,50,Jowar,111
55,25,20,6.5,400,25,Urea,50,Jowar,111
60,25,20,6.5,400,25,Urea,50,Jowar,111
40,30,25,7,500,30,Urea,50,Jowar,110
45,30,25,7,500,30,Urea,50,Jowar,109
50,30,25,7,500,30,Urea,50,Jowar,109
55,30,25,7,500,30,Urea,50,Jowar,109
60,30,25,7,500,30,Urea,50,Jowar,109
40,35,30,7.5,600,35,Urea,50,Jowar,109
45,35,30,7.5,600,35,Urea,50,Jowar,108
50,35,30,7.5,600,35,Urea,50,Jowar,108
55,35,30,7.5,600,35,Urea,50,Jowar,108
60,35,30,7.5,600,35,Urea,50,Jowar,108
40,40,35,6,400,25,Urea,50,Jowar,109
45,40,35,6,400,25,Urea,50,Jowar,109
50,40,35,6,400,25,Urea,50,Jowar,108
55,40,35,6,400,25,Urea,50,Jowar,108
60,40,35,6,400,25,Urea,50,Jowar,108
120,60,120,6,900,20,Urea,78,Sugarcane,467
125,60,120,6,900,20,Urea,78,Sugarcane,467
130,60,120,6,900,20,Urea,78,Sugarcane,466
135,60,120,6,900,20,Urea,78,Sugarcane,466
140,60,120,6,900,20,Urea,78,Sugarcane,467
145,60,120,6,900,20,Urea,78,Sugarcane,468
150,60,120,6,900,20,Urea,78,Sugarcane,468
120,65,125,6.5,1000,25,Urea,78,Sugarcane,462
125,65,125,6.5,1000,25,Urea,78,Sugarcane,461
130,65,125,6.5,1000,25,Urea,78,Sugarcane,460
135,65,125,6.5,1000,25,Urea,78,Sugarcane,461
140,65,125,6.5,1000,25,Urea,78,Sugarcane,461
145,65,125,6.5,1000,25,Urea,78,Sugarcane,462
150,65,125,6.5,1000,25,Urea,78,Sugarcane,463
120,70,130,7,900,30,Urea,78,Sugarcane,464
125,70,130,7,900,30,Urea,78,Sugarcane,463
130,70,130,7,900,30,Urea,78,Sugarcane,462
135,70,130,7,900,30,Urea,78,Sugarcane,463
140,70,130,7,900,30,Urea,78,Sugarcane,463
145,70,130,7,900,30,Urea,78,Sugarcane,464
150,70,130,7,900,30,Urea,78,Sugarcane,465
120,75,135,6,1000,35,Urea,78,Sugarcane,467
125,75,135,6,1000,35,Urea,78,Sugarcane,466
130,75,135,6,1000,35,Urea,78,Sugarcane,466
135,75,135,6,1000,35,Urea,78,Sugarcane,466
140,75,135,6,1000,35,Urea,78,Sugarcane,467
145,75,135,6,1000,35,Urea,78,Sugarcane,467
150,75,135,6,1000,35,Urea,78,Sugarcane,468
120,80,140,6.5,900,20,Urea,78,Sugarcane,470
125,80,140,6.5,900,20,Urea,78,Sugarcane,469
130,80,140,6.5,900,20,Urea,78,Sugarcane,469
135,80,140,6.5,900,20,Urea,78,Sugarcane,469
140,80,140,6.5,900,20,Urea,78,Sugarcane,470
145,80,140,6.5,900,20,Urea,78,Sugarcane,470
150,80,140,6.5,900,20,Urea,78,Sugarcane,471
120,85,145,7,1000,25,Urea,78,Sugarcane,467
125,85,145,7,1000,25,Urea,78,Sugarcane,466
130,85,145,7,1000,25,Urea,78,Sugarcane,466
135,85,145,7,1000,25,Urea,78,Sugarcane,466
140,85,145,7,1000,25,Urea,78,Sugarcane,467
145,85,145,7,1000,25,Urea,78,Sugarcane,467
150,85,145,7,1000,25,Urea,78,Sugarcane,468
120,90,150,6,900,30,Urea,78,Sugarcane,472
125,90,150,6,900,30,Urea,78,Sugarcane,471
130,90,150,6,900,30,Urea,78,Sugarcane,470
135,90,150,6,900,30,Urea,78,Sugarcane,471
140,90,150,6,900,30,Urea,78,Sugarcane,471
145,90,150,6,900,30,Urea,78,Sugarcane,472
150,90,150,6,900,30,Urea,78,Sugarcane,473
120,60,125,6.5,1000,35,DAP,78,Sugarcane,467
125,60,125,6.5,1000,35,DAP,78,Sugarcane,466
130,60,125,6.5,1000,35,DAP,78,Sugarcane,466
135,60,125,6.5,1000,35,DAP,78,Sugarcane,466
140,60,125,6.5,1000,35,DAP,78,Sugarcane,467
145,60,125,6.5,1000,35,DAP,78,Sugarcane,467
150,60,125,6.5,1000,35,DAP,78,Sugarcane,468
120,65,130,7,900,20,DAP,78,Sugarcane,468
125,65,130,7,900,20,DAP,78,Sugarcane,467
130,65,130,7,900,20,DAP,78,Sugarcane,466
135,65,130,7,900,20,DAP,78,Sugarcane,466
140,65,130,7,900,20,DAP,78,Sugarcane,467
145,65,130,7,900,20,DAP,78,Sugarcane,468
150,65,130,7,900,20,DAP,78,Sugarcane,469
120,70,135,6,1000,25,DAP,78,Sugarcane,462
125,70,135,6,1000,25,DAP,78,Sugarcane,461
130,70,135,6,1000,25,DAP,78,Sugarcane,461
135,70,135,6,1000,25,DAP,78,Sugarcane,461
140,70,135,6,1000,25,DAP,78,Sugarcane,462
145,70,135,6,1000,25,DAP,78,Sugarcane,462
150,70,135,6,1000,25,DAP,78,Sugarcane,463
120,75,140,6.5,900,30,DAP,78,Sugarcane,466
125,75,140,6.5,900,30,DAP,78,Sugarcane,466
130,75,140,6.5,900,30,DAP,78,Sugarcane,465
135,75,140,6.5,900,30,DAP,78,Sugarcane,465
140,75,140,6.5,900,30,DAP,78,Sugarcane,466
145,75,140,6.5,900,30,DAP,78,Sugarcane,467
150,75,140,6.5,900,30,DAP,78,Sugarcane,467
120,80,145,7,1000,35,DAP,78,Sugarcane,470
125,80,145,7,1000,35,DAP,78,Sugarcane,469
130,80,145,7,1000,35,DAP,78,Sugarcane,469
135,80,145,7,1000,35,DAP,78,Sugarcane,469
140,80,145,7,1000,35,DAP,78,Sugarcane,470
145,80,145,7,1000,35,DAP,78,Sugarcane,470
150,80,145,7,1000,35,DAP,78,Sugarcane,471
120,85,150,6,900,20,DAP,78,Sugarcane,473
125,85,150,6,900,20,DAP,78,Sugarcane,472
130,85,150,6,900,20,DAP,78,Sugarcane,472
135,85,150,6,900,20,DAP,78,Sugarcane,472
140,85,150,6,900,20,DAP,78,Sugarcane,473
145,85,150,6,900,20,DAP,78,Sugarcane,473
150,85,150,6,900,20,DAP,78,Sugarcane,474
120,90,120,6.5,1000,25,DAP,78,Sugarcane,464
125,90,120,6.5,1000,25,DAP,78,Sugarcane,464
130,90,120,6.5,1000,25,DAP,78,Sugarcane,463
135,90,120,6.5,1000,25,DAP,78,Sugarcane,463
140,90,120,6.5,1000,25,DAP,78,Sugarcane,464
145,90,120,6.5,1000,25,DAP,78,Sugarcane,465
150,90,120,6.5,1000,25,DAP,78,Sugarcane,465
120,60,130,7,900,30,MOP,78,Sugarcane,466
125,60,130,7,900,30,MOP,78,Sugarcane,466
130,60,130,7,900,30,MOP,78,Sugarcane,465
135,60,130,7,900,30,MOP,78,Sugarcane,465
140,60,130,7,900,30,MOP,78,Sugarcane,466
145,60,130,7,900,30,MOP,78,Sugarcane,467
150,60,130,7,900,30,MOP,78,Sugarcane,467
120,65,135,6,1000,35,MOP,78,Sugarcane,467
125,65,135,6,1000,35,MOP,78,Sugarcane,467
130,65,135,6,1000,35,MOP,78,Sugarcane,466
135,65,135,6,1000,35,MOP,78,Sugarcane,466
140,65,135,6,1000,35,MOP,78,Sugarcane,467
145,65,135,6,1000,35,MOP,78,Sugarcane,468
150,65,135,6,1000,35,MOP,78,Sugarcane,468
120,70,140,6.5,900,20,MOP,78,Sugarcane,468
125,70,140,6.5,900,20,MOP,78,Sugarcane,467
130,70,140,6.5,900,20,MOP,78,Sugarcane,467
135,70,140,6.5,900,20,MOP,78,Sugarcane,467
140,70,140,6.5,900,20,MOP,78,Sugarcane,467
145,70,140,6.5,900,20,MOP,78,Sugarcane,468
150,70,140,6.5,900,20,MOP,78,Sugarcane,469
120,75,145,7,1000,25,MOP,78,Sugarcane,465
125,75,145,7,1000,25,MOP,78,Sugarcane,464
130,75,145,7,1000,25,MOP,78,Sugarcane,463
135,75,145,7,1000,25,MOP,78,Sugarcane,463
140,75,145,7,1000,25,MOP,78,Sugarcane,464
145,75,145,7,1000,25,MOP,78,Sugarcane,465
150,75,145,7,1000,25,MOP,78,Sugarcane,465
120,80,150,6,900,30,MOP,78,Sugarcane,469
125,80,150,6,900,30,MOP,78,Sugarcane,469
130,80,150,6,900,30,MOP,78,Sugarcane,468
135,80,150,6,900,30,MOP,78,Sugarcane,468
140,80,150,6,900,30,MOP,78,Sugarcane,469
145,80,150,6,900,30,MOP,78,Sugarcane,469
150,80,150,6,900,30,MOP,78,Sugarcane,470
120,85,120,6.5,1000,35,MOP,78,Sugarcane,467
125,85,120,6.5,1000,35,MOP,78,Sugarcane,467
130,85,120,6.5,1000,35,MOP,78,Sugarcane,466
135,85,120,6.5,1000,35,MOP,78,Sugarcane,466
140,85,120,6.5,1000,35,MOP,78,Sugarcane,467
145,85,120,6.5,1000,35,MOP,78,Sugarcane,468
150,85,120,6.5,1000,35,MOP,78,Sugarcane,468
120,90,125,7,900,20,MOP,78,Sugarcane,470
125,90,125,7,900,20,MOP,78,Sugarcane,470
130,90,125,7,900,20,MOP,78,Sugarcane,469
135,90,125,7,900,20,MOP,78,Sugarcane,469
140,90,125,7,900,20,MOP,78,Sugarcane,470
145,90,125,7,900,20,MOP,78,Sugarcane,471
150,90,125,7,900,20,MOP,78,Sugarcane,471
120,60,135,6,1000,25,Urea,78,Sugarcane,465
125,60,135,6,1000,25,Urea,78,Sugarcane,464
130,60,135,6,1000,25,Urea,78,Sugarcane,463
135,60,135,6,1000,25,Urea,78,Sugarcane,463
140,60,135,6,1000,25,Urea,78,Sugarcane,464
145,60,135,6,1000,25,Urea,78,Sugarcane,465
150,60,135,6,1000,25,Urea,78,Sugarcane,465
120,65,140,6.5,900,30,Urea,78,Sugarcane,467
125,65,140,6.5,900,30,Urea,78,Sugarcane,466
130,65,140,6.5,900,30,Urea,78,Sugarcane,465
135,65,140,6.5,900,30,Urea,78,Sugarcane,466
140,65,140,6.5,900,30,Urea,78,Sugarcane,466
145,65,140,6.5,900,30,Urea,78,Sugarcane,467
150,65,140,6.5,900,30,Urea,78,Sugarcane,468
120,70,145,7,1000,35,Urea,78,Sugarcane,468
125,70,145,7,1000,35,Urea,78,Sugarcane,467
130,70,145,7,1000,35,Urea,78,Sugarcane,466
135,70,145,7,1000,35,Urea,78,Sugarcane,467
140,70,145,7,1000,35,Urea,78,Sugarcane,467
145,70,145,7,1000,35,Urea,78,Sugarcane,468
150,70,145,7,1000,35,Urea,78,Sugarcane,469
120,75,150,6,900,20,Urea,78,Sugarcane,470
125,75,150,6,900,20,Urea,78,Sugarcane,470
130,75,150,6,900,20,Urea,78,Sugarcane,469
135,75,150,6,900,20,Urea,78,Sugarcane,469
140,75,150,6,900,20,Urea,78,Sugarcane,470
145,75,150,6,900,20,Urea,78,Sugarcane,471
150,75,150,6,900,20,Urea,78,Sugarcane,471
120,80,120,6.5,1000,25,Urea,78,Sugarcane,462
125,80,120,6.5,1000,25,Urea,78,Sugarcane,461
130,80,120,6.5,1000,25,Urea,78,Sugarcane,460
135,80,120,6.5,1000,25,Urea,78,Sugarcane,461
140,80,120,6.5,1000,25,Urea,78,Sugarcane,461
145,80,120,6.5,1000,25,Urea,78,Sugarcane,462
150,80,120,6.5,1000,25,Urea,78,Sugarcane,463
120,85,125,7,900,30,Urea,78,Sugarcane,467
125,85,125,7,900,30,Urea,78,Sugarcane,466
130,85,125,7,900,30,Urea,78,Sugarcane,465
135,85,125,7,900,30,Urea,78,Sugarcane,465
140,85,125,7,900,30,Urea,78,Sugarcane,466
145,85,125,7,900,30,Urea,78,Sugarcane,467
150,85,125,7,900,30,Urea,78,Sugarcane,467
120,90,130,6,1000,35,Urea,78,Sugarcane,470
125,90,130,6,1000,35,Urea,78,Sugarcane,470
130,90,130,6,1000,35,Urea,78,Sugarcane,469
135,90,130,6,1000,35,Urea,78,Sugarcane,469
140,90,130,6,1000,35,Urea,78,Sugarcane,470
145,90,130,6,1000,35,Urea,78,Sugarcane,470
150,90,130,6,1000,35,Urea,78,Sugarcane,471
120,60,140,6.5,900,20,DAP,78,Sugarcane,470
125,60,140,6.5,900,20,DAP,78,Sugarcane,470
130,60,140,6.5,900,20,DAP,78,Sugarcane,469
135,60,140,6.5,900,20,DAP,78,Sugarcane,469
140,60,140,6.5,900,20,DAP,78,Sugarcane,470
145,60,140,6.5,900,20,DAP,78,Sugarcane,471
150,60,140,6.5,900,20,DAP,78,Sugarcane,471
120,65,145,7,1000,25,DAP,78,Sugarcane,465
125,65,145,7,1000,25,DAP,78,Sugarcane,464
130,65,145,7,1000,25,DAP,78,Sugarcane,463
135,65,145,7,1000,25,DAP,78,Sugarcane,464
140,65,145,7,1000,25,DAP,78,Sugarcane,464
145,65,145,7,1000,25,DAP,78,Sugarcane,465
150,65,145,7,1000,25,DAP,78,Sugarcane,466
120,70,150,6,900,30,DAP,78,Sugarcane,467
125,70,150,6,900,30,DAP,78,Sugarcane,466
130,70,150,6,900,30,DAP,78,Sugarcane,466
135,70,150,6,900,30,DAP,78,Sugarcane,466
140,70,150,6,900,30,DAP,78,Sugarcane,467
145,70,150,6,900,30,DAP,78,Sugarcane,467
150,70,150,6,900,30,DAP,78,Sugarcane,468
120,75,120,6.5,1000,35,DAP,78,Sugarcane,465
125,75,120,6.5,1000,35,DAP,78,Sugarcane,464
130,75,120,6.5,1000,35,DAP,78,Sugarcane,463
135,75,120,6.5,1000,35,DAP,78,Sugarcane,464
140,75,120,6.5,1000,35,DAP,78,Sugarcane,464
145,75,120,6.5,1000,35,DAP,78,Sugarcane,465
150,75,120,6.5,1000,35,DAP,78,Sugarcane,466
120,80,125,7,900,20,DAP,78,Sugarcane,468
125,80,125,7,900,20,DAP,78,Sugarcane,467
130,80,125,7,900,20,DAP,78,Sugarcane,466
135,80,125,7,900,20,DAP,78,Sugarcane,467
140,80,125,7,900,20,DAP,78,Sugarcane,467
145,80,125,7,900,20,DAP,78,Sugarcane,468
150,80,125,7,900,20,DAP,78,Sugarcane,469
120,85,130,6,1000,25,DAP,78,Sugarcane,465
125,85,130,6,1000,25,DAP,78,Sugarcane,464
130,85,130,6,1000,25,DAP,78,Sugarcane,463
135,85,130,6,1000,25,DAP,78,Sugarcane,464
140,85,130,6,1000,25,DAP,78,Sugarcane,464
145,85,130,6,1000,25,DAP,78,Sugarcane,465
150,85,130,6,1000,25,DAP,78,Sugarcane,466
120,90,135,6.5,900,30,DAP,78,Sugarcane,469
125,90,135,6.5,900,30,DAP,78,Sugarcane,469
130,90,135,6.5,900,30,DAP,78,Sugarcane,468
135,90,135,6.5,900,30,DAP,78,Sugarcane,468
140,90,135,6.5,900,30,DAP,78,Sugarcane,469
145,90,135,6.5,900,30,DAP,78,Sugarcane,470
150,90,135,6.5,900,30,DAP,78,Sugarcane,470
120,60,145,7,1000,35,MOP,78,Sugarcane,470
125,60,145,7,1000,35,MOP,78,Sugarcane,470
130,60,145,7,1000,35,MOP,78,Sugarcane,469
135,60,145,7,1000,35,MOP,78,Sugarcane,469
140,60,145,7,1000,35,MOP,78,Sugarcane,470
145,60,145,7,1000,35,MOP,78,Sugarcane,471
150,60,145,7,1000,35,MOP,78,Sugarcane,471
120,65,150,6,900,20,MOP,78,Sugarcane,471
125,65,150,6,900,20,MOP,78,Sugarcane,470
130,65,150,6,900,20,MOP,78,Sugarcane,469
135,65,150,6,900,20,MOP,78,Sugarcane,470
140,65,150,6,900,20,MOP,78,Sugarcane,470
145,65,150,6,900,20,MOP,78,Sugarcane,471
150,65,150,6,900,20,MOP,78,Sugarcane,472
120,70,120,6.5,1000,25,MOP,78,Sugarcane,460
125,70,120,6.5,1000,25,MOP,78,Sugarcane,459
130,70,120,6.5,1000,25,MOP,78,Sugarcane,458
135,70,120,6.5,1000,25,MOP,78,Sugarcane,458
140,70,120,6.5,1000,25,MOP,78,Sugarcane,459
145,70,120,6.5,1000,25,MOP,78,Sugarcane,460
150,70,120,6.5,1000,25,MOP,78,Sugarcane,461
120,75,125,7,900,30,MOP,78,Sugarcane,464
125,75,125,7,900,30,MOP,78,Sugarcane,463
130,75,125,7,900,30,MOP,78,Sugarcane,463
135,75,125,7,900,30,MOP,78,Sugarcane,463
140,75,125,7,900,30,MOP,78,Sugarcane,463
145,75,125,7,900,30,MOP,78,Sugarcane,464
150,75,125,7,900,30,MOP,78,Sugarcane,465
120,80,130,6,1000,35,MOP,78,Sugarcane,468
125,80,130,6,1000,35,MOP,78,Sugarcane,467
130,80,130,6,1000,35,MOP,78,Sugarcane,466
135,80,130,6,1000,35,MOP,78,Sugarcane,467
140,80,130,6,1000,35,MOP,78,Sugarcane,467
145,80,130,6,1000,35,MOP,78,Sugarcane,468
150,80,130,6,1000,35,MOP,78,Sugarcane,469
120,85,135,6.5,900,20,MOP,78,Sugarcane,471
125,85,135,6.5,900,20,MOP,78,Sugarcane,470
130,85,135,6.5,900,20,MOP,78,Sugarcane,469
135,85,135,6.5,900,20,MOP,78,Sugarcane,470
140,85,135,6.5,900,20,MOP,78,Sugarcane,470
145,85,135,6.5,900,20,MOP,78,Sugarcane,471
150,85,135,6.5,900,20,MOP,78,Sugarcane,472
120,90,140,7,1000,25,MOP,78,Sugarcane,468
125,90,140,7,1000,25,MOP,78,Sugarcane,467
130,90,140,7,1000,25,MOP,78,Sugarcane,466
135,90,140,7,1000,25,MOP,78,Sugarcane,466
140,90,140,7,1000,25,MOP,78,Sugarcane,467
145,90,140,7,1000,25,MOP,78,Sugarcane,468
150,90,140,7,1000,25,MOP,78,Sugarcane,469
120,60,150,6,900,30,Urea,78,Sugarcane,470
125,60,150,6,900,30,Urea,78,Sugarcane,469
130,60,150,6,900,30,Urea,78,Sugarcane,468
135,60,150,6,900,30,Urea,78,Sugarcane,468
140,60,150,6,900,30,Urea,78,Sugarcane,469
145,60,150,6,900,30,Urea,78,Sugarcane,470
150,60,150,6,900,30,Urea,78,Sugarcane,470
120,65,120,6.5,1000,35,Urea,78,Sugarcane,465
125,65,120,6.5,1000,35,Urea,78,Sugarcane,464
130,65,120,6.5,1000,35,Urea,78,Sugarcane,464
135,65,120,6.5,1000,35,Urea,78,Sugarcane,464
140,65,120,6.5,1000,35,Urea,78,Sugarcane,465
145,65,120,6.5,1000,35,Urea,78,Sugarcane,465
150,65,120,6.5,1000,35,Urea,78,Sugarcane,466
120,70,125,7,900,20,Urea,78,Sugarcane,466
125,70,125,7,900,20,Urea,78,Sugarcane,465
130,70,125,7,900,20,Urea,78,Sugarcane,464
135,70,125,7,900,20,Urea,78,Sugarcane,464
140,70,125,7,900,20,Urea,78,Sugarcane,465
145,70,125,7,900,20,Urea,78,Sugarcane,466
150,70,125,7,900,20,Urea,78,Sugarcane,466
120,75,130,6,1000,25,Urea,78,Sugarcane,462
125,75,130,6,1000,25,Urea,78,Sugarcane,461
130,75,130,6,1000,25,Urea,78,Sugarcane,461
135,75,130,6,1000,25,Urea,78,Sugarcane,461
140,75,130,6,1000,25,Urea,78,Sugarcane,462
145,75,130,6,1000,25,Urea,78,Sugarcane,462
150,75,130,6,1000,25,Urea,78,Sugarcane,463
120,80,135,6.5,900,30,Urea,78,Sugarcane,467
125,80,135,6.5,900,30,Urea,78,Sugarcane,466
130,80,135,6.5,900,30,Urea,78,Sugarcane,465
135,80,135,6.5,900,30,Urea,78,Sugarcane,466
140,80,135,6.5,900,30,Urea,78,Sugarcane,466
145,80,135,6.5,900,30,Urea,78,Sugarcane,467
150,80,135,6.5,900,30,Urea,78,Sugarcane,468
120,85,140,7,1000,35,Urea,78,Sugarcane,471
125,85,140,7,1000,35,Urea,78,Sugarcane,470
130,85,140,7,1000,35,Urea,78,Sugarcane,469
135,85,140,7,1000,35,Urea,78,Sugarcane,469
140,85,140,7,1000,35,Urea,78,Sugarcane,470
145,85,140,7,1000,35,Urea,78,Sugarcane,471
150,85,140,7,1000,35,Urea,78,Sugarcane,471
120,90,145,6,900,20,Urea,78,Sugarcane,474
125,90,145,6,900,20,Urea,78,Sugarcane,473
130,90,145,6,900,20,Urea,78,Sugarcane,472
135,90,145,6,900,20,Urea,78,Sugarcane,472
140,90,145,6,900,20,Urea,78,Sugarcane,473
145,90,145,6,900,20,Urea,78,Sugarcane,474
150,90,145,6,900,20,Urea,78,Sugarcane,474
40,40,60,5.5,900,20,Urea,75,Ginger,264
45,40,60,5.5,900,20,Urea,75,Ginger,263
50,40,60,5.5,900,20,Urea,75,Ginger,262
55,40,60,5.5,900,20,Urea,75,Ginger,263
60,40,60,5.5,900,20,Urea,75,Ginger,264
40,45,65,6,1000,25,Urea,75,Ginger,260
45,45,65,6,1000,25,Urea,75,Ginger,259
50,45,65,6,1000,25,Urea,75,Ginger,258
55,45,65,6,1000,25,Urea,75,Ginger,259
60,45,65,6,1000,25,Urea,75,Ginger,260
40,50,70,6.5,900,30,Urea,75,Ginger,259
45,50,70,6.5,900,30,Urea,75,Ginger,258
50,50,70,6.5,900,30,Urea,75,Ginger,257
55,50,70,6.5,900,30,Urea,75,Ginger,258
60,50,70,6.5,900,30,Urea,75,Ginger,259
40,55,75,5.5,1000,35,Urea,75,Ginger,262
45,55,75,5.5,1000,35,Urea,75,Ginger,261
50,55,75,5.5,1000,35,Urea,75,Ginger,261
55,55,75,5.5,1000,35,Urea,75,Ginger,262
60,55,75,5.5,1000,35,Urea,75,Ginger,263
40,60,80,6,900,20,Urea,75,Ginger,264
45,60,80,6,900,20,Urea,75,Ginger,263
50,60,80,6,900,20,Urea,75,Ginger,262
55,60,80,6,900,20,Urea,75,Ginger,263
60,60,80,6,900,20,Urea,75,Ginger,264
40,40,65,6.5,1000,25,Ammonium Sulphate,75,Ginger,261
45,40,65,6.5,1000,25,Ammonium Sulphate,75,Ginger,260
50,40,65,6.5,1000,25,Ammonium Sulphate,75,Ginger,259
55,40,65,6.5,1000,25,Ammonium Sulphate,75,Ginger,260
60,40,65,6.5,1000,25,Ammonium Sulphate,75,Ginger,261
40,45,70,5.5,900,30,Ammonium Sulphate,75,Ginger,260
45,45,70,5.5,900,30,Ammonium Sulphate,75,Ginger,259
50,45,70,5.5,900,30,Ammonium Sulphate,75,Ginger,258
55,45,70,5.5,900,30,Ammonium Sulphate,75,Ginger,259
60,45,70,5.5,900,30,Ammonium Sulphate,75,Ginger,260
40,50,75,6,1000,35,Ammonium Sulphate,75,Ginger,261
45,50,75,6,1000,35,Ammonium Sulphate,75,Ginger,260
50,50,75,6,1000,35,Ammonium Sulphate,75,Ginger,260
55,50,75,6,1000,35,Ammonium Sulphate,75,Ginger,261
60,50,75,6,1000,35,Ammonium Sulphate,75,Ginger,262
40,55,80,6.5,900,20,Ammonium Sulphate,75,Ginger,263
45,55,80,6.5,900,20,Ammonium Sulphate,75,Ginger,262
50,55,80,6.5,900,20,Ammonium Sulphate,75,Ginger,261
55,55,80,6.5,900,20,Ammonium Sulphate,75,Ginger,262
60,55,80,6.5,900,20,Ammonium Sulphate,75,Ginger,263
40,60,60,5.5,1000,25,Ammonium Sulphate,75,Ginger,262
45,60,60,5.5,1000,25,Ammonium Sulphate,75,Ginger,261
50,60,60,5.5,1000,25,Ammonium Sulphate,75,Ginger,260
55,60,60,5.5,1000,25,Ammonium Sulphate,75,Ginger,261
60,60,60,5.5,1000,25,Ammonium Sulphate,75,Ginger,262
40,40,70,6,900,30,DAP,75,Ginger,261
45,40,70,6,900,30,DAP,75,Ginger,260
50,40,70,6,900,30,DAP,75,Ginger,259
55,40,70,6,900,30,DAP,75,Ginger,260
60,40,70,6,900,30,DAP,75,Ginger,261
40,45,75,6.5,1000,35,DAP,75,Ginger,262
45,45,75,6.5,1000,35,DAP,75,Ginger,261
50,45,75,6.5,1000,35,DAP,75,Ginger,260
55,45,75,6.5,1000,35,DAP,75,Ginger,261
60,45,75,6.5,1000,35,DAP,75,Ginger,262
40,50,80,5.5,900,20,DAP,75,Ginger,262
45,50,80,5.5,900,20,DAP,75,Ginger,261
50,50,80,5.5,900,20,DAP,75,Ginger,260
55,50,80,5.5,900,20,DAP,75,Ginger,261
60,50,80,5.5,900,20,DAP,75,Ginger,262
40,55,60,6,1000,25,DAP,75,Ginger,261
45,55,60,6,1000,25,DAP,75,Ginger,260
50,55,60,6,1000,25,DAP,75,Ginger,259
55,55,60,6,1000,25,DAP,75,Ginger,260
60,55,60,6,1000,25,DAP,75,Ginger,261
40,60,65,6.5,900,30,DAP,75,Ginger,262
45,60,65,6.5,900,30,DAP,75,Ginger,261
50,60,65,6.5,900,30,DAP,75,Ginger,260
55,60,65,6.5,900,30,DAP,75,Ginger,261
60,60,65,6.5,900,30,DAP,75,Ginger,262
40,40,75,5.5,1000,35,Urea,75,Ginger,263
45,40,75,5.5,1000,35,Urea,75,Ginger,262
50,40,75,5.5,1000,35,Urea,75,Ginger,261
55,40,75,5.5,1000,35,Urea,75,Ginger,262
60,40,75,5.5,1000,35,Urea,75,Ginger,263
40,45,80,6,900,20,Urea,75,Ginger,263
45,45,80,6,900,20,Urea,75,Ginger,261
50,45,80,6,900,20,Urea,75,Ginger,261
55,45,80,6,900,20,Urea,75,Ginger,262
60,45,80,6,900,20,Urea,75,Ginger,263
40,50,60,6.5,1000,25,Urea,75,Ginger,260
45,50,60,6.5,1000,25,Urea,75,Ginger,259
50,50,60,6.5,1000,25,Urea,75,Ginger,258
55,50,60,6.5,1000,25,Urea,75,Ginger,259
60,50,60,6.5,1000,25,Urea,75,Ginger,260
40,55,65,5.5,900,30,Urea,75,Ginger,261
45,55,65,5.5,900,30,Urea,75,Ginger,259
50,55,65,5.5,900,30,Urea,75,Ginger,259
55,55,65,5.5,900,30,Urea,75,Ginger,260
60,55,65,5.5,900,30,Urea,75,Ginger,261
40,60,70,6,1000,35,Urea,75,Ginger,263
45,60,70,6,1000,35,Urea,75,Ginger,262
50,60,70,6,1000,35,Urea,75,Ginger,261
55,60,70,6,1000,35,Urea,75,Ginger,262
60,60,70,6,1000,35,Urea,75,Ginger,263
40,40,80,6.5,900,20,Ammonium Sulphate,75,Ginger,264
45,40,80,6.5,900,20,Ammonium Sulphate,75,Ginger,263
50,40,80,6.5,900,20,Ammonium Sulphate,75,Ginger,262
55,40,80,6.5,900,20,Ammonium Sulphate,75,Ginger,263
60,40,80,6.5,900,20,Ammonium Sulphate,75,Ginger,264
40,45,60,5.5,1000,25,Ammonium Sulphate,75,Ginger,261
45,45,60,5.5,1000,25,Ammonium Sulphate,75,Ginger,260
50,45,60,5.5,1000,25,Ammonium Sulphate,75,Ginger,259
55,45,60,5.5,1000,25,Ammonium Sulphate,75,Ginger,260
60,45,60,5.5,1000,25,Ammonium Sulphate,75,Ginger,261
40,50,65,6,900,30,Ammonium Sulphate,75,Ginger,259
45,50,65,6,900,30,Ammonium Sulphate,75,Ginger,258
50,50,65,6,900,30,Ammonium Sulphate,75,Ginger,258
55,50,65,6,900,30,Ammonium Sulphate,75,Ginger,259
60,50,65,6,900,30,Ammonium Sulphate,75,Ginger,260
40,55,70,6.5,1000,35,Ammonium Sulphate,75,Ginger,262
45,55,70,6.5,1000,35,Ammonium Sulphate,75,Ginger,261
50,55,70,6.5,1000,35,Ammonium Sulphate,75,Ginger,260
55,55,70,6.5,1000,35,Ammonium Sulphate,75,Ginger,261
60,55,70,6.5,1000,35,Ammonium Sulphate,75,Ginger,262
40,60,75,5.5,900,20,Ammonium Sulphate,75,Ginger,263
45,60,75,5.5,900,20,Ammonium Sulphate,75,Ginger,262
50,60,75,5.5,900,20,Ammonium Sulphate,75,Ginger,261
55,60,75,5.5,900,20,Ammonium Sulphate,75,Ginger,262
60,60,75,5.5,900,20,Ammonium Sulphate,75,Ginger,263
50,50,40,5.5,900,20,Urea,60,Turmeric,267
55,50,40,5.5,900,20,Urea,60,Turmeric,268
60,50,40,5.5,900,20,Urea,60,Turmeric,269
50,55,45,6,1000,25,Urea,60,Turmeric,264
55,55,45,6,1000,25,Urea,60,Turmeric,266
60,55,45,6,1000,25,Urea,60,Turmeric,267
50,60,50,6.5,900,30,Urea,60,Turmeric,270
55,60,50,6.5,900,30,Urea,60,Turmeric,271
60,60,50,6.5,900,30,Urea,60,Turmeric,272
50,50,45,7,1000,20,Ferrous Sulphate,60,Turmeric,265
55,50,45,7,1000,20,Ferrous Sulphate,60,Turmeric,266
60,50,45,7,1000,20,Ferrous Sulphate,60,Turmeric,267
50,55,50,7.5,900,25,Ferrous Sulphate,60,Turmeric,266
55,55,50,7.5,900,25,Ferrous Sulphate,60,Turmeric,267
60,55,50,7.5,900,25,Ferrous Sulphate,60,Turmeric,269
50,60,40,5.5,1000,30,Ferrous Sulphate,60,Turmeric,269
55,60,40,5.5,1000,30,Ferrous Sulphate,60,Turmeric,270
60,60,40,5.5,1000,30,Ferrous Sulphate,60,Turmeric,271
50,50,50,6,900,20,White Potash,60,Turmeric,267
55,50,50,6,900,20,White Potash,60,Turmeric,268
60,50,50,6,900,20,White Potash,60,Turmeric,269
50,55,40,6.5,1000,25,White Potash,60,Turmeric,265
55,55,40,6.5,1000,25,White Potash,60,Turmeric,267
60,55,40,6.5,1000,25,White Potash,60,Turmeric,268
50,60,45,7,900,30,White Potash,60,Turmeric,268
55,60,45,7,900,30,White Potash,60,Turmeric,270
60,60,45,7,900,30,White Potash,60,Turmeric,271
60,40,40,6,500,15,19:19:19 NPK,55,Wheat,116
65,40,40,6,500,15,19:19:19 NPK,55,Wheat,116
70,40,40,6,500,15,19:19:19 NPK,55,Wheat,115
75,40,40,6,500,15,19:19:19 NPK,55,Wheat,115
80,40,40,6,500,15,19:19:19 NPK,55,Wheat,115
60,45,45,6.5,600,20,19:19:19 NPK,55,Wheat,113
65,45,45,6.5,600,20,19:19:19 NPK,55,Wheat,113
70,45,45,6.5,600,20,19:19:19 NPK,55,Wheat,113
75,45,45,6.5,600,20,19:19:19 NPK,55,Wheat,113
80,45,45,6.5,600,20,19:19:19 NPK,55,Wheat,112
60,50,50,7,700,25,19:19:19 NPK,55,Wheat,113
65,50,50,7,700,25,19:19:19 NPK,55,Wheat,113
70,50,50,7,700,25,19:19:19 NPK,55,Wheat,112
75,50,50,7,700,25,19:19:19 NPK,55,Wheat,112
80,50,50,7,700,25,19:19:19 NPK,55,Wheat,112
60,55,55,7.5,500,15,19:19:19 NPK,55,Wheat,115
65,55,55,7.5,500,15,19:19:19 NPK,55,Wheat,114
70,55,55,7.5,500,15,19:19:19 NPK,55,Wheat,114
75,55,55,7.5,500,15,19:19:19 NPK,55,Wheat,114
80,55,55,7.5,500,15,19:19:19 NPK,55,Wheat,114
60,60,60,6,600,20,19:19:19 NPK,55,Wheat,114
65,60,60,6,600,20,19:19:19 NPK,55,Wheat,113
70,60,60,6,600,20,19:19:19 NPK,55,Wheat,113
75,60,60,6,600,20,19:19:19 NPK,55,Wheat,113
80,60,60,6,600,20,19:19:19 NPK,55,Wheat,113
60,40,45,6.5,700,25,Urea,55,Wheat,114
65,40,45,6.5,700,25,Urea,55,Wheat,114
70,40,45,6.5,700,25,Urea,55,Wheat,114
75,40,45,6.5,700,25,Urea,55,Wheat,113
80,40,45,6.5,700,25,Urea,55,Wheat,113
60,45,50,7,500,15,Urea,55,Wheat,115
65,45,50,7,500,15,Urea,55,Wheat,114
70,45,50,7,500,15,Urea,55,Wheat,114
75,45,50,7,500,15,Urea,55,Wheat,114
80,45,50,7,500,15,Urea,55,Wheat,114
60,50,55,7.5,600,20,Urea,55,Wheat,113
65,50,55,7.5,600,20,Urea,55,Wheat,113
70,50,55,7.5,600,20,Urea,55,Wheat,112
75,50,55,7.5,600,20,Urea,55,Wheat,112
80,50,55,7.5,600,20,Urea,55,Wheat,112
60,55,60,6,700,25,Urea,55,Wheat,114
65,55,60,6,700,25,Urea,55,Wheat,113
70,55,60,6,700,25,Urea,55,Wheat,113
75,55,60,6,700,25,Urea,55,Wheat,113
80,55,60,6,700,25,Urea,55,Wheat,113
60,60,40,6.5,500,15,Urea,55,Wheat,115
65,60,40,6.5,500,15,Urea,55,Wheat,115
70,60,40,6.5,500,15,Urea,55,Wheat,115
75,60,40,6.5,500,15,Urea,55,Wheat,115
80,60,40,6.5,500,15,Urea,55,Wheat,114
60,40,50,7,600,20,19:19:19 NPK,55,Wheat,113
65,40,50,7,600,20,19:19:19 NPK,55,Wheat,113
70,40,50,7,600,20,19:19:19 NPK,55,Wheat,113
75,40,50,7,600,20,19:19:19 NPK,55,Wheat,113
80,40,50,7,600,20,19:19:19 NPK,55,Wheat,112
60,45,55,7.5,700,25,19:19:19 NPK,55,Wheat,114
65,45,55,7.5,700,25,19:19:19 NPK,55,Wheat,114
70,45,55,7.5,700,25,19:19:19 NPK,55,Wheat,113
75,45,55,7.5,700,25,19:19:19 NPK,55,Wheat,113
80,45,55,7.5,700,25,19:19:19 NPK,55,Wheat,113
60,50,60,6,500,15,19:19:19 NPK,55,Wheat,115
65,50,60,6,500,15,19:19:19 NPK,55,Wheat,115
70,50,60,6,500,15,19:19:19 NPK,55,Wheat,115
75,50,60,6,500,15,19:19:19 NPK,55,Wheat,114
80,50,60,6,500,15,19:19:19 NPK,55,Wheat,114
60,55,40,6.5,600,20,19:19:19 NPK,55,Wheat,113
65,55,40,6.5,600,20,19:19:19 NPK,55,Wheat,113
70,55,40,6.5,600,20,19:19:19 NPK,55,Wheat,113
75,55,40,6.5,600,20,19:19:19 NPK,55,Wheat,112
80,55,40,6.5,600,20,19:19:19 NPK,55,Wheat,112
60,60,45,7,700,25,19:19:19 NPK,55,Wheat,114
65,60,45,7,700,25,19:19:19 NPK,55,Wheat,113
70,60,45,7,700,25,19:19:19 NPK,55,Wheat,113
75,60,45,7,700,25,19:19:19 NPK,55,Wheat,113
80,60,45,7,700,25,19:19:19 NPK,55,Wheat,113
60,40,55,7.5,500,15,Urea,55,Wheat,115
65,40,55,7.5,500,15,Urea,55,Wheat,115
70,40,55,7.5,500,15,Urea,55,Wheat,115
75,40,55,7.5,500,15,Urea,55,Wheat,115
80,40,55,7.5,500,15,Urea,55,Wheat,115
60,45,60,6,600,20,Urea,55,Wheat,114
65,45,60,6,600,20,Urea,55,Wheat,114
70,45,60,6,600,20,Urea,55,Wheat,113
75,45,60,6,600,20,Urea,55,Wheat,113
80,45,60,6,600,20,Urea,55,Wheat,113
60,50,40,6.5,700,25,Urea,55,Wheat,114
65,50,40,6.5,700,25,Urea,55,Wheat,113
70,50,40,6.5,700,25,Urea,55,Wheat,113
75,50,40,6.5,700,25,Urea,55,Wheat,113
80,50,40,6.5,700,25,Urea,55,Wheat,113
60,55,45,7,500,15,Urea,55,Wheat,114
65,55,45,7,500,15,Urea,55,Wheat,114
70,55,45,7,500,15,Urea,55,Wheat,114
75,55,45,7,500,15,Urea,55,Wheat,114
80,55,45,7,500,15,Urea,55,Wheat,114
60,60,50,7.5,600,20,Urea,55,Wheat,113
65,60,50,7.5,600,20,Urea,55,Wheat,113
70,60,50,7.5,600,20,Urea,55,Wheat,112
75,60,50,7.5,600,20,Urea,55,Wheat,112
80,60,50,7.5,600,20,Urea,55,Wheat,112
60,40,60,6,700,25,19:19:19 NPK,55,Wheat,115
65,40,60,6,700,25,19:19:19 NPK,55,Wheat,114
70,40,60,6,700,25,19:19:19 NPK,55,Wheat,114
75,40,60,6,700,25,19:19:19 NPK,55,Wheat,114
80,40,60,6,700,25,19:19:19 NPK,55,Wheat,114
60,45,40,6.5,500,15,19:19:19 NPK,55,Wheat,115
65,45,40,6.5,500,15,19:19:19 NPK,55,Wheat,115
70,45,40,6.5,500,15,19:19:19 NPK,55,Wheat,115
75,45,40,6.5,500,15,19:19:19 NPK,55,Wheat,115
80,45,40,6.5,500,15,19:19:19 NPK,55,Wheat,114
60,50,45,7,600,20,19:19:19 NPK,55,Wheat,113
65,50,45,7,600,20,19:19:19 NPK,55,Wheat,113
70,50,45,7,600,20,19:19:19 NPK,55,Wheat,112
75,50,45,7,600,20,19:19:19 NPK,55,Wheat,112
80,50,45,7,600,20,19:19:19 NPK,55,Wheat,112
60,55,50,7.5,700,25,19:19:19 NPK,55,Wheat,113
65,55,50,7.5,700,25,19:19:19 NPK,55,Wheat,113
70,55,50,7.5,700,25,19:19:19 NPK,55,Wheat,112
75,55,50,7.5,700,25,19:19:19 NPK,55,Wheat,112
80,55,50,7.5,700,25,19:19:19 NPK,55,Wheat,112
60,60,55,6,500,15,19:19:19 NPK,55,Wheat,115
65,60,55,6,500,15,19:19:19 NPK,55,Wheat,115
70,60,55,6,500,15,19:19:19 NPK,55,Wheat,114
75,60,55,6,500,15,19:19:19 NPK,55,Wheat,114
80,60,55,6,500,15,19:19:19 NPK,55,Wheat,114
120,60,80,6.5,700,20,DAP,78,Sugarcane,475
125,60,80,6.5,700,20,DAP,78,Sugarcane,475
130,60,80,6.5,700,20,DAP,78,Sugarcane,474
135,60,80,6.5,700,20,DAP,78,Sugarcane,474
140,60,80,6.5,700,20,DAP,78,Sugarcane,475
145,60,80,6.5,700,20,DAP,78,Sugarcane,476
150,60,80,6.5,700,20,DAP,78,Sugarcane,476
120,65,85,7,800,25,DAP,78,Sugarcane,468
125,65,85,7,800,25,DAP,78,Sugarcane,467
130,65,85,7,800,25,DAP,78,Sugarcane,467
135,65,85,7,800,25,DAP,78,Sugarcane,467
140,65,85,7,800,25,DAP,78,Sugarcane,468
145,65,85,7,800,25,DAP,78,Sugarcane,468
150,65,85,7,800,25,DAP,78,Sugarcane,469
120,70,90,6.5,700,30,DAP,78,Sugarcane,469
125,70,90,6.5,700,30,DAP,78,Sugarcane,468
130,70,90,6.5,700,30,DAP,78,Sugarcane,467
135,70,90,6.5,700,30,DAP,78,Sugarcane,467
140,70,90,6.5,700,30,DAP,78,Sugarcane,468
145,70,90,6.5,700,30,DAP,78,Sugarcane,469
150,70,90,6.5,700,30,DAP,78,Sugarcane,470
120,75,95,7,800,20,DAP,78,Sugarcane,470
125,75,95,7,800,20,DAP,78,Sugarcane,469
130,75,95,7,800,20,DAP,78,Sugarcane,468
135,75,95,7,800,20,DAP,78,Sugarcane,468
140,75,95,7,800,20,DAP,78,Sugarcane,469
145,75,95,7,800,20,DAP,78,Sugarcane,470
150,75,95,7,800,20,DAP,78,Sugarcane,470
120,80,100,6.5,700,25,DAP,78,Sugarcane,468
125,80,100,6.5,700,25,DAP,78,Sugarcane,468
130,80,100,6.5,700,25,DAP,78,Sugarcane,467
135,80,100,6.5,700,25,DAP,78,Sugarcane,467
140,80,100,6.5,700,25,DAP,78,Sugarcane,468
145,80,100,6.5,700,25,DAP,78,Sugarcane,469
150,80,100,6.5,700,25,DAP,78,Sugarcane,469
120,60,85,7,800,30,Urea,78,Sugarcane,470
125,60,85,7,800,30,Urea,78,Sugarcane,469
130,60,85,7,800,30,Urea,78,Sugarcane,469
135,60,85,7,800,30,Urea,78,Sugarcane,469
140,60,85,7,800,30,Urea,78,Sugarcane,470
145,60,85,7,800,30,Urea,78,Sugarcane,470
150,60,85,7,800,30,Urea,78,Sugarcane,471
120,65,90,6.5,700,20,Urea,78,Sugarcane,472
125,65,90,6.5,700,20,Urea,78,Sugarcane,472
130,65,90,6.5,700,20,Urea,78,Sugarcane,471
135,65,90,6.5,700,20,Urea,78,Sugarcane,471
140,65,90,6.5,700,20,Urea,78,Sugarcane,472
145,65,90,6.5,700,20,Urea,78,Sugarcane,473
150,65,90,6.5,700,20,Urea,78,Sugarcane,473
120,70,95,7,800,25,Urea,78,Sugarcane,465
125,70,95,7,800,25,Urea,78,Sugarcane,464
130,70,95,7,800,25,Urea,78,Sugarcane,464
135,70,95,7,800,25,Urea,78,Sugarcane,464
140,70,95,7,800,25,Urea,78,Sugarcane,465
145,70,95,7,800,25,Urea,78,Sugarcane,465
150,70,95,7,800,25,Urea,78,Sugarcane,466
120,75,100,6.5,700,30,Urea,78,Sugarcane,468
125,75,100,6.5,700,30,Urea,78,Sugarcane,467
130,75,100,6.5,700,30,Urea,78,Sugarcane,467
135,75,100,6.5,700,30,Urea,78,Sugarcane,467
140,75,100,6.5,700,30,Urea,78,Sugarcane,467
145,75,100,6.5,700,30,Urea,78,Sugarcane,468
150,75,100,6.5,700,30,Urea,78,Sugarcane,469
120,80,80,7,800,20,Urea,78,Sugarcane,473
125,80,80,7,800,20,Urea,78,Sugarcane,473
130,80,80,7,800,20,Urea,78,Sugarcane,472
135,80,80,7,800,20,Urea,78,Sugarcane,472
140,80,80,7,800,20,Urea,78,Sugarcane,473
145,80,80,7,800,20,Urea,78,Sugarcane,473
150,80,80,7,800,20,Urea,78,Sugarcane,474
120,60,90,6.5,700,25,MOP,78,Sugarcane,470
125,60,90,6.5,700,25,MOP,78,Sugarcane,470
130,60,90,6.5,700,25,MOP,78,Sugarcane,469
135,60,90,6.5,700,25,MOP,78,Sugarcane,469
140,60,90,6.5,700,25,MOP,78,Sugarcane,470
145,60,90,6.5,700,25,MOP,78,Sugarcane,471
150,60,90,6.5,700,25,MOP,78,Sugarcane,471
120,65,95,7,800,30,MOP,78,Sugarcane,467
125,65,95,7,800,30,MOP,78,Sugarcane,467
130,65,95,7,800,30,MOP,78,Sugarcane,466
135,65,95,7,800,30,MOP,78,Sugarcane,466
140,65,95,7,800,30,MOP,78,Sugarcane,467
145,65,95,7,800,30,MOP,78,Sugarcane,468
150,65,95,7,800,30,MOP,78,Sugarcane,468
120,70,100,6.5,700,20,MOP,78,Sugarcane,470
125,70,100,6.5,700,20,MOP,78,Sugarcane,469
130,70,100,6.5,700,20,MOP,78,Sugarcane,468
135,70,100,6.5,700,20,MOP,78,Sugarcane,468
140,70,100,6.5,700,20,MOP,78,Sugarcane,469
145,70,100,6.5,700,20,MOP,78,Sugarcane,470
150,70,100,6.5,700,20,MOP,78,Sugarcane,470
120,75,80,7,800,25,MOP,78,Sugarcane,469
125,75,80,7,800,25,MOP,78,Sugarcane,468
130,75,80,7,800,25,MOP,78,Sugarcane,467
135,75,80,7,800,25,MOP,78,Sugarcane,467
140,75,80,7,800,25,MOP,78,Sugarcane,468
145,75,80,7,800,25,MOP,78,Sugarcane,469
150,75,80,7,800,25,MOP,78,Sugarcane,469
120,80,85,6.5,700,30,MOP,78,Sugarcane,472
125,80,85,6.5,700,30,MOP,78,Sugarcane,471
130,80,85,6.5,700,30,MOP,78,Sugarcane,470
135,80,85,6.5,700,30,MOP,78,Sugarcane,470
140,80,85,6.5,700,30,MOP,78,Sugarcane,471
145,80,85,6.5,700,30,MOP,78,Sugarcane,472
150,80,85,6.5,700,30,MOP,78,Sugarcane,473
120,60,95,7,800,20,DAP,78,Sugarcane,471
125,60,95,7,800,20,DAP,78,Sugarcane,470
130,60,95,7,800,20,DAP,78,Sugarcane,470
135,60,95,7,800,20,DAP,78,Sugarcane,470
140,60,95,7,800,20,DAP,78,Sugarcane,471
145,60,95,7,800,20,DAP,78,Sugarcane,471
150,60,95,7,800,20,DAP,78,Sugarcane,472
120,65,100,6.5,700,25,DAP,78,Sugarcane,467
125,65,100,6.5,700,25,DAP,78,Sugarcane,467
130,65,100,6.5,700,25,DAP,78,Sugarcane,466
135,65,100,6.5,700,25,DAP,78,Sugarcane,466
140,65,100,6.5,700,25,DAP,78,Sugarcane,467
145,65,100,6.5,700,25,DAP,78,Sugarcane,468
150,65,100,6.5,700,25,DAP,78,Sugarcane,468
120,70,80,7,800,30,DAP,78,Sugarcane,468
125,70,80,7,800,30,DAP,78,Sugarcane,468
130,70,80,7,800,30,DAP,78,Sugarcane,467
135,70,80,7,800,30,DAP,78,Sugarcane,467
140,70,80,7,800,30,DAP,78,Sugarcane,468
145,70,80,7,800,30,DAP,78,Sugarcane,469
150,70,80,7,800,30,DAP,78,Sugarcane,469
120,75,85,6.5,700,20,DAP,78,Sugarcane,473
125,75,85,6.5,700,20,DAP,78,Sugarcane,472
130,75,85,6.5,700,20,DAP,78,Sugarcane,471
135,75,85,6.5,700,20,DAP,78,Sugarcane,472
140,75,85,6.5,700,20,DAP,78,Sugarcane,472
145,75,85,6.5,700,20,DAP,78,Sugarcane,473
150,75,85,6.5,700,20,DAP,78,Sugarcane,474
120,80,90,7,800,25,DAP,78,Sugarcane,468
125,80,90,7,800,25,DAP,78,Sugarcane,468
130,80,90,7,800,25,DAP,78,Sugarcane,467
135,80,90,7,800,25,DAP,78,Sugarcane,467
140,80,90,7,800,25,DAP,78,Sugarcane,468
145,80,90,7,800,25,DAP,78,Sugarcane,468
150,80,90,7,800,25,DAP,78,Sugarcane,469
120,60,100,6.5,700,30,Urea,78,Sugarcane,470
125,60,100,6.5,700,30,Urea,78,Sugarcane,469
130,60,100,6.5,700,30,Urea,78,Sugarcane,468
135,60,100,6.5,700,30,Urea,78,Sugarcane,468
140,60,100,6.5,700,30,Urea,78,Sugarcane,469
145,60,100,6.5,700,30,Urea,78,Sugarcane,470
150,60,100,6.5,700,30,Urea,78,Sugarcane,470
120,65,80,7,800,20,Urea,78,Sugarcane,472
125,65,80,7,800,20,Urea,78,Sugarcane,472
130,65,80,7,800,20,Urea,78,Sugarcane,471
135,65,80,7,800,20,Urea,78,Sugarcane,471
140,65,80,7,800,20,Urea,78,Sugarcane,472
145,65,80,7,800,20,Urea,78,Sugarcane,472
150,65,80,7,800,20,Urea,78,Sugarcane,473
120,70,85,6.5,700,25,Urea,78,Sugarcane,469
125,70,85,6.5,700,25,Urea,78,Sugarcane,468
130,70,85,6.5,700,25,Urea,78,Sugarcane,467
135,70,85,6.5,700,25,Urea,78,Sugarcane,467
140,70,85,6.5,700,25,Urea,78,Sugarcane,468
145,70,85,6.5,700,25,Urea,78,Sugarcane,469
150,70,85,6.5,700,25,Urea,78,Sugarcane,469
120,75,90,7,800,30,Urea,78,Sugarcane,468
125,75,90,7,800,30,Urea,78,Sugarcane,467
130,75,90,7,800,30,Urea,78,Sugarcane,466
135,75,90,7,800,30,Urea,78,Sugarcane,467
140,75,90,7,800,30,Urea,78,Sugarcane,467
145,75,90,7,800,30,Urea,78,Sugarcane,468
150,75,90,7,800,30,Urea,78,Sugarcane,469
120,80,95,6.5,700,20,Urea,78,Sugarcane,473
125,80,95,6.5,700,20,Urea,78,Sugarcane,472
130,80,95,6.5,700,20,Urea,78,Sugarcane,471
135,80,95,6.5,700,20,Urea,78,Sugarcane,471
140,80,95,6.5,700,20,Urea,78,Sugarcane,472
145,80,95,6.5,700,20,Urea,78,Sugarcane,473
150,80,95,6.5,700,20,Urea,78,Sugarcane,474
80,40,120,6,700,20,Ferrous Sulphate,45,Grapes,164
85,40,120,6,700,20,Ferrous Sulphate,45,Grapes,164
90,40,120,6,700,20,Ferrous Sulphate,45,Grapes,163
95,40,120,6,700,20,Ferrous Sulphate,45,Grapes,164
100,40,120,6,700,20,Ferrous Sulphate,45,Grapes,164
80,45,125,6.5,800,25,Ferrous Sulphate,45,Grapes,162
85,45,125,6.5,800,25,Ferrous Sulphate,45,Grapes,162
90,45,125,6.5,800,25,Ferrous Sulphate,45,Grapes,161
95,45,125,6.5,800,25,Ferrous Sulphate,45,Grapes,162
100,45,125,6.5,800,25,Ferrous Sulphate,45,Grapes,162
80,50,130,7,700,30,Ferrous Sulphate,45,Grapes,163
85,50,130,7,700,30,Ferrous Sulphate,45,Grapes,162
90,50,130,7,700,30,Ferrous Sulphate,45,Grapes,162
95,50,130,7,700,30,Ferrous Sulphate,45,Grapes,162
100,50,130,7,700,30,Ferrous Sulphate,45,Grapes,163
80,55,135,7.5,800,20,Ferrous Sulphate,45,Grapes,163
85,55,135,7.5,800,20,Ferrous Sulphate,45,Grapes,163
90,55,135,7.5,800,20,Ferrous Sulphate,45,Grapes,163
95,55,135,7.5,800,20,Ferrous Sulphate,45,Grapes,163
100,55,135,7.5,800,20,Ferrous Sulphate,45,Grapes,163
80,60,140,6,700,25,Ferrous Sulphate,45,Grapes,163
85,60,140,6,700,25,Ferrous Sulphate,45,Grapes,163
90,60,140,6,700,25,Ferrous Sulphate,45,Grapes,162
95,60,140,6,700,25,Ferrous Sulphate,45,Grapes,163
100,60,140,6,700,25,Ferrous Sulphate,45,Grapes,163
80,40,125,6.5,800,30,10:10:10 NPK,45,Grapes,164
85,40,125,6.5,800,30,10:10:10 NPK,45,Grapes,164
90,40,125,6.5,800,30,10:10:10 NPK,45,Grapes,163
95,40,125,6.5,800,30,10:10:10 NPK,45,Grapes,164
100,40,125,6.5,800,30,10:10:10 NPK,45,Grapes,164
80,45,130,7,700,20,10:10:10 NPK,45,Grapes,163
85,45,130,7,700,20,10:10:10 NPK,45,Grapes,163
90,45,130,7,700,20,10:10:10 NPK,45,Grapes,162
95,45,130,7,700,20,10:10:10 NPK,45,Grapes,163
100,45,130,7,700,20,10:10:10 NPK,45,Grapes,163
80,50,135,7.5,800,25,10:10:10 NPK,45,Grapes,162
85,50,135,7.5,800,25,10:10:10 NPK,45,Grapes,161
90,50,135,7.5,800,25,10:10:10 NPK,45,Grapes,161
95,50,135,7.5,800,25,10:10:10 NPK,45,Grapes,161
100,50,135,7.5,800,25,10:10:10 NPK,45,Grapes,162
80,55,140,6,700,30,10:10:10 NPK,45,Grapes,164
85,55,140,6,700,30,10:10:10 NPK,45,Grapes,163
90,55,140,6,700,30,10:10:10 NPK,45,Grapes,163
95,55,140,6,700,30,10:10:10 NPK,45,Grapes,163
100,55,140,6,700,30,10:10:10 NPK,45,Grapes,164
80,60,120,6.5,800,20,10:10:10 NPK,45,Grapes,164
85,60,120,6.5,800,20,10:10:10 NPK,45,Grapes,164
90,60,120,6.5,800,20,10:10:10 NPK,45,Grapes,163
95,60,120,6.5,800,20,10:10:10 NPK,45,Grapes,164
100,60,120,6.5,800,20,10:10:10 NPK,45,Grapes,164
80,40,130,7,700,25,Hydrated Lime,45,Grapes,162
85,40,130,7,700,25,Hydrated Lime,45,Grapes,162
90,40,130,7,700,25,Hydrated Lime,45,Grapes,162
95,40,130,7,700,25,Hydrated Lime,45,Grapes,162
100,40,130,7,700,25,Hydrated Lime,45,Grapes,162
80,45,135,7.5,800,30,Hydrated Lime,45,Grapes,163
85,45,135,7.5,800,30,Hydrated Lime,45,Grapes,163
90,45,135,7.5,800,30,Hydrated Lime,45,Grapes,163
95,45,135,7.5,800,30,Hydrated Lime,45,Grapes,163
100,45,135,7.5,800,30,Hydrated Lime,45,Grapes,163
80,50,140,6,700,20,Hydrated Lime,45,Grapes,163
85,50,140,6,700,20,Hydrated Lime,45,Grapes,162
90,50,140,6,700,20,Hydrated Lime,45,Grapes,162
95,50,140,6,700,20,Hydrated Lime,45,Grapes,162
100,50,140,6,700,20,Hydrated Lime,45,Grapes,163
80,55,120,6.5,800,25,Hydrated Lime,45,Grapes,162
85,55,120,6.5,800,25,Hydrated Lime,45,Grapes,162
90,55,120,6.5,800,25,Hydrated Lime,45,Grapes,162
95,55,120,6.5,800,25,Hydrated Lime,45,Grapes,162
100,55,120,6.5,800,25,Hydrated Lime,45,Grapes,163
80,60,125,7,700,30,Hydrated Lime,45,Grapes,164
85,60,125,7,700,30,Hydrated Lime,45,Grapes,164
90,60,125,7,700,30,Hydrated Lime,45,Grapes,163
95,60,125,7,700,30,Hydrated Lime,45,Grapes,164
100,60,125,7,700,30,Hydrated Lime,45,Grapes,164
80,40,135,7.5,800,20,Ferrous Sulphate,45,Grapes,164
85,40,135,7.5,800,20,Ferrous Sulphate,45,Grapes,163
90,40,135,7.5,800,20,Ferrous Sulphate,45,Grapes,163
95,40,135,7.5,800,20,Ferrous Sulphate,45,Grapes,163
100,40,135,7.5,800,20,Ferrous Sulphate,45,Grapes,164
80,45,140,6,700,25,Ferrous Sulphate,45,Grapes,162
85,45,140,6,700,25,Ferrous Sulphate,45,Grapes,162
90,45,140,6,700,25,Ferrous Sulphate,45,Grapes,162
95,45,140,6,700,25,Ferrous Sulphate,45,Grapes,162
100,45,140,6,700,25,Ferrous Sulphate,45,Grapes,162
80,50,120,6.5,800,30,Ferrous Sulphate,45,Grapes,163
85,50,120,6.5,800,30,Ferrous Sulphate,45,Grapes,163
90,50,120,6.5,800,30,Ferrous Sulphate,45,Grapes,162
95,50,120,6.5,800,30,Ferrous Sulphate,45,Grapes,163
100,50,120,6.5,800,30,Ferrous Sulphate,45,Grapes,163
80,55,125,7,700,20,Ferrous Sulphate,45,Grapes,163
85,55,125,7,700,20,Ferrous Sulphate,45,Grapes,163
90,55,125,7,700,20,Ferrous Sulphate,45,Grapes,163
95,55,125,7,700,20,Ferrous Sulphate,45,Grapes,163
100,55,125,7,700,20,Ferrous Sulphate,45,Grapes,163
80,60,130,7.5,800,25,Ferrous Sulphate,45,Grapes,163
85,60,130,7.5,800,25,Ferrous Sulphate,45,Grapes,162
90,60,130,7.5,800,25,Ferrous Sulphate,45,Grapes,162
95,60,130,7.5,800,25,Ferrous Sulphate,45,Grapes,162
100,60,130,7.5,800,25,Ferrous Sulphate,45,Grapes,163
80,40,140,6,700,30,10:10:10 NPK,45,Grapes,164
85,40,140,6,700,30,10:10:10 NPK,45,Grapes,164
90,40,140,6,700,30,10:10:10 NPK,45,Grapes,164
95,40,140,6,700,30,10:10:10 NPK,45,Grapes,164
100,40,140,6,700,30,10:10:10 NPK,45,Grapes,164
80,45,120,6.5,800,20,10:10:10 NPK,45,Grapes,163
85,45,120,6.5,800,20,10:10:10 NPK,45,Grapes,163
90,45,120,6.5,800,20,10:10:10 NPK,45,Grapes,163
95,45,120,6.5,800,20,10:10:10 NPK,45,Grapes,163
100,45,120,6.5,800,20,10:10:10 NPK,45,Grapes,163
80,50,125,7,700,25,10:10:10 NPK,45,Grapes,162
85,50,125,7,700,25,10:10:10 NPK,45,Grapes,161
90,50,125,7,700,25,10:10:10 NPK,45,Grapes,161
95,50,125,7,700,25,10:10:10 NPK,45,Grapes,161
100,50,125,7,700,25,10:10:10 NPK,45,Grapes,162
80,55,130,7.5,800,30,10:10:10 NPK,45,Grapes,163
85,55,130,7.5,800,30,10:10:10 NPK,45,Grapes,163
90,55,130,7.5,800,30,10:10:10 NPK,45,Grapes,163
95,55,130,7.5,800,30,10:10:10 NPK,45,Grapes,163
100,55,130,7.5,800,30,10:10:10 NPK,45,Grapes,163
80,60,135,6,700,20,10:10:10 NPK,45,Grapes,164
85,60,135,6,700,20,10:10:10 NPK,45,Grapes,164
90,60,135,6,700,20,10:10:10 NPK,45,Grapes,163
95,60,135,6,700,20,10:10:10 NPK,45,Grapes,164
100,60,135,6,700,20,10:10:10 NPK,45,Grapes,164
120,60,40,5.5,500,20,MOP,65,Maize,108
125,60,40,5.5,500,20,MOP,65,Maize,108
130,60,40,5.5,500,20,MOP,65,Maize,108
135,60,40,5.5,500,20,MOP,65,Maize,108
140,60,40,5.5,500,20,MOP,65,Maize,108
145,60,40,5.5,500,20,MOP,65,Maize,108
150,60,40,5.5,500,20,MOP,65,Maize,108
120,65,45,6,600,25,MOP,65,Maize,106
125,65,45,6,600,25,MOP,65,Maize,106
130,65,45,6,600,25,MOP,65,Maize,106
135,65,45,6,600,25,MOP,65,Maize,106
140,65,45,6,600,25,MOP,65,Maize,106
145,65,45,6,600,25,MOP,65,Maize,106
150,65,45,6,600,25,MOP,65,Maize,106
120,70,50,6.5,500,30,MOP,65,Maize,107
125,70,50,6.5,500,30,MOP,65,Maize,107
130,70,50,6.5,500,30,MOP,65,Maize,107
135,70,50,6.5,500,30,MOP,65,Maize,106
140,70,50,6.5,500,30,MOP,65,Maize,107
145,70,50,6.5,500,30,MOP,65,Maize,107
150,70,50,6.5,500,30,MOP,65,Maize,107
120,75,55,7,600,20,MOP,65,Maize,107
125,75,55,7,600,20,MOP,65,Maize,107
130,75,55,7,600,20,MOP,65,Maize,107
135,75,55,7,600,20,MOP,65,Maize,107
140,75,55,7,600,20,MOP,65,Maize,107
145,75,55,7,600,20,MOP,65,Maize,107
150,75,55,7,600,20,MOP,65,Maize,107
120,80,60,7.5,500,25,MOP,65,Maize,108
125,80,60,7.5,500,25,MOP,65,Maize,107
130,80,60,7.5,500,25,MOP,65,Maize,107
135,80,60,7.5,500,25,MOP,65,Maize,107
140,80,60,7.5,500,25,MOP,65,Maize,107
145,80,60,7.5,500,25,MOP,65,Maize,107
150,80,60,7.5,500,25,MOP,65,Maize,108
120,60,45,5.5,600,30,SSP,65,Maize,108
125,60,45,5.5,600,30,SSP,65,Maize,107
130,60,45,5.5,600,30,SSP,65,Maize,107
135,60,45,5.5,600,30,SSP,65,Maize,107
140,60,45,5.5,600,30,SSP,65,Maize,107
145,60,45,5.5,600,30,SSP,65,Maize,107
150,60,45,5.5,600,30,SSP,65,Maize,108
120,65,50,6,500,20,SSP,65,Maize,107
125,65,50,6,500,20,SSP,65,Maize,107
130,65,50,6,500,20,SSP,65,Maize,107
135,65,50,6,500,20,SSP,65,Maize,107
140,65,50,6,500,20,SSP,65,Maize,107
145,65,50,6,500,20,SSP,65,Maize,107
150,65,50,6,500,20,SSP,65,Maize,107
120,70,55,6.5,600,25,SSP,65,Maize,106
125,70,55,6.5,600,25,SSP,65,Maize,106
130,70,55,6.5,600,25,SSP,65,Maize,106
135,70,55,6.5,600,25,SSP,65,Maize,106
140,70,55,6.5,600,25,SSP,65,Maize,106
145,70,55,6.5,600,25,SSP,65,Maize,106
150,70,55,6.5,600,25,SSP,65,Maize,106
120,75,60,7,500,30,SSP,65,Maize,108
125,75,60,7,500,30,SSP,65,Maize,108
130,75,60,7,500,30,SSP,65,Maize,108
135,75,60,7,500,30,SSP,65,Maize,108
140,75,60,7,500,30,SSP,65,Maize,108
145,75,60,7,500,30,SSP,65,Maize,108
150,75,60,7,500,30,SSP,65,Maize,108
120,80,40,7.5,600,20,SSP,65,Maize,108
125,80,40,7.5,600,20,SSP,65,Maize,108
130,80,40,7.5,600,20,SSP,65,Maize,108
135,80,40,7.5,600,20,SSP,65,Maize,107
140,80,40,7.5,600,20,SSP,65,Maize,108
145,80,40,7.5,600,20,SSP,65,Maize,108
150,80,40,7.5,600,20,SSP,65,Maize,108
120,60,50,5.5,500,25,Urea,65,Maize,107
125,60,50,5.5,500,25,Urea,65,Maize,107
130,60,50,5.5,500,25,Urea,65,Maize,106
135,60,50,5.5,500,25,Urea,65,Maize,106
140,60,50,5.5,500,25,Urea,65,Maize,106
145,60,50,5.5,500,25,Urea,65,Maize,107
150,60,50,5.5,500,25,Urea,65,Maize,107
120,65,55,6,600,30,Urea,65,Maize,107
125,65,55,6,600,30,Urea,65,Maize,107
130,65,55,6,600,30,Urea,65,Maize,107
135,65,55,6,600,30,Urea,65,Maize,107
140,65,55,6,600,30,Urea,65,Maize,107
145,65,55,6,600,30,Urea,65,Maize,107
150,65,55,6,600,30,Urea,65,Maize,107
120,70,60,6.5,500,20,Urea,65,Maize,108
125,70,60,6.5,500,20,Urea,65,Maize,108
130,70,60,6.5,500,20,Urea,65,Maize,107
135,70,60,6.5,500,20,Urea,65,Maize,107
140,70,60,6.5,500,20,Urea,65,Maize,107
145,70,60,6.5,500,20,Urea,65,Maize,108
150,70,60,6.5,500,20,Urea,65,Maize,108
120,75,40,7,600,25,Urea,65,Maize,107
125,75,40,7,600,25,Urea,65,Maize,107
130,75,40,7,600,25,Urea,65,Maize,106
135,75,40,7,600,25,Urea,65,Maize,106
140,75,40,7,600,25,Urea,65,Maize,106
145,75,40,7,600,25,Urea,65,Maize,107
150,75,40,7,600,25,Urea,65,Maize,107
120,80,45,7.5,500,30,Urea,65,Maize,108
125,80,45,7.5,500,30,Urea,65,Maize,108
130,80,45,7.5,500,30,Urea,65,Maize,108
135,80,45,7.5,500,30,Urea,65,Maize,107
140,80,45,7.5,500,30,Urea,65,Maize,108
145,80,45,7.5,500,30,Urea,65,Maize,108
150,80,45,7.5,500,30,Urea,65,Maize,108
120,60,55,5.5,600,20,MOP,65,Maize,108
125,60,55,5.5,600,20,MOP,65,Maize,107
130,60,55,5.5,600,20,MOP,65,Maize,107
135,60,55,5.5,600,20,MOP,65,Maize,107
140,60,55,5.5,600,20,MOP,65,Maize,107
145,60,55,5.5,600,20,MOP,65,Maize,107
150,60,55,5.5,600,20,MOP,65,Maize,108
120,65,60,6,500,25,MOP,65,Maize,107
125,65,60,6,500,25,MOP,65,Maize,107
130,65,60,6,500,25,MOP,65,Maize,107
135,65,60,6,500,25,MOP,65,Maize,107
140,65,60,6,500,25,MOP,65,Maize,107
145,65,60,6,500,25,MOP,65,Maize,107
150,65,60,6,500,25,MOP,65,Maize,107
120,70,40,6.5,600,30,MOP,65,Maize,107
125,70,40,6.5,600,30,MOP,65,Maize,107
130,70,40,6.5,600,30,MOP,65,Maize,107
135,70,40,6.5,600,30,MOP,65,Maize,107
140,70,40,6.5,600,30,MOP,65,Maize,107
145,70,40,6.5,600,30,MOP,65,Maize,107
150,70,40,6.5,600,30,MOP,65,Maize,107
120,75,45,7,500,20,MOP,65,Maize,107
125,75,45,7,500,20,MOP,65,Maize,107
130,75,45,7,500,20,MOP,65,Maize,107
135,75,45,7,500,20,MOP,65,Maize,107
140,75,45,7,500,20,MOP,65,Maize,107
145,75,45,7,500,20,MOP,65,Maize,107
150,75,45,7,500,20,MOP,65,Maize,107
120,80,50,7.5,600,25,MOP,65,Maize,106
125,80,50,7.5,600,25,MOP,65,Maize,106
130,80,50,7.5,600,25,MOP,65,Maize,106
135,80,50,7.5,600,25,MOP,65,Maize,106
140,80,50,7.5,600,25,MOP,65,Maize,106
145,80,50,7.5,600,25,MOP,65,Maize,106
150,80,50,7.5,600,25,MOP,65,Maize,106
120,60,60,5.5,500,30,SSP,65,Maize,108
125,60,60,5.5,500,30,SSP,65,Maize,108
130,60,60,5.5,500,30,SSP,65,Maize,108
135,60,60,5.5,500,30,SSP,65,Maize,108
140,60,60,5.5,500,30,SSP,65,Maize,108
145,60,60,5.5,500,30,SSP,65,Maize,108
150,60,60,5.5,500,30,SSP,65,Maize,108
120,65,40,6,600,20,SSP,65,Maize,108
125,65,40,6,600,20,SSP,65,Maize,107
130,65,40,6,600,20,SSP,65,Maize,107
135,65,40,6,600,20,SSP,65,Maize,107
140,65,40,6,600,20,SSP,65,Maize,107
145,65,40,6,600,20,SSP,65,Maize,107
150,65,40,6,600,20,SSP,65,Maize,108
120,70,45,6.5,500,25,SSP,65,Maize,106
125,70,45,6.5,500,25,SSP,65,Maize,106
130,70,45,6.5,500,25,SSP,65,Maize,106
135,70,45,6.5,500,25,SSP,65,Maize,106
140,70,45,6.5,500,25,SSP,65,Maize,106
145,70,45,6.5,500,25,SSP,65,Maize,106
150,70,45,6.5,500,25,SSP,65,Maize,106
120,75,50,7,600,30,SSP,65,Maize,107
125,75,50,7,600,30,SSP,65,Maize,107
130,75,50,7,600,30,SSP,65,Maize,107
135,75,50,7,600,30,SSP,65,Maize,106
140,75,50,7,600,30,SSP,65,Maize,107
145,75,50,7,600,30,SSP,65,Maize,107
150,75,50,7,600,30,SSP,65,Maize,107
120,80,55,7.5,500,20,SSP,65,Maize,108
125,80,30,7.5,500,20,SSP,65,Maize,109
130,80,30,7.5,500,20,SSP,65,Maize,109
135,80,30,7.5,500,20,SSP,65,Maize,109
140,80,40,7.5,500,20,SSP,65,Maize,108
145,80,40,7.5,500,20,SSP,65,Maize,108
150,80,40,7.5,500,20,SSP,65,Maize,108
100,40,40,6,800,15,19:19:19 NPK,55,Wheat,114
105,40,40,6,800,15,19:19:19 NPK,55,Wheat,114
110,40,40,6,800,15,19:19:19 NPK,55,Wheat,115
115,40,40,6,800,15,19:19:19 NPK,55,Wheat,115
120,40,40,6,800,15,19:19:19 NPK,55,Wheat,115
100,45,45,6.5,900,20,19:19:19 NPK,55,Wheat,113
105,45,45,6.5,900,20,19:19:19 NPK,55,Wheat,113
110,45,45,6.5,900,20,19:19:19 NPK,55,Wheat,113
115,45,45,6.5,900,20,19:19:19 NPK,55,Wheat,113
120,45,45,6.5,900,20,19:19:19 NPK,55,Wheat,114
100,50,50,7,800,25,19:19:19 NPK,55,Wheat,112
105,50,50,7,800,25,19:19:19 NPK,55,Wheat,113
110,50,50,7,800,25,19:19:19 NPK,55,Wheat,113
115,50,50,7,800,25,19:19:19 NPK,55,Wheat,113
120,50,50,7,800,25,19:19:19 NPK,55,Wheat,113
100,55,55,7.5,900,15,19:19:19 NPK,55,Wheat,113
105,55,55,7.5,900,15,19:19:19 NPK,55,Wheat,114
110,55,55,7.5,900,15,19:19:19 NPK,55,Wheat,114
115,55,55,7.5,900,15,19:19:19 NPK,55,Wheat,114
120,55,55,7.5,900,15,19:19:19 NPK,55,Wheat,114
100,60,60,6,800,20,19:19:19 NPK,55,Wheat,113
105,60,60,6,800,20,19:19:19 NPK,55,Wheat,113
110,60,60,6,800,20,19:19:19 NPK,55,Wheat,113
115,60,60,6,800,20,19:19:19 NPK,55,Wheat,113
120,60,60,6,800,20,19:19:19 NPK,55,Wheat,113
100,40,45,6.5,900,25,Urea,55,Wheat,114
105,40,45,6.5,900,25,Urea,55,Wheat,114
110,40,45,6.5,900,25,Urea,55,Wheat,115
115,40,45,6.5,900,25,Urea,55,Wheat,115
120,40,45,6.5,900,25,Urea,55,Wheat,115
100,45,50,7,800,15,Urea,55,Wheat,113
105,45,50,7,800,15,Urea,55,Wheat,113
110,45,50,7,800,15,Urea,55,Wheat,113
115,45,50,7,800,15,Urea,55,Wheat,114
120,45,50,7,800,15,Urea,55,Wheat,114
100,50,55,7.5,900,20,Urea,55,Wheat,112
105,50,55,7.5,900,20,Urea,55,Wheat,113
110,50,55,7.5,900,20,Urea,55,Wheat,113
115,50,55,7.5,900,20,Urea,55,Wheat,113
120,50,55,7.5,900,20,Urea,55,Wheat,113
100,55,60,6,800,25,Urea,55,Wheat,113
105,55,60,6,800,25,Urea,55,Wheat,113
110,55,60,6,800,25,Urea,55,Wheat,114
115,55,60,6,800,25,Urea,55,Wheat,114
120,55,60,6,800,25,Urea,55,Wheat,114
100,60,40,6.5,900,15,Urea,55,Wheat,114
105,60,40,6.5,900,15,Urea,55,Wheat,114
110,60,40,6.5,900,15,Urea,55,Wheat,115
115,60,40,6.5,900,15,Urea,55,Wheat,115
120,60,40,6.5,900,15,Urea,55,Wheat,115
100,40,50,7,800,15,19:19:19 NPK,55,Wheat,113
105,40,50,7,800,15,19:19:19 NPK,55,Wheat,113
110,40,50,7,800,15,19:19:19 NPK,55,Wheat,114
115,40,50,7,800,15,19:19:19 NPK,55,Wheat,114
120,40,50,7,800,15,19:19:19 NPK,55,Wheat,114
100,45,55,7.5,900,20,19:19:19 NPK,55,Wheat,113
105,45,55,7.5,900,20,19:19:19 NPK,55,Wheat,113
110,45,55,7.5,900,20,19:19:19 NPK,55,Wheat,113
115,45,55,7.5,900,20,19:19:19 NPK,55,Wheat,113
120,45,55,7.5,900,20,19:19:19 NPK,55,Wheat,114
100,50,60,6,800,25,19:19:19 NPK,55,Wheat,113
105,50,60,6,800,25,19:19:19 NPK,55,Wheat,113
110,50,60,6,800,25,19:19:19 NPK,55,Wheat,114
115,50,60,6,800,25,19:19:19 NPK,55,Wheat,114
120,50,60,6,800,25,19:19:19 NPK,55,Wheat,114
100,55,40,6.5,900,15,19:19:19 NPK,55,Wheat,114
105,55,40,6.5,900,15,19:19:19 NPK,55,Wheat,114
110,55,40,6.5,900,15,19:19:19 NPK,55,Wheat,114
115,55,40,6.5,900,15,19:19:19 NPK,55,Wheat,114
120,55,40,6.5,900,15,19:19:19 NPK,55,Wheat,115
100,60,45,7,800,20,19:19:19 NPK,55,Wheat,112
105,60,45,7,800,20,19:19:19 NPK,55,Wheat,112
110,60,45,7,800,20,19:19:19 NPK,55,Wheat,112
115,60,45,7,800,20,19:19:19 NPK,55,Wheat,113
120,60,45,7,800,20,19:19:19 NPK,55,Wheat,113
100,40,55,7.5,900,25,Urea,55,Wheat,114
105,40,55,7.5,900,25,Urea,55,Wheat,115
110,40,55,7.5,900,25,Urea,55,Wheat,115
115,40,55,7.5,900,25,Urea,55,Wheat,115
120,40,55,7.5,900,25,Urea,55,Wheat,115
100,45,60,6,800,15,Urea,55,Wheat,114
105,45,60,6,800,15,Urea,55,Wheat,114
110,45,60,6,800,15,Urea,55,Wheat,114
115,45,60,6,800,15,Urea,55,Wheat,114
120,45,60,6,800,15,Urea,55,Wheat,115
100,50,40,6.5,900,20,Urea,55,Wheat,113
105,50,40,6.5,900,20,Urea,55,Wheat,113
110,50,40,6.5,900,20,Urea,55,Wheat,113
115,50,40,6.5,900,20,Urea,55,Wheat,113
120,50,40,6.5,900,20,Urea,55,Wheat,114
100,55,45,7,800,25,Urea,55,Wheat,113
105,55,45,7,800,25,Urea,55,Wheat,113
110,55,45,7,800,25,Urea,55,Wheat,113
115,55,45,7,800,25,Urea,55,Wheat,113
120,55,45,7,800,25,Urea,55,Wheat,114
100,60,50,7.5,900,15,Urea,55,Wheat,113
105,60,50,7.5,900,15,Urea,55,Wheat,114
110,60,50,7.5,900,15,Urea,55,Wheat,114
115,60,50,7.5,900,15,Urea,55,Wheat,114
120,60,50,7.5,900,15,Urea,55,Wheat,114
100,40,60,6,800,15,19:19:19 NPK,55,Wheat,114
105,40,60,6,800,15,19:19:19 NPK,55,Wheat,114
110,40,60,6,800,15,19:19:19 NPK,55,Wheat,115
115,40,60,6,800,15,19:19:19 NPK,55,Wheat,115
120,40,60,6,800,15,19:19:19 NPK,55,Wheat,115
100,45,40,6.5,900,20,19:19:19 NPK,55,Wheat,113
105,45,40,6.5,900,20,19:19:19 NPK,55,Wheat,113
110,45,40,6.5,900,20,19:19:19 NPK,55,Wheat,114
115,45,40,6.5,900,20,19:19:19 NPK,55,Wheat,114
120,45,40,6.5,900,20,19:19:19 NPK,55,Wheat,114
100,50,45,7,800,25,19:19:19 NPK,55,Wheat,113
105,50,45,7,800,25,19:19:19 NPK,55,Wheat,113
110,50,45,7,800,25,19:19:19 NPK,55,Wheat,113
115,50,45,7,800,25,19:19:19 NPK,55,Wheat,113
120,50,45,7,800,25,19:19:19 NPK,55,Wheat,114
100,55,50,7.5,900,15,19:19:19 NPK,55,Wheat,113
105,55,50,7.5,900,15,19:19:19 NPK,55,Wheat,113
110,55,50,7.5,900,15,19:19:19 NPK,55,Wheat,113
115,55,50,7.5,900,15,19:19:19 NPK,55,Wheat,114
120,55,50,7.5,900,15,19:19:19 NPK,55,Wheat,114
100,60,55,6,800,20,19:19:19 NPK,55,Wheat,112
105,60,55,6,800,20,19:19:19 NPK,55,Wheat,112
110,60,55,6,800,20,19:19:19 NPK,55,Wheat,113
115,60,55,6,800,20,19:19:19 NPK,55,Wheat,113
120,60,55,6,800,20,19:19:19 NPK,55,Wheat,113
60,40,40,6,800,25,10:26:26 NPK,50,Jowar,107
65,40,40,6,800,25,10:26:26 NPK,50,Jowar,108
70,40,40,6,800,25,10:26:26 NPK,50,Jowar,108
75,40,40,6,800,25,10:26:26 NPK,50,Jowar,108
80,40,40,6,800,25,10:26:26 NPK,50,Jowar,109
60,45,45,6.5,900,30,10:26:26 NPK,50,Jowar,109
65,45,45,6.5,900,30,10:26:26 NPK,50,Jowar,109
70,45,45,6.5,900,30,10:26:26 NPK,50,Jowar,110
75,45,45,6.5,900,30,10:26:26 NPK,50,Jowar,110
80,45,45,6.5,900,30,10:26:26 NPK,50,Jowar,110
60,50,50,7,800,25,10:26:26 NPK,50,Jowar,110
65,50,50,7,800,25,10:26:26 NPK,50,Jowar,110
70,50,50,7,800,25,10:26:26 NPK,50,Jowar,110
75,50,50,7,800,25,10:26:26 NPK,50,Jowar,111
80,50,50,7,800,25,10:26:26 NPK,50,Jowar,111
60,55,55,7.5,900,30,10:26:26 NPK,50,Jowar,111
65,55,55,7.5,900,30,10:26:26 NPK,50,Jowar,111
70,55,55,7.5,900,30,10:26:26 NPK,50,Jowar,112
75,55,55,7.5,900,30,10:26:26 NPK,50,Jowar,112
80,55,55,7.5,900,30,10:26:26 NPK,50,Jowar,113
60,60,60,6,800,25,10:26:26 NPK,50,Jowar,112
65,60,60,6,800,25,10:26:26 NPK,50,Jowar,112
70,60,60,6,800,25,10:26:26 NPK,50,Jowar,113
75,60,60,6,800,25,10:26:26 NPK,50,Jowar,113
80,60,60,6,800,25,10:26:26 NPK,50,Jowar,113
60,40,45,6.5,900,30,Urea,50,Jowar,108
65,40,45,6.5,900,30,Urea,50,Jowar,109
70,40,45,6.5,900,30,Urea,50,Jowar,109
75,40,45,6.5,900,30,Urea,50,Jowar,109
80,40,45,6.5,900,30,Urea,50,Jowar,110
60,45,50,7,800,25,Urea,50,Jowar,109
65,45,50,7,800,25,Urea,50,Jowar,109
70,45,50,7,800,25,Urea,50,Jowar,110
75,45,50,7,800,25,Urea,50,Jowar,110
80,45,50,7,800,25,Urea,50,Jowar,111
60,50,55,7.5,900,30,Urea,50,Jowar,111
65,50,55,7.5,900,30,Urea,50,Jowar,111
70,50,55,7.5,900,30,Urea,50,Jowar,111
75,50,55,7.5,900,30,Urea,50,Jowar,112
80,50,55,7.5,900,30,Urea,50,Jowar,112
60,55,60,6,800,25,Urea,50,Jowar,111
65,55,60,6,800,25,Urea,50,Jowar,112
70,55,60,6,800,25,Urea,50,Jowar,112
75,55,60,6,800,25,Urea,50,Jowar,112
80,55,60,6,800,25,Urea,50,Jowar,113
60,60,40,6.5,900,30,Urea,50,Jowar,110
65,60,40,6.5,900,30,Urea,50,Jowar,110
70,60,40,6.5,900,30,Urea,50,Jowar,111
75,60,40,6.5,900,30,Urea,50,Jowar,111
80,60,40,6.5,900,30,Urea,50,Jowar,111
60,40,50,7,800,25,SSP,50,Jowar,108
65,40,50,7,800,25,SSP,50,Jowar,109
70,40,50,7,800,25,SSP,50,Jowar,109
75,40,50,7,800,25,SSP,50,Jowar,110
80,40,50,7,800,25,SSP,50,Jowar,110
60,45,55,7.5,900,30,SSP,50,Jowar,110
65,45,55,7.5,900,30,SSP,50,Jowar,110
70,45,55,7.5,900,30,SSP,50,Jowar,111
75,45,55,7.5,900,30,SSP,50,Jowar,111
80,45,55,7.5,900,30,SSP,50,Jowar,111
60,50,60,6,800,25,SSP,50,Jowar,111
65,50,60,6,800,25,SSP,50,Jowar,111
70,50,60,6,800,25,SSP,50,Jowar,112
75,50,60,6,800,25,SSP,50,Jowar,112
80,50,60,6,800,25,SSP,50,Jowar,112
60,55,40,6.5,900,30,SSP,50,Jowar,109
65,55,40,6.5,900,30,SSP,50,Jowar,110
70,55,40,6.5,900,30,SSP,50,Jowar,110
75,55,40,6.5,900,30,SSP,50,Jowar,111
80,55,40,6.5,900,30,SSP,50,Jowar,111
60,60,45,7,800,25,SSP,50,Jowar,110
65,60,45,7,800,25,SSP,50,Jowar,111
70,60,45,7,800,25,SSP,50,Jowar,111
75,60,45,7,800,25,SSP,50,Jowar,111
80,60,45,7,800,25,SSP,50,Jowar,112
60,40,55,7.5,900,30,10:26:26 NPK,50,Jowar,109
65,40,55,7.5,900,30,10:26:26 NPK,50,Jowar,110
70,40,55,7.5,900,30,10:26:26 NPK,50,Jowar,110
75,40,55,7.5,900,30,10:26:26 NPK,50,Jowar,111
80,40,55,7.5,900,30,10:26:26 NPK,50,Jowar,111
60,45,60,6,800,25,10:26:26 NPK,50,Jowar,110
65,45,60,6,800,25,10:26:26 NPK,50,Jowar,111
70,45,60,6,800,25,10:26:26 NPK,50,Jowar,111
75,45,60,6,800,25,10:26:26 NPK,50,Jowar,111
80,45,60,6,800,25,10:26:26 NPK,50,Jowar,112
60,50,40,6.5,900,30,10:26:26 NPK,50,Jowar,109
65,50,40,6.5,900,30,10:26:26 NPK,50,Jowar,109
70,50,40,6.5,900,30,10:26:26 NPK,50,Jowar,110
75,50,40,6.5,900,30,10:26:26 NPK,50,Jowar,110
80,50,40,6.5,900,30,10:26:26 NPK,50,Jowar,110
60,55,45,7,800,25,10:26:26 NPK,50,Jowar,110
65,55,45,7,800,25,10:26:26 NPK,50,Jowar,110
70,55,45,7,800,25,10:26:26 NPK,50,Jowar,110
75,55,45,7,800,25,10:26:26 NPK,50,Jowar,111
80,55,45,7,800,25,10:26:26 NPK,50,Jowar,111
60,60,50,7.5,900,30,10:26:26 NPK,50,Jowar,111
65,60,50,7.5,900,30,10:26:26 NPK,50,Jowar,111
70,60,50,7.5,900,30,10:26:26 NPK,50,Jowar,112
75,60,50,7.5,900,30,10:26:26 NPK,50,Jowar,112
80,60,50,7.5,900,30,10:26:26 NPK,50,Jowar,113
60,40,60,6,800,25,Urea,50,Jowar,110
65,40,60,6,800,25,Urea,50,Jowar,110
70,40,60,6,800,25,Urea,50,Jowar,110
75,40,60,6,800,25,Urea,50,Jowar,111
80,40,60,6,800,25,Urea,50,Jowar,111
60,45,40,6.5,900,30,Urea,50,Jowar,108
65,45,40,6.5,900,30,Urea,50,Jowar,109
70,45,40,6.5,900,30,Urea,50,Jowar,109
75,45,40,6.5,900,30,Urea,50,Jowar,109
80,45,40,6.5,900,30,Urea,50,Jowar,110
60,50,45,7,800,25,Urea,50,Jowar,109
65,50,45,7,800,25,Urea,50,Jowar,109
70,50,45,7,800,25,Urea,50,Jowar,110
75,50,45,7,800,25,Urea,50,Jowar,110
80,50,45,7,800,25,Urea,50,Jowar,111
60,55,50,7.5,900,30,Urea,50,Jowar,111
65,55,50,7.5,900,30,Urea,50,Jowar,111
70,55,50,7.5,900,30,Urea,50,Jowar,111
75,55,50,7.5,900,30,Urea,50,Jowar,112
80,55,50,7.5,900,30,Urea,50,Jowar,112
60,60,45,6,800,25,Urea,50,Jowar,110
65,60,45,6,800,25,Urea,50,Jowar,111
70,60,45,6,800,25,Urea,50,Jowar,111
75,60,45,6,800,25,Urea,50,Jowar,111
80,60,45,6,800,25,Urea,50,Jowar,112
20,40,20,6,800,25,Chilated Micronutrient,55,Groundnut,124
25,40,20,6,800,25,Chilated Micronutrient,55,Groundnut,123
30,40,20,6,800,25,Chilated Micronutrient,55,Groundnut,123
20,45,25,6.5,900,30,Chilated Micronutrient,55,Groundnut,124
25,45,25,6.5,900,30,Chilated Micronutrient,55,Groundnut,123
30,45,25,6.5,900,30,Chilated Micronutrient,55,Groundnut,123
20,50,30,7,800,25,Chilated Micronutrient,55,Groundnut,124
25,50,30,7,800,25,Chilated Micronutrient,55,Groundnut,124
30,50,30,7,800,25,Chilated Micronutrient,55,Groundnut,123
20,40,25,6,900,30,SSP,55,Groundnut,124
25,40,25,6,900,30,SSP,55,Groundnut,123
30,40,25,6,900,30,SSP,55,Groundnut,122
20,45,30,6.5,800,25,SSP,55,Groundnut,124
25,45,30,6.5,800,25,SSP,55,Groundnut,123
30,45,30,6.5,800,25,SSP,55,Groundnut,122
20,50,20,7,900,30,SSP,55,Groundnut,126
25,50,20,7,900,30,SSP,55,Groundnut,125
30,50,20,7,900,30,SSP,55,Groundnut,124
20,40,30,6,800,25,Chilated Micronutrient,55,Groundnut,123
25,40,30,6,800,25,Chilated Micronutrient,55,Groundnut,122
30,40,30,6,800,25,Chilated Micronutrient,55,Groundnut,122
20,45,20,6.5,900,30,Chilated Micronutrient,55,Groundnut,125
25,45,20,6.5,900,30,Chilated Micronutrient,55,Groundnut,124
30,45,20,6.5,900,30,Chilated Micronutrient,55,Groundnut,124
20,50,25,7,800,25,Chilated Micronutrient,55,Groundnut,124
25,50,25,7,800,25,Chilated Micronutrient,55,Groundnut,123
30,50,25,7,800,25,Chilated Micronutrient,55,Groundnut,123
25,20,40,5.5,1500,20,Urea,60,Turmeric,269
30,20,40,5.5,1500,20,Urea,60,Turmeric,267
20,20,40,5.5,1500,20,Urea,60,Turmeric,270
30,25,45,6,1600,25,Urea,60,Turmeric,264
20,25,45,6,1600,25,Urea,60,Turmeric,266
25,25,45,6,1600,25,Urea,60,Turmeric,265
20,30,50,6.5,1700,30,Urea,60,Turmeric,269
25,30,50,6.5,1700,30,Urea,60,Turmeric,268
30,30,50,6.5,1700,30,Urea,60,Turmeric,267
25,20,45,5.5,1500,20,Ferrous Sulphate,60,Turmeric,268
30,20,45,5.5,1500,20,Ferrous Sulphate,60,Turmeric,266
20,20,45,5.5,1500,20,Ferrous Sulphate,60,Turmeric,269
30,25,50,6,1600,25,Ferrous Sulphate,60,Turmeric,265
20,25,50,6,1600,25,Ferrous Sulphate,60,Turmeric,268
25,25,50,6,1600,25,Ferrous Sulphate,60,Turmeric,266
20,30,40,6.5,1700,30,Ferrous Sulphate,60,Turmeric,269
25,30,40,6.5,1700,30,Ferrous Sulphate,60,Turmeric,268
30,30,40,6.5,1700,30,Ferrous Sulphate,60,Turmeric,266
25,20,50,5.5,1500,20,White Potash,60,Turmeric,269
30,20,50,5.5,1500,20,White Potash,60,Turmeric,267
20,20,50,5.5,1500,20,White Potash,60,Turmeric,270
25,20,40,5.5,1500,20,White Potash,60,Turmeric,269
30,25,40,6,1600,25,White Potash,60,Turmeric,265
20,25,40,6,1600,25,White Potash,60,Turmeric,267
25,25,40,6,1600,25,White Potash,60,Turmeric,266
20,30,45,6.5,1700,30,White Potash,60,Turmeric,268
25,30,45,6.5,1700,30,White Potash,60,Turmeric,267
30,30,45,6.5,1700,30,White Potash,60,Turmeric,265
100,20,45,6,700,25,Magnesium Sulphate,55,Cotton,174
105,20,45,6,700,25,Magnesium Sulphate,55,Cotton,173
110,20,45,6,700,25,Magnesium Sulphate,55,Cotton,173
115,20,45,6,700,25,Magnesium Sulphate,55,Cotton,173
120,20,45,6,700,25,Magnesium Sulphate,55,Cotton,173
100,25,50,6.5,800,30,Magnesium Sulphate,55,Cotton,172
105,25,50,6.5,800,30,Magnesium Sulphate,55,Cotton,171
110,25,50,6.5,800,30,Magnesium Sulphate,55,Cotton,171
115,25,50,6.5,800,30,Magnesium Sulphate,55,Cotton,171
120,25,50,6.5,800,30,Magnesium Sulphate,55,Cotton,171
100,30,55,7,900,35,Magnesium Sulphate,55,Cotton,172
105,30,55,7,900,35,Magnesium Sulphate,55,Cotton,172
110,30,55,7,900,35,Magnesium Sulphate,55,Cotton,171
115,30,55,7,900,35,Magnesium Sulphate,55,Cotton,171
120,30,55,7,900,35,Magnesium Sulphate,55,Cotton,171
100,20,50,7.5,1000,25,12:32:16 NPK,55,Cotton,174
105,20,50,7.5,1000,25,12:32:16 NPK,55,Cotton,173
110,20,50,7.5,1000,25,12:32:16 NPK,55,Cotton,173
115,20,50,7.5,1000,25,12:32:16 NPK,55,Cotton,173
120,20,50,7.5,1000,25,12:32:16 NPK,55,Cotton,173
100,25,55,6,700,30,12:32:16 NPK,55,Cotton,172
105,25,55,6,700,30,12:32:16 NPK,55,Cotton,171
110,25,55,6,700,30,12:32:16 NPK,55,Cotton,171
115,25,55,6,700,30,12:32:16 NPK,55,Cotton,171
120,25,55,6,700,30,12:32:16 NPK,55,Cotton,171
100,30,45,6.5,800,35,12:32:16 NPK,55,Cotton,173
105,30,45,6.5,800,35,12:32:16 NPK,55,Cotton,172
110,30,45,6.5,800,35,12:32:16 NPK,55,Cotton,172
115,30,45,6.5,800,35,12:32:16 NPK,55,Cotton,172
120,30,45,6.5,800,35,12:32:16 NPK,55,Cotton,172
100,20,55,7,900,25,DAP,55,Cotton,172
105,20,55,7,900,25,DAP,55,Cotton,172
110,20,55,7,900,25,DAP,55,Cotton,172
115,20,55,7,900,25,DAP,55,Cotton,171
120,20,55,7,900,25,DAP,55,Cotton,171
100,25,45,7.5,1000,30,DAP,55,Cotton,173
105,25,45,7.5,1000,30,DAP,55,Cotton,173
110,25,45,7.5,1000,30,DAP,55,Cotton,173
115,25,45,7.5,1000,30,DAP,55,Cotton,172
120,25,45,7.5,1000,30,DAP,55,Cotton,172
100,30,50,6,700,35,DAP,55,Cotton,173
105,30,50,6,700,35,DAP,55,Cotton,173
110,30,50,6,700,35,DAP,55,Cotton,172
115,30,50,6,700,35,DAP,55,Cotton,172
120,30,50,6,700,35,DAP,55,Cotton,172
30,40,20,6,600,25,Urea,60,Tur,153
35,40,20,6,600,25,Urea,60,Tur,153
40,40,20,6,600,25,Urea,60,Tur,152
30,45,25,6.5,700,30,Urea,60,Tur,155
35,45,25,6.5,700,30,Urea,60,Tur,154
40,45,25,6.5,700,30,Urea,60,Tur,154
30,50,30,7,800,35,Urea,60,Tur,159
35,50,30,7,800,35,Urea,60,Tur,158
40,50,30,7,800,35,Urea,60,Tur,158
30,55,20,6,600,25,Urea,60,Tur,156
35,55,20,6,600,25,Urea,60,Tur,155
40,55,20,6,600,25,Urea,60,Tur,155
30,60,25,6.5,700,30,Urea,60,Tur,157
35,60,25,6.5,700,30,Urea,60,Tur,156
40,60,25,6.5,700,30,Urea,60,Tur,156
30,40,30,7,800,35,MOP,60,Tur,157
35,40,30,7,800,35,MOP,60,Tur,156
40,40,30,7,800,35,MOP,60,Tur,156
30,45,20,6,600,25,MOP,60,Tur,154
35,45,20,6,600,25,MOP,60,Tur,153
40,45,20,6,600,25,MOP,60,Tur,153
30,50,25,6.5,700,30,MOP,60,Tur,155
35,50,25,6.5,700,30,MOP,60,Tur,155
40,50,25,6.5,700,30,MOP,60,Tur,154
30,55,30,7,800,35,MOP,60,Tur,160
35,55,30,7,800,35,MOP,60,Tur,159
40,55,30,7,800,35,MOP,60,Tur,159
30,60,20,6,600,25,MOP,60,Tur,157
35,60,20,6,600,25,MOP,60,Tur,156
40,60,20,6,600,25,MOP,60,Tur,156
30,40,25,6.5,700,30,SSP,60,Tur,154
35,40,25,6.5,700,30,SSP,60,Tur,153
40,40,25,6.5,700,30,SSP,60,Tur,153
30,45,30,7,800,35,SSP,60,Tur,158
35,45,30,7,800,35,SSP,60,Tur,157
40,45,30,7,800,35,SSP,60,Tur,157
30,50,20,6,600,25,SSP,60,Tur,155
35,50,20,6,600,25,SSP,60,Tur,154
40,50,20,6,600,25,SSP,60,Tur,154
30,55,25,6.5,700,30,SSP,60,Tur,156
35,55,25,6.5,700,30,SSP,60,Tur,156
40,55,25,6.5,700,30,SSP,60,Tur,155
30,60,30,7,800,35,SSP,60,Tur,161
35,60,30,7,800,35,SSP,60,Tur,160
40,60,30,7,800,35,SSP,60,Tur,159
40,20,20,6.5,400,25,MOP,60,Moong,78
45,20,20,6.5,400,25,MOP,60,Moong,78
50,20,20,6.5,400,25,MOP,60,Moong,77
40,25,25,7,500,30,MOP,60,Moong,77
45,25,25,7,500,30,MOP,60,Moong,77
50,25,25,7,500,30,MOP,60,Moong,76
40,30,30,7.5,600,35,MOP,60,Moong,78
45,30,30,7.5,600,35,MOP,60,Moong,78
50,30,30,7.5,600,35,MOP,60,Moong,77
40,20,25,6.5,400,25,Urea,60,Moong,79
45,20,25,6.5,400,25,Urea,60,Moong,78
50,20,25,6.5,400,25,Urea,60,Moong,78
40,25,30,7,500,30,Urea,60,Moong,78
45,25,30,7,500,30,Urea,60,Moong,77
50,25,30,7,500,30,Urea,60,Moong,77
40,30,20,7.5,600,35,Urea,60,Moong,77
45,30,20,7.5,600,35,Urea,60,Moong,76
50,30,20,7.5,600,35,Urea,60,Moong,76
40,20,30,6.5,400,25,SSP,60,Moong,79
45,20,30,6.5,400,25,SSP,60,Moong,79
50,20,30,6.5,400,25,SSP,60,Moong,79
40,25,20,7,500,30,SSP,60,Moong,76
45,25,20,7,500,30,SSP,60,Moong,76
50,25,20,7,500,30,SSP,60,Moong,76
40,30,25,7.5,600,35,SSP,60,Moong,77
45,30,25,7.5,600,35,SSP,60,Moong,77
50,30,25,7.5,600,35,SSP,60,Moong,77
100,50,50,5.5,700,35,Urea,75,Rice,123
105,50,50,5.5,700,35,Urea,75,Rice,124
110,50,50,5.5,700,35,Urea,75,Rice,124
115,50,50,5.5,700,35,Urea,75,Rice,124
120,50,50,5.5,700,35,Urea,75,Rice,124
100,55,55,6,800,40,Urea,75,Rice,125
105,55,55,6,800,40,Urea,75,Rice,125
110,55,55,6,800,40,Urea,75,Rice,125
115,55,55,6,800,40,Urea,75,Rice,125
120,55,55,6,800,40,Urea,75,Rice,126
100,60,60,6.5,900,35,Urea,75,Rice,124
105,60,60,6.5,900,35,Urea,75,Rice,125
110,60,60,6.5,900,35,Urea,75,Rice,125
115,60,60,6.5,900,35,Urea,75,Rice,125
120,60,60,6.5,900,35,Urea,75,Rice,125
100,50,55,5.5,700,40,50:26:26 NPK,75,Rice,125
105,50,55,5.5,700,40,50:26:26 NPK,75,Rice,125
110,50,55,5.5,700,40,50:26:26 NPK,75,Rice,125
115,50,55,5.5,700,40,50:26:26 NPK,75,Rice,125
120,50,55,5.5,700,40,50:26:26 NPK,75,Rice,126
100,55,60,6,800,35,50:26:26 NPK,75,Rice,124
105,55,60,6,800,35,50:26:26 NPK,75,Rice,125
110,55,60,6,800,35,50:26:26 NPK,75,Rice,125
115,55,60,6,800,35,50:26:26 NPK,75,Rice,125
120,55,60,6,800,35,50:26:26 NPK,75,Rice,125
100,60,50,6.5,900,40,50:26:26 NPK,75,Rice,124
105,60,50,6.5,900,40,50:26:26 NPK,75,Rice,124
110,60,50,6.5,900,40,50:26:26 NPK,75,Rice,125
115,60,50,6.5,900,40,50:26:26 NPK,75,Rice,125
120,60,50,6.5,900,40,50:26:26 NPK,75,Rice,125
100,50,60,5.5,700,35,Urea,75,Rice,124
105,50,60,5.5,700,35,Urea,75,Rice,125
110,50,60,5.5,700,35,Urea,75,Rice,125
115,50,60,5.5,700,35,Urea,75,Rice,125
120,50,60,5.5,700,35,Urea,75,Rice,125
100,55,50,6,800,40,Urea,75,Rice,124
105,55,50,6,800,40,Urea,75,Rice,124
110,55,50,6,800,40,Urea,75,Rice,125
115,55,50,6,800,40,Urea,75,Rice,125
120,55,50,6,800,40,Urea,75,Rice,125
100,60,55,6.5,900,35,Urea,75,Rice,124
105,60,55,6.5,900,35,Urea,75,Rice,124
110,60,55,6.5,900,35,Urea,75,Rice,124
115,60,55,6.5,900,35,Urea,75,Rice,125
120,60,55,6.5,900,35,Urea,75,Rice,125
50,30,30,6,700,25,10:26:26 NPK,50,Jowar,107
55,30,30,6,700,25,10:26:26 NPK,50,Jowar,107
60,30,30,6,700,25,10:26:26 NPK,50,Jowar,108
65,30,30,6,700,25,10:26:26 NPK,50,Jowar,108
70,30,30,6,700,25,10:26:26 NPK,50,Jowar,108
50,35,35,6.5,800,30,10:26:26 NPK,50,Jowar,107
55,35,35,6.5,800,30,10:26:26 NPK,50,Jowar,106
60,35,35,6.5,800,30,10:26:26 NPK,50,Jowar,107
65,35,35,6.5,800,30,10:26:26 NPK,50,Jowar,107
70,35,35,6.5,800,30,10:26:26 NPK,50,Jowar,107
50,40,40,7,900,35,10:26:26 NPK,50,Jowar,108
55,40,40,7,900,35,10:26:26 NPK,50,Jowar,108
60,40,40,7,900,35,10:26:26 NPK,50,Jowar,108
65,40,40,7,900,35,10:26:26 NPK,50,Jowar,109
70,40,40,7,900,35,10:26:26 NPK,50,Jowar,109
50,30,35,6,700,25,Urea,50,Jowar,107
55,30,35,6,700,25,Urea,50,Jowar,107
60,30,35,6,700,25,Urea,50,Jowar,107
65,30,35,6,700,25,Urea,50,Jowar,107
70,30,35,6,700,25,Urea,50,Jowar,108
50,35,40,6.5,800,30,Urea,50,Jowar,107
55,35,40,6.5,800,30,Urea,50,Jowar,107
60,35,40,6.5,800,30,Urea,50,Jowar,107
65,35,40,6.5,800,30,Urea,50,Jowar,107
70,35,40,6.5,800,30,Urea,50,Jowar,108
50,40,30,7,900,35,Urea,50,Jowar,109
55,40,30,7,900,35,Urea,50,Jowar,108
60,40,30,7,900,35,Urea,50,Jowar,109
65,40,30,7,900,35,Urea,50,Jowar,109
70,40,30,7,900,35,Urea,50,Jowar,110
50,30,40,6,700,25,SSP,50,Jowar,107
55,30,40,6,700,25,SSP,50,Jowar,107
60,30,40,6,700,25,SSP,50,Jowar,107
65,30,40,6,700,25,SSP,50,Jowar,108
70,30,40,6,700,25,SSP,50,Jowar,108
50,35,30,6.5,800,30,SSP,50,Jowar,107
55,35,30,6.5,800,30,SSP,50,Jowar,107
60,35,30,6.5,800,30,SSP,50,Jowar,107
65,35,30,6.5,800,30,SSP,50,Jowar,108
70,35,30,6.5,800,30,SSP,50,Jowar,108
50,40,35,7,900,35,SSP,50,Jowar,108
55,40,35,7,900,35,SSP,50,Jowar,108
60,40,35,7,900,35,SSP,50,Jowar,108
65,40,35,7,900,35,SSP,50,Jowar,109
70,40,35,7,900,35,SSP,50,Jowar,109
20,30,15,6,700,20,Urea,60,Tur,159
25,30,15,6,700,20,Urea,60,Tur,158
30,30,15,6,700,20,Urea,60,Tur,157
20,35,20,6.5,800,25,Urea,60,Tur,157
25,35,20,6.5,800,25,Urea,60,Tur,156
30,35,20,6.5,800,25,Urea,60,Tur,155
20,40,15,7,900,30,Urea,60,Tur,159
25,40,15,7,900,30,Urea,60,Tur,158
30,40,15,7,900,30,Urea,60,Tur,157
20,30,20,6,700,20,MOP,60,Tur,157
25,30,20,6,700,20,MOP,60,Tur,157
30,30,20,6,700,20,MOP,60,Tur,156
20,35,15,6.5,800,25,MOP,60,Tur,158
25,35,15,6.5,800,25,MOP,60,Tur,157
30,35,15,6.5,800,25,MOP,60,Tur,156
20,40,20,7,900,30,MOP,60,Tur,158
25,40,20,7,900,30,MOP,60,Tur,157
30,40,20,7,900,30,MOP,60,Tur,156
100,50,40,6.5,700,15,19:19:19 NPK,55,Wheat,113
105,50,40,6.5,700,15,19:19:19 NPK,55,Wheat,113
110,50,40,6.5,700,15,19:19:19 NPK,55,Wheat,113
115,50,40,6.5,700,15,19:19:19 NPK,55,Wheat,113
120,50,40,6.5,700,15,19:19:19 NPK,55,Wheat,114
100,55,45,7,800,20,19:19:19 NPK,55,Wheat,112
105,55,45,7,800,20,19:19:19 NPK,55,Wheat,112
110,55,45,7,800,20,19:19:19 NPK,55,Wheat,112
115,55,45,7,800,20,19:19:19 NPK,55,Wheat,112
120,55,45,7,800,20,19:19:19 NPK,55,Wheat,113
100,60,50,7.5,900,15,19:19:19 NPK,55,Wheat,113
105,60,50,7.5,900,15,19:19:19 NPK,55,Wheat,114
110,60,50,7.5,900,15,19:19:19 NPK,55,Wheat,114
115,60,50,7.5,900,15,19:19:19 NPK,55,Wheat,114
120,60,50,7.5,900,15,19:19:19 NPK,55,Wheat,114
100,50,45,6.5,700,20,Urea,55,Wheat,111
105,50,45,6.5,700,20,Urea,55,Wheat,111
110,50,45,6.5,700,20,Urea,55,Wheat,112
115,50,45,6.5,700,20,Urea,55,Wheat,112
120,50,45,6.5,700,20,Urea,55,Wheat,112
100,55,50,7,800,15,Urea,55,Wheat,112
105,55,50,7,800,15,Urea,55,Wheat,113
110,55,50,7,800,15,Urea,55,Wheat,113
115,55,50,7,800,15,Urea,55,Wheat,113
120,55,50,7,800,15,Urea,55,Wheat,113
100,60,40,7.5,900,20,Urea,55,Wheat,113
105,60,40,7.5,900,20,Urea,55,Wheat,113
110,60,40,7.5,900,20,Urea,55,Wheat,114
115,60,40,7.5,900,20,Urea,55,Wheat,114
120,60,40,7.5,900,20,Urea,55,Wheat,114
100,50,50,6.5,700,15,19:19:19 NPK,55,Wheat,112
105,50,50,6.5,700,15,19:19:19 NPK,55,Wheat,112
110,50,50,6.5,700,15,19:19:19 NPK,55,Wheat,112
115,50,50,6.5,700,15,19:19:19 NPK,55,Wheat,113
120,50,50,6.5,700,15,19:19:19 NPK,55,Wheat,113
100,55,40,7,800,20,19:19:19 NPK,55,Wheat,112
105,55,40,7,800,20,19:19:19 NPK,55,Wheat,112
110,55,40,7,800,20,19:19:19 NPK,55,Wheat,113
115,55,40,7,800,20,19:19:19 NPK,55,Wheat,113
120,55,40,7,800,20,19:19:19 NPK,55,Wheat,113
100,60,45,7.5,900,15,19:19:19 NPK,55,Wheat,114
105,60,45,7.5,900,15,19:19:19 NPK,55,Wheat,114
110,60,45,7.5,900,15,19:19:19 NPK,55,Wheat,114
115,60,45,7.5,900,15,19:19:19 NPK,55,Wheat,114
120,60,45,7.5,900,15,19:19:19 NPK,55,Wheat,115
20,30,20,5.5,700,25,Chilated Micronutrient,55,Groundnut,125
25,30,20,5.5,700,25,Chilated Micronutrient,55,Groundnut,124
30,30,20,5.5,700,25,Chilated Micronutrient,55,Groundnut,123
20,35,25,6,800,30,Chilated Micronutrient,55,Groundnut,124
25,35,25,6,800,30,Chilated Micronutrient,55,Groundnut,123
30,35,25,6,800,30,Chilated Micronutrient,55,Groundnut,122
20,40,30,6.5,900,35,Chilated Micronutrient,55,Groundnut,125
25,40,30,6.5,900,35,Chilated Micronutrient,55,Groundnut,124
30,40,30,6.5,900,35,Chilated Micronutrient,55,Groundnut,123
20,30,25,5.5,700,25,SSP,55,Groundnut,124
25,30,25,5.5,700,25,SSP,55,Groundnut,123
30,30,25,5.5,700,25,SSP,55,Groundnut,122
20,35,30,6,800,30,SSP,55,Groundnut,124
25,35,30,6,800,30,SSP,55,Groundnut,123
30,35,30,6,800,30,SSP,55,Groundnut,122
20,40,20,6.5,900,35,SSP,55,Groundnut,126
25,40,20,6.5,900,35,SSP,55,Groundnut,125
30,40,20,6.5,900,35,SSP,55,Groundnut,124
20,30,30,5.5,700,25,Chilated Micronutrient,55,Groundnut,124
25,30,30,5.5,700,25,Chilated Micronutrient,55,Groundnut,123
30,30,30,5.5,700,25,Chilated Micronutrient,55,Groundnut,122
20,35,20,6,800,30,Chilated Micronutrient,55,Groundnut,125
25,35,20,6,800,30,Chilated Micronutrient,55,Groundnut,124
30,35,20,6,800,30,Chilated Micronutrient,55,Groundnut,123
20,40,25,6.5,900,35,Chilated Micronutrient,55,Groundnut,125
25,40,25,6.5,900,35,Chilated Micronutrient,55,Groundnut,124
30,40,25,6.5,900,35,Chilated Micronutrient,55,Groundnut,123
30,30,20,6,700,25,Urea,60,Urad,83
35,30,20,6,700,25,Urea,60,Urad,82
40,30,20,6,700,25,Urea,60,Urad,82
30,35,25,6.5,800,30,Urea,60,Urad,82
35,35,25,6.5,800,30,Urea,60,Urad,82
40,35,25,6.5,800,30,Urea,60,Urad,82
30,40,30,7,900,35,Urea,60,Urad,84
35,40,30,7,900,35,Urea,60,Urad,84
40,40,30,7,900,35,Urea,60,Urad,84
30,30,25,6,700,25,SSP,60,Urad,82
35,30,25,6,700,25,SSP,60,Urad,82
40,30,25,6,700,25,SSP,60,Urad,81
30,35,30,6.5,800,30,SSP,60,Urad,83
35,35,30,6.5,800,30,SSP,60,Urad,83
40,35,30,6.5,800,30,SSP,60,Urad,82
30,40,20,7,900,35,SSP,60,Urad,84
35,40,20,7,900,35,SSP,60,Urad,84
40,40,20,7,900,35,SSP,60,Urad,84
30,30,30,6,700,25,DAP,60,Urad,83
35,30,30,6,700,25,DAP,60,Urad,82
40,30,30,6,700,25,DAP,60,Urad,82
30,35,20,6.5,800,30,DAP,60,Urad,83
35,35,20,6.5,800,30,DAP,60,Urad,82
40,35,20,6.5,800,30,DAP,60,Urad,82
30,40,25,7,900,35,DAP,60,Urad,84
35,40,25,7,900,35,DAP,60,Urad,83
40,40,25,7,900,35,DAP,60,Urad,83
30,40,20,6,700,15,DAP,60,Gram,97
35,40,20,6,700,15,DAP,60,Gram,97
40,40,20,6,700,15,DAP,60,Gram,97
30,45,25,6.5,800,20,DAP,60,Gram,98
35,45,25,6.5,800,20,DAP,60,Gram,97
40,45,25,6.5,800,20,DAP,60,Gram,98
30,50,30,7,900,15,DAP,60,Gram,100
35,50,30,7,900,15,DAP,60,Gram,100
40,50,30,7,900,15,DAP,60,Gram,101
30,40,25,7.5,700,20,MOP,60,Gram,97
35,40,25,7.5,700,20,MOP,60,Gram,96
40,40,25,7.5,700,20,MOP,60,Gram,97
30,45,30,6,800,15,MOP,60,Gram,99
35,45,30,6,800,15,MOP,60,Gram,99
40,45,30,6,800,15,MOP,60,Gram,100
30,50,20,6.5,900,20,MOP,60,Gram,98
35,50,20,6.5,900,20,MOP,60,Gram,98
40,50,20,6.5,900,20,MOP,60,Gram,98
30,40,30,7,700,15,DAP,60,Gram,99
35,40,30,7,700,15,DAP,60,Gram,98
40,40,30,7,700,15,DAP,60,Gram,99
30,45,20,7.5,800,20,DAP,60,Gram,97
35,45,20,7.5,800,20,DAP,60,Gram,97
40,45,20,7.5,800,20,DAP,60,Gram,97
30,50,25,6,900,15,DAP,60,Gram,100
35,50,25,6,900,15,DAP,60,Gram,99
40,50,25,6,900,15,DAP,60,Gram,100
120,60,120,6.5,1000,20,MOP,78,Sugarcane,466
125,60,120,6.5,1000,20,MOP,78,Sugarcane,465
130,60,120,6.5,1000,20,MOP,78,Sugarcane,464
135,60,120,6.5,1000,20,MOP,78,Sugarcane,464
140,60,120,6.5,1000,20,MOP,78,Sugarcane,465
145,60,120,6.5,1000,20,MOP,78,Sugarcane,466
150,60,120,6.5,1000,20,MOP,78,Sugarcane,466
120,65,125,7,1100,25,MOP,78,Sugarcane,462
125,65,125,7,1100,25,MOP,78,Sugarcane,462
130,65,125,7,1100,25,MOP,78,Sugarcane,461
135,65,125,7,1100,25,MOP,78,Sugarcane,461
140,65,125,7,1100,25,MOP,78,Sugarcane,462
145,65,125,7,1100,25,MOP,78,Sugarcane,463
150,65,125,7,1100,25,MOP,78,Sugarcane,463
120,70,130,7.5,1200,30,MOP,78,Sugarcane,464
125,70,130,7.5,1200,30,MOP,78,Sugarcane,464
130,70,130,7.5,1200,30,MOP,78,Sugarcane,463
135,70,130,7.5,1200,30,MOP,78,Sugarcane,463
140,70,130,7.5,1200,30,MOP,78,Sugarcane,464
145,70,130,7.5,1200,30,MOP,78,Sugarcane,465
150,70,130,7.5,1200,30,MOP,78,Sugarcane,465
120,75,135,6.5,1300,35,MOP,78,Sugarcane,471
125,75,135,6.5,1300,35,MOP,78,Sugarcane,471
130,75,135,6.5,1300,35,MOP,78,Sugarcane,470
135,75,135,6.5,1300,35,MOP,78,Sugarcane,470
140,75,135,6.5,1300,35,MOP,78,Sugarcane,471
145,75,135,6.5,1300,35,MOP,78,Sugarcane,472
150,75,135,6.5,1300,35,MOP,78,Sugarcane,472
120,80,140,7,1400,20,MOP,78,Sugarcane,474
125,80,140,7,1400,20,MOP,78,Sugarcane,474
130,80,140,7,1400,20,MOP,78,Sugarcane,473
135,80,140,7,1400,20,MOP,78,Sugarcane,473
140,80,140,7,1400,20,MOP,78,Sugarcane,474
145,80,140,7,1400,20,MOP,78,Sugarcane,475
150,80,140,7,1400,20,MOP,78,Sugarcane,475
120,60,145,7.5,1500,25,Urea,78,Sugarcane,474
125,60,145,7.5,1500,25,Urea,78,Sugarcane,473
130,60,145,7.5,1500,25,Urea,78,Sugarcane,472
135,60,145,7.5,1500,25,Urea,78,Sugarcane,473
140,60,145,7.5,1500,25,Urea,78,Sugarcane,473
145,60,145,7.5,1500,25,Urea,78,Sugarcane,474
150,60,145,7.5,1500,25,Urea,78,Sugarcane,475
120,65,150,6.5,1000,30,Urea,78,Sugarcane,466
125,65,150,6.5,1000,30,Urea,78,Sugarcane,466
130,65,150,6.5,1000,30,Urea,78,Sugarcane,465
135,65,150,6.5,1000,30,Urea,78,Sugarcane,465
140,65,150,6.5,1000,30,Urea,78,Sugarcane,466
145,65,150,6.5,1000,30,Urea,78,Sugarcane,467
150,65,150,6.5,1000,30,Urea,78,Sugarcane,467
120,70,120,7,1100,35,Urea,78,Sugarcane,464
125,70,120,7,1100,35,Urea,78,Sugarcane,464
130,70,120,7,1100,35,Urea,78,Sugarcane,463
135,70,120,7,1100,35,Urea,78,Sugarcane,463
140,70,120,7,1100,35,Urea,78,Sugarcane,464
145,70,120,7,1100,35,Urea,78,Sugarcane,465
150,70,120,7,1100,35,Urea,78,Sugarcane,465
120,75,125,7.5,1200,20,Urea,78,Sugarcane,467
125,75,125,7.5,1200,20,Urea,78,Sugarcane,466
130,75,125,7.5,1200,20,Urea,78,Sugarcane,466
135,75,125,7.5,1200,20,Urea,78,Sugarcane,466
140,75,125,7.5,1200,20,Urea,78,Sugarcane,467
145,75,125,7.5,1200,20,Urea,78,Sugarcane,467
150,75,125,7.5,1200,20,Urea,78,Sugarcane,468
120,80,130,6.5,1300,25,Urea,78,Sugarcane,468
125,80,130,6.5,1300,25,Urea,78,Sugarcane,467
130,80,130,6.5,1300,25,Urea,78,Sugarcane,466
135,80,130,6.5,1300,25,Urea,78,Sugarcane,466
140,80,130,6.5,1300,25,Urea,78,Sugarcane,467
145,80,130,6.5,1300,25,Urea,78,Sugarcane,468
150,80,130,6.5,1300,25,Urea,78,Sugarcane,469
120,60,135,7,1400,30,DAP,78,Sugarcane,471
125,60,135,7,1400,30,DAP,78,Sugarcane,471
130,60,135,7,1400,30,DAP,78,Sugarcane,470
135,60,135,7,1400,30,DAP,78,Sugarcane,470
140,60,135,7,1400,30,DAP,78,Sugarcane,471
145,60,135,7,1400,30,DAP,78,Sugarcane,472
150,60,135,7,1400,30,DAP,78,Sugarcane,472
120,65,140,7.5,1500,35,DAP,78,Sugarcane,476
125,65,140,7.5,1500,35,DAP,78,Sugarcane,475
130,65,140,7.5,1500,35,DAP,78,Sugarcane,475
135,65,140,7.5,1500,35,DAP,78,Sugarcane,475
140,65,140,7.5,1500,35,DAP,78,Sugarcane,476
145,65,140,7.5,1500,35,DAP,78,Sugarcane,476
150,65,140,7.5,1500,35,DAP,78,Sugarcane,477
120,70,145,6.5,1000,20,DAP,78,Sugarcane,467
125,70,145,6.5,1000,20,DAP,78,Sugarcane,466
130,70,145,6.5,1000,20,DAP,78,Sugarcane,466
135,70,145,6.5,1000,20,DAP,78,Sugarcane,466
140,70,145,6.5,1000,20,DAP,78,Sugarcane,467
145,70,145,6.5,1000,20,DAP,78,Sugarcane,467
150,70,145,6.5,1000,20,DAP,78,Sugarcane,468
120,75,150,7,1100,25,DAP,78,Sugarcane,466
125,75,150,7,1100,25,DAP,78,Sugarcane,465
130,75,150,7,1100,25,DAP,78,Sugarcane,465
135,75,150,7,1100,25,DAP,78,Sugarcane,465
140,75,150,7,1100,25,DAP,78,Sugarcane,466
145,75,150,7,1100,25,DAP,78,Sugarcane,466
150,75,150,7,1100,25,DAP,78,Sugarcane,467
120,80,120,7.5,1200,30,DAP,78,Sugarcane,465
125,80,120,7.5,1200,30,DAP,78,Sugarcane,464
130,80,120,7.5,1200,30,DAP,78,Sugarcane,464
135,80,120,7.5,1200,30,DAP,78,Sugarcane,464
140,80,120,7.5,1200,30,DAP,78,Sugarcane,465
145,80,120,7.5,1200,30,DAP,78,Sugarcane,465
150,80,120,7.5,1200,30,DAP,78,Sugarcane,466
120,60,125,6.5,1300,35,MOP,78,Sugarcane,471
125,60,125,6.5,1300,35,MOP,78,Sugarcane,471
130,60,125,6.5,1300,35,MOP,78,Sugarcane,470
135,60,125,6.5,1300,35,MOP,78,Sugarcane,470
140,60,125,6.5,1300,35,MOP,78,Sugarcane,471
145,60,125,6.5,1300,35,MOP,78,Sugarcane,472
150,60,125,6.5,1300,35,MOP,78,Sugarcane,472
120,65,130,7,1400,20,MOP,78,Sugarcane,472
125,65,130,7,1400,20,MOP,78,Sugarcane,471
130,65,130,7,1400,20,MOP,78,Sugarcane,470
135,65,130,7,1400,20,MOP,78,Sugarcane,471
140,65,130,7,1400,20,MOP,78,Sugarcane,471
145,65,130,7,1400,20,MOP,78,Sugarcane,472
150,65,130,7,1400,20,MOP,78,Sugarcane,473
120,70,135,7.5,1500,25,MOP,78,Sugarcane,470
125,70,135,7.5,1500,25,MOP,78,Sugarcane,469
130,70,135,7.5,1500,25,MOP,78,Sugarcane,468
135,70,135,7.5,1500,25,MOP,78,Sugarcane,469
140,70,135,7.5,1500,25,MOP,78,Sugarcane,469
145,70,135,7.5,1500,25,MOP,78,Sugarcane,470
150,70,135,7.5,1500,25,MOP,78,Sugarcane,471
120,75,140,6.5,1000,30,MOP,78,Sugarcane,465
125,75,140,6.5,1000,30,MOP,78,Sugarcane,464
130,75,140,6.5,1000,30,MOP,78,Sugarcane,463
135,75,140,6.5,1000,30,MOP,78,Sugarcane,463
140,75,140,6.5,1000,30,MOP,78,Sugarcane,464
145,75,140,6.5,1000,30,MOP,78,Sugarcane,465
150,75,140,6.5,1000,30,MOP,78,Sugarcane,466
120,80,145,7,1100,35,MOP,78,Sugarcane,471
125,80,145,7,1100,35,MOP,78,Sugarcane,470
130,80,145,7,1100,35,MOP,78,Sugarcane,469
135,80,145,7,1100,35,MOP,78,Sugarcane,470
140,80,145,7,1100,35,MOP,78,Sugarcane,470
145,80,145,7,1100,35,MOP,78,Sugarcane,471
150,80,145,7,1100,35,MOP,78,Sugarcane,472
120,60,150,7.5,1200,20,Urea,78,Sugarcane,473
125,60,150,7.5,1200,20,Urea,78,Sugarcane,472
130,60,150,7.5,1200,20,Urea,78,Sugarcane,471
135,60,150,7.5,1200,20,Urea,78,Sugarcane,472
140,60,150,7.5,1200,20,Urea,78,Sugarcane,472
145,60,150,7.5,1200,20,Urea,78,Sugarcane,473
150,60,150,7.5,1200,20,Urea,78,Sugarcane,474
120,65,120,6.5,1300,25,Urea,78,Sugarcane,465
125,65,120,6.5,1300,25,Urea,78,Sugarcane,464
130,65,120,6.5,1300,25,Urea,78,Sugarcane,464
135,65,120,6.5,1300,25,Urea,78,Sugarcane,464
140,65,120,6.5,1300,25,Urea,78,Sugarcane,465
145,65,120,6.5,1300,25,Urea,78,Sugarcane,465
150,65,120,6.5,1300,25,Urea,78,Sugarcane,466
120,70,125,7,1400,30,Urea,78,Sugarcane,467
125,70,125,7,1400,30,Urea,78,Sugarcane,466
130,70,125,7,1400,30,Urea,78,Sugarcane,466
135,70,125,7,1400,30,Urea,78,Sugarcane,466
140,70,125,7,1400,30,Urea,78,Sugarcane,467
145,70,125,7,1400,30,Urea,78,Sugarcane,467
150,70,125,7,1400,30,Urea,78,Sugarcane,468
120,75,130,7.5,1500,35,Urea,78,Sugarcane,474
125,75,130,7.5,1500,35,Urea,78,Sugarcane,473
130,75,130,7.5,1500,35,Urea,78,Sugarcane,473
135,75,130,7.5,1500,35,Urea,78,Sugarcane,473
140,75,130,7.5,1500,35,Urea,78,Sugarcane,474
145,75,130,7.5,1500,35,Urea,78,Sugarcane,474
150,75,130,7.5,1500,35,Urea,78,Sugarcane,475
120,80,135,6.5,1000,20,Urea,78,Sugarcane,468
125,80,135,6.5,1000,20,Urea,78,Sugarcane,467
130,80,135,6.5,1000,20,Urea,78,Sugarcane,466
135,80,135,6.5,1000,20,Urea,78,Sugarcane,466
140,80,135,6.5,1000,20,Urea,78,Sugarcane,467
145,80,135,6.5,1000,20,Urea,78,Sugarcane,468
150,80,135,6.5,1000,20,Urea,78,Sugarcane,469
120,60,140,7,1100,25,DAP,78,Sugarcane,466
125,60,140,7,1100,25,DAP,78,Sugarcane,465
130,60,140,7,1100,25,DAP,78,Sugarcane,465
135,60,140,7,1100,25,DAP,78,Sugarcane,465
140,60,140,7,1100,25,DAP,78,Sugarcane,466
145,60,140,7,1100,25,DAP,78,Sugarcane,466
150,60,140,7,1100,25,DAP,78,Sugarcane,467
120,65,145,7.5,1200,30,DAP,78,Sugarcane,468
125,65,145,7.5,1200,30,DAP,78,Sugarcane,467
130,65,145,7.5,1200,30,DAP,78,Sugarcane,467
135,65,145,7.5,1200,30,DAP,78,Sugarcane,467
140,65,145,7.5,1200,30,DAP,78,Sugarcane,468
145,65,145,7.5,1200,30,DAP,78,Sugarcane,468
150,65,145,7.5,1200,30,DAP,78,Sugarcane,469
120,70,150,6.5,1300,35,DAP,78,Sugarcane,473
125,70,150,6.5,1300,35,DAP,78,Sugarcane,472
130,70,150,6.5,1300,35,DAP,78,Sugarcane,471
135,70,150,6.5,1300,35,DAP,78,Sugarcane,472
140,70,150,6.5,1300,35,DAP,78,Sugarcane,472
145,70,150,6.5,1300,35,DAP,78,Sugarcane,473
150,70,150,6.5,1300,35,DAP,78,Sugarcane,474
120,75,120,7,1400,20,DAP,78,Sugarcane,470
125,75,120,7,1400,20,DAP,78,Sugarcane,469
130,75,120,7,1400,20,DAP,78,Sugarcane,468
135,75,120,7,1400,20,DAP,78,Sugarcane,469
140,75,120,7,1400,20,DAP,78,Sugarcane,469
145,75,120,7,1400,20,DAP,78,Sugarcane,470
150,75,120,7,1400,20,DAP,78,Sugarcane,471
120,80,125,7.5,1500,25,DAP,78,Sugarcane,470
125,80,125,7.5,1500,25,DAP,78,Sugarcane,470
130,80,125,7.5,1500,25,DAP,78,Sugarcane,469
135,80,125,7.5,1500,25,DAP,78,Sugarcane,469
140,80,125,7.5,1500,25,DAP,78,Sugarcane,470
145,80,125,7.5,1500,25,DAP,78,Sugarcane,471
150,80,125,7.5,1500,25,DAP,78,Sugarcane,471
120,60,130,6.5,1000,30,MOP,78,Sugarcane,465
125,60,130,6.5,1000,30,MOP,78,Sugarcane,464
130,60,130,6.5,1000,30,MOP,78,Sugarcane,463
135,60,130,6.5,1000,30,MOP,78,Sugarcane,463
140,60,130,6.5,1000,30,MOP,78,Sugarcane,464
145,60,130,6.5,1000,30,MOP,78,Sugarcane,465
150,60,130,6.5,1000,30,MOP,78,Sugarcane,466
120,65,135,7,1100,35,MOP,78,Sugarcane,468
125,65,135,7,1100,35,MOP,78,Sugarcane,467
130,65,135,7,1100,35,MOP,78,Sugarcane,467
135,65,135,7,1100,35,MOP,78,Sugarcane,467
140,65,135,7,1100,35,MOP,78,Sugarcane,468
145,65,135,7,1100,35,MOP,78,Sugarcane,468
150,65,135,7,1100,35,MOP,78,Sugarcane,469
120,70,140,7.5,1200,20,MOP,78,Sugarcane,469
125,70,140,7.5,1200,20,MOP,78,Sugarcane,468
130,70,140,7.5,1200,20,MOP,78,Sugarcane,467
135,70,140,7.5,1200,20,MOP,78,Sugarcane,467
140,70,140,7.5,1200,20,MOP,78,Sugarcane,468
145,70,140,7.5,1200,20,MOP,78,Sugarcane,469
150,70,140,7.5,1200,20,MOP,78,Sugarcane,469
120,75,145,6.5,1300,25,MOP,78,Sugarcane,469
125,75,145,6.5,1300,25,MOP,78,Sugarcane,468
130,75,145,6.5,1300,25,MOP,78,Sugarcane,467
135,75,145,6.5,1300,25,MOP,78,Sugarcane,468
140,75,145,6.5,1300,25,MOP,78,Sugarcane,468
145,75,145,6.5,1300,25,MOP,78,Sugarcane,469
150,75,145,6.5,1300,25,MOP,78,Sugarcane,470
120,80,150,7,1400,30,MOP,78,Sugarcane,473
125,80,150,7,1400,30,MOP,78,Sugarcane,473
130,80,150,7,1400,30,MOP,78,Sugarcane,472
135,80,150,7,1400,30,MOP,78,Sugarcane,472
140,80,150,7,1400,30,MOP,78,Sugarcane,473
145,80,150,7,1400,30,MOP,78,Sugarcane,474
150,80,150,7,1400,30,MOP,78,Sugarcane,474
116,26,48,6.5,800,31,Chilated Micronutrient,55,Cotton,171
131,40,65,6.5,800,25,13:32:26 NPK,55,Cotton,169
127,57,75,7.002637093,1000,35,Hydrated Lime,55,Cotton,170
127,40,60,7,1000,35,DAP,55,Cotton,171
147,60,55,6.5,900,30,DAP,55,Cotton,169
113,30,55,7,900,35,Magnesium Sulphate,55,Cotton,171
136,56,75,6.777547885,1000,35,Ferrous Sulphate,55,Cotton,171
116,61,50,6.280772362,1000,35,Ferrous Sulphate,55,Cotton,170
125,55,60,7,1000,35,Magnesium Sulphate,55,Cotton,169
128,53,70,6.645472296,900,30,Hydrated Lime,55,Cotton,168
100,45,50,6,800,25,Magnesium Sulphate,55,Cotton,169
150,49,60,6.940458584,1000,35,DAP,55,Cotton,171
105,80,45,7.5,900,30,DAP,55,Cotton,171
110,30,45,6.5,800,35,12:32:16 NPK,55,Cotton,172
113,61,80,8.31492065,500,11,Ferrous Sulphate,55,Cotton,175
119,50,60,7,1000,35,DAP,55,Cotton,169
105,65,45,6.5,900,30,12:32:16 NPK,55,Cotton,169
150,52,55,7.071815852,900,30,50:26:26 NPK,55,Cotton,169
119,80,65,6.5,1000,35,Magnesium Sulphate,55,Cotton,171
134,50,65,6.5,800,25,Magnesium Sulphate,55,Cotton,168
104,70,65,7.926504728,500,20,DAP,55,Cotton,172
103,65,63,7.852775554,600,15,Hydrated Lime,55,Cotton,172
103,50,70,6,900,30,DAP,55,Cotton,169
124,50,75,7.5,1000,35,13:32:26 NPK,55,Cotton,171
116,63,50,6.683077995,1000,35,Hydrated Lime,55,Cotton,170
125,45,65,7.330507253,800,25,DAP,55,Cotton,168
117,52,60,7,1000,35,Ferrous Sulphate,55,Cotton,169
124,40,50,6,800,25,DAP,55,Cotton,169
103,65,50,7,1000,35,DAP,55,Cotton,171
130,57,55,6.92993883,900,30,20:20:20 NPK,55,Cotton,167
100,60,79,8.402823506,500,10,DAP,55,Cotton,175
126,51,60,7,1000,35,Ferrous Sulphate,55,Cotton,169
135,55,55,7.49005385,900,30,13:32:26 NPK,55,Cotton,168
105,65,69,7.570042008,500,15,DAP,55,Cotton,173
120,60,52,7.240835174,800,25,Hydrated Lime,55,Cotton,167
120,79,60,7.561313464,600,29,Chilated Micronutrient,55,Cotton,170
143,50,75,7.5,1000,35,13:32:26 NPK,55,Cotton,172
108,65,40,7,800,25,12:32:16 NPK,55,Cotton,170
116,58,65,7.5,800,25,Hydrated Lime,55,Cotton,167
106,80,75,7.5,500,30,DAP,55,Cotton,173
103,76,60,7.853204078,600,26,18:46:00 NPK,55,Cotton,170
109,80,75,7.5,500,30,DAP,55,Cotton,173
101,40,70,6,900,30,Magnesium Sulphate,55,Cotton,170
111,75,55,7.367072319,800,25,12:32:16 NPK,55,Cotton,169
104,59,75,7.413240553,1000,35,MOP,55,Cotton,171
105,80,70,8,600,30,Magnesium Sulphate,55,Cotton,172
140,47,65,7.001516295,800,25,Ferrous Sulphate,55,Cotton,169
100,21,48,7.5,1000,26,13:32:26 NPK,55,Cotton,173
136,45,75,6.5,1000,35,Magnesium Sulphate,55,Cotton,172
115,61,56,6.350983439,900,30,DAP,55,Cotton,167
110,76,73,7.602103665,600,26,Magnesium Sulphate,55,Cotton,171
114,65,60,6.109994658,900,30,DAP,55,Cotton,167
130,56,75,6.837995157,1000,35,Ferrous Sulphate,55,Cotton,170
108,65,65,8,600,15,Magnesium Sulphate,55,Cotton,172
149,40,70,6,900,30,Magnesium Sulphate,55,Cotton,171
112,72,60,6.578280141,900,30,Ferrous Sulphate,55,Cotton,168
110,65,60,6,900,30,DAP,55,Cotton,167
117,60,70,6,900,30,DAP,55,Cotton,167
117,60,55,7.5,800,25,DAP,55,Cotton,167
120,65,77,7.856729374,500,15,Hydrated Lime,55,Cotton,174
110,77,80,8.20458337,500,27,Hydrated Lime,55,Cotton,173
119,65,60,7.5,600,15,DAP,55,Cotton,171
139,59,50,6.962651811,800,25,MOP,55,Cotton,169
114,75,45,6.677399439,900,30,DAP,55,Cotton,170
113,40,55,7.5,900,30,Magnesium Sulphate,55,Cotton,169
100,79,75,7.627060513,500,29,DAP,55,Cotton,173
145,42,60,6.52224326,1000,35,Ferrous Sulphate,55,Cotton,171
101,65,70,7.5,500,15,DAP,55,Cotton,174
103,60,60,6,1000,35,13:32:26 NPK,55,Cotton,169
126,43,50,6,800,25,Hydrated Lime,55,Cotton,169
100,80,40,6,800,25,DAP,55,Cotton,172
100,29,45,6.5,800,34,12:32:16 NPK,55,Cotton,173
102,70,40,6,800,25,12:32:16 NPK,55,Cotton,171
142,55,70,7,900,30,Magnesium Sulphate,55,Cotton,169
110,25,50,6.5,800,30,Magnesium Sulphate,55,Cotton,171
126,55,50,6,800,25,DAP,55,Cotton,168
110,79,75,7.524147921,500,29,DAP,55,Cotton,172
122,42,60,6.483699652,1000,35,Hydrated Lime,55,Cotton,170
113,50,65,6.5,800,25,Magnesium Sulphate,55,Cotton,167
140,53,50,6.204813805,800,25,Ammonium Sulphate,55,Cotton,169
120,66,63,8.135416126,600,16,Magnesium Sulphate,55,Cotton,171
100,60,70,7.938971421,600,10,Hydrated Lime,55,Cotton,173
135,55,70,6.921543619,900,30,MOP,55,Cotton,168
150,50,60,7,1000,35,DAP,55,Cotton,171
130,55,65,7.5,800,25,DAP,55,Cotton,167
105,79,45,7.335980121,900,30,DAP,55,Cotton,171
101,55,50,6,800,25,DAP,55,Cotton,168
115,62,50,6.591047056,1000,35,Hydrated Lime,55,Cotton,170
145,60,60,6,1000,35,13:32:26 NPK,55,Cotton,170
115,55,60,7,1000,35,Magnesium Sulphate,55,Cotton,168
111,55,75,6.5,1000,35,DAP,55,Cotton,170
127,55,50,6,800,25,DAP,55,Cotton,168
118,66,55,6.785404077,800,25,Ferrous Sulphate,55,Cotton,168
108,80,65,8.5,500,30,12:32:16 NPK,55,Cotton,172
105,43,50,6,800,25,Hydrated Lime,55,Cotton,169
140,40,65,6.5,800,25,13:32:26 NPK,55,Cotton,170
126,60,55,6.5,900,30,DAP,55,Cotton,167
122,60,60,6,1000,35,13:32:26 NPK,55,Cotton,169
113,76,40,6.611720746,800,25,DAP,55,Cotton,171
142,57,55,7.080399938,900,30,19:19:19 NPK,55,Cotton,168
111,75,65,7.5,1000,35,DAP,55,Cotton,171
143,43,50,6,800,25,Hydrated Lime,55,Cotton,170
146,51,60,7,1000,35,DAP,55,Cotton,170
109,20,50,7.5,1000,25,12:32:16 NPK,55,Cotton,173
124,45,65,7.5,800,25,DAP,55,Cotton,168
110,65,60,6.046002642,900,30,DAP,55,Cotton,167
104,45,55,6.5,900,30,DAP,55,Cotton,169
115,69,65,7.927730292,500,19,DAP,55,Cotton,172
145,56,50,6.296342141,800,25,Ferrous Sulphate,55,Cotton,169
147,42,60,6.525826171,1000,35,Ferrous Sulphate,55,Cotton,171
100,60,54,7.45108292,800,25,DAP,55,Cotton,168
117,65,75,8.5,600,15,12:32:16 NPK,55,Cotton,172
107,50,65,6.5,800,25,Magnesium Sulphate,55,Cotton,168
105,25,54,6,700,30,13:32:26 NPK,55,Cotton,172
105,47,65,7.066148351,800,25,Ferrous Sulphate,55,Cotton,168
135,51,65,6.898504734,800,25,Hydrated Lime,55,Cotton,168
111,80,60,7.5,600,30,DAP,55,Cotton,170
108,50,55,6.5,900,30,Magnesium Sulphate,55,Cotton,168
120,64,45,6.5,900,30,12:32:16 NPK,55,Cotton,169
131,48,55,6.5,900,30,Hydrated Lime,55,Cotton,168
113,70,55,7.5,800,25,Magnesium Sulphate,55,Cotton,168
147,42,50,6,800,25,Ferrous Sulphate,55,Cotton,170
120,64,65,7.356489841,1000,35,12:32:16 NPK,55,Cotton,169
100,60,51,6.5,900,30,DAP,55,Cotton,168
114,25,50,6.5,800,30,Magnesium Sulphate,55,Cotton,171
109,70,65,6.570568747,1000,35,DAP,55,Cotton,171
123,36,55,7.321209639,900,31,Magnesium Sulphate,55,Cotton,170
105,64,55,6.526511311,800,25,DAP,55,Cotton,168
137,55,65,7.5,800,25,DAP,55,Cotton,168
105,70,50,6.940230241,1000,35,12:32:16 NPK,55,Cotton,171
107,60,62,6.287737089,1000,35,12:32:16 NPK,55,Cotton,169
100,76,70,8.305915037,600,26,Ferrous Sulphate,55,Cotton,172
109,20,50,7.5,1000,25,12:32:16 NPK,55,Cotton,173
112,22,47,7.5,1000,27,19:19:19 NPK,55,Cotton,172
105,57,65,7.5,800,25,Ferrous Sulphate,55,Cotton,167
100,74,65,7.558535191,500,24,Magnesium Sulphate,55,Cotton,172
103,80,60,6,900,30,12:32:16 NPK,55,Cotton,170
120,60,64,6.480595282,1000,35,12:32:16 NPK,55,Cotton,169
120,75,45,6.594649358,900,30,DAP,55,Cotton,170
105,75,60,8,600,25,12:32:16 NPK,55,Cotton,170
119,80,55,6.5,800,25,12:32:16 NPK,55,Cotton,169
119,80,66,8.399221999,500,30,12:32:16 NPK,55,Cotton,171
130,55,70,7,900,30,Magnesium Sulphate,55,Cotton,168
124,50,75,7.5,1000,35,13:32:26 NPK,55,Cotton,171
113,60,70,8,500,10,12:32:16 NPK,55,Cotton,174
100,50,65,6.5,800,25,Magnesium Sulphate,55,Cotton,168
113,65,75,8.5,600,15,12:32:16 NPK,55,Cotton,173
130,59,50,6.844875311,800,25,MOP,55,Cotton,168
105,59,65,7.5,800,25,MOP,55,Cotton,167
114,60,80,8.407234241,500,10,DAP,55,Cotton,175
110,48,55,6.5,900,30,Hydrated Lime,55,Cotton,168
144,40,65,6.5,800,25,13:32:26 NPK,55,Cotton,170
115,66,60,7.803262835,600,16,Ferrous Sulphate,55,Cotton,171
105,46,55,6.5,900,30,Ferrous Sulphate,55,Cotton,169
144,55,65,7.5,800,25,DAP,55,Cotton,168
148,58,50,6.735071044,800,25,Hydrated Lime,55,Cotton,169
109,80,55,6.5,800,25,12:32:16 NPK,55,Cotton,170
111,65,61,7.641017286,600,15,Ferrous Sulphate,55,Cotton,171
149,45,60,6.177439544,1000,35,MOP,55,Cotton,171
131,43,65,7.250614752,800,25,Ammonium Sulphate,55,Cotton,169
119,60,75,7.5,600,10,Magnesium Sulphate,55,Cotton,173
119,40,70,6,900,30,Magnesium Sulphate,55,Cotton,169
132,55,50,6,800,25,DAP,55,Cotton,168
138,45,55,6.5,900,30,DAP,55,Cotton,169
123,56,56,7.38820648,900,30,12:32:16 NPK,55,Cotton,167
108,80,60,6,900,30,12:32:16 NPK,55,Cotton,169
105,64,65,8.034621337,600,14,MOP,55,Cotton,172
100,60,53,6.5,900,30,DAP,55,Cotton,168
115,60,75,7.5,600,10,Magnesium Sulphate,55,Cotton,173
100,61,45,6.5,900,30,Ammonium Sulphate,55,Cotton,169
107,30,50,6,700,35,DAP,55,Cotton,173
145,60,65,7.5,800,25,Magnesium Sulphate,55,Cotton,168
105,64,59,6.048723547,900,30,DAP,55,Cotton,168
120,67,67,7.752626186,500,17,DAP,55,Cotton,172
120,49,65,6.673542534,800,25,MOP,55,Cotton,167
118,71,50,6.679950399,1000,35,12:32:16 NPK,55,Cotton,171
113,30,45,6.5,800,35,12:32:16 NPK,55,Cotton,172
116,63,40,6.610798321,800,25,12:32:16 NPK,55,Cotton,169
100,80,60,7.5,600,30,DAP,55,Cotton,171
100,75,69,8.452690988,600,25,Chilated Micronutrient,55,Cotton,172
100,75,80,8.5,500,25,DAP,55,Cotton,174
101,58,75,7.180686362,1000,35,Hydrated Lime,55,Cotton,171
114,25,50,6.5,800,30,Magnesium Sulphate,55,Cotton,171
115,69,75,8.024696427,600,19,Chilated Micronutrient,55,Cotton,172
127,60,60,6,1000,35,13:32:26 NPK,55,Cotton,169
108,60,55,6.5,900,30,DAP,55,Cotton,168
142,57,75,7.051554478,1000,35,Hydrated Lime,55,Cotton,171
138,58,50,6.706789228,800,25,Hydrated Lime,55,Cotton,168
105,76,45,6.828664545,900,30,DAP,55,Cotton,171
126,56,50,6.327481544,800,25,Ferrous Sulphate,55,Cotton,168
106,63,40,6.752374529,800,25,12:32:16 NPK,55,Cotton,170
143,53,65,7.291579044,800,25,DAP,55,Cotton,168
110,60,51,7.105190929,800,25,MOP,55,Cotton,168
110,50,65,6.5,800,25,Magnesium Sulphate,55,Cotton,168
110,72,65,7.005579695,1000,35,DAP,55,Cotton,171
129,40,55,7.44244124,900,30,MOP,55,Cotton,169
127,40,55,7.5,900,30,Magnesium Sulphate,55,Cotton,169
137,55,75,6.5,1000,35,DAP,55,Cotton,171
100,65,75,8.5,600,15,12:32:16 NPK,55,Cotton,173
101,65,75,8.5,600,15,12:32:16 NPK,55,Cotton,173
135,50,75,7.382932984,1000,35,13:32:26 NPK,55,Cotton,171
115,78,60,6.142991682,900,30,13:32:26 NPK,55,Cotton,169
115,58,75,7.261510632,1000,35,MOP,55,Cotton,170
138,50,50,7,800,25,13:32:26 NPK,55,Cotton,169
145,45,60,6.101122676,1000,35,MOP,55,Cotton,171
100,45,60,6.084106806,1000,35,MOP,55,Cotton,170
143,41,75,6.5,1000,35,Ferrous Sulphate,55,Cotton,173
140,40,75,6.5,1000,35,DAP,55,Cotton,173
145,54,70,6.821860059,900,30,MOP,55,Cotton,169
112,50,50,7,800,25,13:32:26 NPK,55,Cotton,168
100,50,50,7,800,25,13:32:26 NPK,55,Cotton,169
120,74,45,6.584837714,900,30,Chilated Micronutrient,55,Cotton,170
130,60,75,7.5,1000,35,Magnesium Sulphate,55,Cotton,171
108,50,65,6.5,800,25,Magnesium Sulphate,55,Cotton,168
133,40,60,7,1000,35,DAP,55,Cotton,171
100,79,50,6.812799567,1000,35,Ammonium Sulphate,55,Cotton,173
139,50,65,6.5,800,25,Magnesium Sulphate,55,Cotton,168
105,75,70,8.486001064,600,25,DAP,55,Cotton,171
117,40,70,6,900,30,Magnesium Sulphate,55,Cotton,169
123,55,75,6.5,1000,35,DAP,55,Cotton,170
106,20,55,7,900,25,DAP,55,Cotton,172
136,60,75,7.5,1000,35,Magnesium Sulphate,55,Cotton,171
120,72,72,8.220797875,600,22,DAP,55,Cotton,171
100,27,47,6.5,800,32,50:26:26 NPK,55,Cotton,172
139,54,50,6.093645615,800,25,Chilated Micronutrient,55,Cotton,169
110,60,50,6,1000,35,DAP,55,Cotton,170
100,42,50,6,800,25,Ferrous Sulphate,55,Cotton,170
135,45,75,6.5,1000,35,Magnesium Sulphate,55,Cotton,172
115,77,40,6.468660642,800,25,DAP,55,Cotton,171
145,55,70,6.943696724,900,30,MOP,55,Cotton,169
123,40,65,6.5,800,25,13:32:26 NPK,55,Cotton,169
105,79,60,6,900,30,13:32:26 NPK,55,Cotton,169
105,65,61,7.675394849,600,15,Ferrous Sulphate,55,Cotton,172
106,60,40,6,800,25,12:32:16 NPK,55,Cotton,169
144,40,60,7,1000,35,DAP,55,Cotton,171
125,60,55,6.5,900,30,DAP,55,Cotton,167
105,71,50,6.62512942,1000,35,12:32:16 NPK,55,Cotton,172
100,60,72,7.785712086,600,10,Hydrated Lime,55,Cotton,174
115,65,45,6.5,900,30,12:32:16 NPK,55,Cotton,169
103,76,55,7.276404161,800,25,12:32:16 NPK,55,Cotton,170
109,49,60,6.963222539,1000,35,DAP,55,Cotton,169
115,60,45,6.5,900,30,DAP,55,Cotton,168
105,40,65,6.5,800,25,13:32:26 NPK,55,Cotton,169
135,55,65,7.5,800,25,DAP,55,Cotton,168
110,54,60,7,1000,35,MOP,55,Cotton,169
117,50,55,6.5,900,30,Magnesium Sulphate,55,Cotton,167
150,59,55,6.507035204,900,30,Chilated Micronutrient,55,Cotton,169
114,40,75,6.5,1000,35,DAP,55,Cotton,172
102,67,55,6.946145716,800,25,Ferrous Sulphate,55,Cotton,169
109,65,60,7.5,600,15,DAP,55,Cotton,171
130,57,65,7.5,800,25,Hydrated Lime,55,Cotton,167
103,26,48,6,700,31,Ferrous Sulphate,55,Cotton,172
108,65,65,7.5,1000,35,12:32:16 NPK,55,Cotton,170
120,62,70,7.727270532,600,12,Magnesium Sulphate,55,Cotton,172
111,65,55,6.5,800,25,DAP,55,Cotton,168
105,45,75,6.5,1000,35,Magnesium Sulphate,55,Cotton,172
145,44,60,6.09884199,1000,35,MOP,55,Cotton,171
119,55,65,7.5,800,25,DAP,55,Cotton,167
111,80,80,8,500,30,Magnesium Sulphate,55,Cotton,173
110,64,65,7.450411484,1000,35,12:32:16 NPK,55,Cotton,170
150,53,75,6.5,1000,35,DAP,55,Cotton,172
112,65,80,8,500,15,Magnesium Sulphate,55,Cotton,174
103,80,78,7.810066299,500,30,Hydrated Lime,55,Cotton,174
103,70,40,6,800,25,12:32:16 NPK,55,Cotton,171
100,70,70,8.5,500,20,Magnesium Sulphate,55,Cotton,173
147,57,50,6.536301595,800,25,Hydrated Lime,55,Cotton,169
108,75,45,6.5,900,30,DAP,55,Cotton,170
142,47,65,7.083656112,800,25,Ferrous Sulphate,55,Cotton,169
135,50,60,7,1000,35,DAP,55,Cotton,170
110,20,49,7.5,1000,25,12:32:16 NPK,55,Cotton,173
105,60,80,8.5,500,10,DAP,55,Cotton,175
108,78,55,6.801838286,800,25,12:32:16 NPK,55,Cotton,170
117,67,45,6.963903634,900,30,12:32:16 NPK,55,Cotton,169
146,53,60,7,1000,35,Hydrated Lime,55,Cotton,170
100,75,74,7.68620498,600,25,MOP,55,Cotton,172
101,66,40,6.684731173,800,25,12:32:16 NPK,55,Cotton,170
109,60,40,6.162616939,800,25,12:32:16 NPK,55,Cotton,169
115,74,75,7.544536408,600,24,MOP,55,Cotton,172
114,80,65,6.5,1000,35,Magnesium Sulphate,55,Cotton,171
110,64,80,8.025100043,500,14,MOP,55,Cotton,174
131,45,75,6.5,1000,35,Magnesium Sulphate,55,Cotton,172
100,68,40,6.386584804,800,25,12:32:16 NPK,55,Cotton,171
117,80,80,8,500,30,Magnesium Sulphate,55,Cotton,173
119,65,40,6.932728483,800,25,12:32:16 NPK,55,Cotton,169
115,60,55,7.36606389,800,25,DAP,55,Cotton,167
105,44,60,6.04521867,1000,35,MOP,55,Cotton,170
135,59,75,7.473633026,1000,35,MOP,55,Cotton,171
140,58,70,6.376463367,900,30,Ferrous Sulphate,55,Cotton,168
110,64,65,7.310553331,1000,35,12:32:16 NPK,55,Cotton,170
110,65,55,6.5,800,25,DAP,55,Cotton,168
114,79,65,6.650416891,1000,35,MOP,55,Cotton,171
112,42,75,6.5,1000,35,Ferrous Sulphate,55,Cotton,172
126,55,50,6,800,25,DAP,55,Cotton,168
104,45,70,7,900,30,13:32:26 NPK,55,Cotton,169
120,55,50,6.236821615,800,25,DAP,55,Cotton,167
110,65,64,7.919164352,600,15,MOP,55,Cotton,172
105,60,52,7.23434658,800,25,Hydrated Lime,55,Cotton,168
100,62,50,6.585180498,1000,35,DAP,55,Cotton,171
110,53,60,7,1000,35,Hydrated Lime,55,Cotton,169
105,20,49,7.5,1000,25,12:32:16 NPK,55,Cotton,173
120,49,65,6.635277624,800,25,MOP,55,Cotton,167
118,25,50,6.5,800,30,Magnesium Sulphate,55,Cotton,171
109,65,60,6,900,30,DAP,55,Cotton,168
115,30,45,6.5,800,35,12:32:16 NPK,55,Cotton,172
105,67,45,7.055431706,900,30,12:32:16 NPK,55,Cotton,170
110,71,68,8.268987415,500,21,Magnesium Sulphate,55,Cotton,172
100,80,40,6,800,25,DAP,55,Cotton,172
150,48,60,7,1000,35,DAP,55,Cotton,171
116,48,55,6.5,900,30,MOP,55,Cotton,168
120,62,52,6.725272068,800,25,Ferrous Sulphate,55,Cotton,168
100,75,40,6.870840585,800,25,DAP,55,Cotton,171
110,20,55,7,900,25,DAP,55,Cotton,172
120,68,45,7.106174634,900,30,12:32:16 NPK,55,Cotton,169
120,43,75,6.5,1000,35,MOP,55,Cotton,171
131,40,70,6,900,30,Magnesium Sulphate,55,Cotton,170
143,60,75,7.5,1000,35,Magnesium Sulphate,55,Cotton,171
110,43,60,6.358162718,1000,35,Hydrated Lime,55,Cotton,170
114,45,60,6,1000,35,Magnesium Sulphate,55,Cotton,170
145,41,55,7.171573196,900,30,Hydrated Lime,55,Cotton,170
132,57,70,6.520307701,900,30,Hydrated Lime,55,Cotton,168
105,27,55,7,900,32,MOP,55,Cotton,171
105,67,70,8.020163501,500,17,Hydrated Lime,55,Cotton,173
114,50,65,6.5,800,25,Magnesium Sulphate,55,Cotton,167
140,42,55,7.051906839,900,30,Hydrated Lime,55,Cotton,170
102,70,60,7,900,30,DAP,55,Cotton,169
109,75,55,7.376653603,800,25,12:32:16 NPK,55,Cotton,169
112,70,65,8,500,20,DAP,55,Cotton,172
115,59,59,7.067007614,900,30,12:32:16 NPK,55,Cotton,167
149,40,65,6.528782676,800,25,13:32:26 NPK,55,Cotton,170
105,41,50,6,800,25,DAP,55,Cotton,170
111,71,65,7.810154776,500,21,Ferrous Sulphate,55,Cotton,172
101,26,53,6,700,31,18:46:00 NPK,55,Cotton,172
118,50,75,7.5,1000,35,13:32:26 NPK,55,Cotton,170
101,70,50,7,1000,35,12:32:16 NPK,55,Cotton,172
149,50,60,7,1000,35,DAP,55,Cotton,171
106,58,75,7.149412441,1000,35,Hydrated Lime,55,Cotton,170
117,67,60,7.910082313,600,17,Ferrous Sulphate,55,Cotton,171
110,48,55,6.5,900,30,Hydrated Lime,55,Cotton,168
137,55,75,6.5,1000,35,DAP,55,Cotton,171
149,60,60,6,1000,35,13:32:26 NPK,55,Cotton,170
140,51,65,6.848255467,800,25,Hydrated Lime,55,Cotton,168
117,57,57,7.256994745,900,30,12:32:16 NPK,55,Cotton,166
136,40,55,7.5,900,30,Magnesium Sulphate,55,Cotton,170
100,43,65,7.103457218,800,25,50:26:26 NPK,55,Cotton,169
108,53,70,6.6220867,900,30,Hydrated Lime,55,Cotton,168
119,50,55,6.5,900,30,Magnesium Sulphate,55,Cotton,167
125,40,75,6.5,1000,35,DAP,55,Cotton,172
102,20,50,7.5,1000,25,12:32:16 NPK,55,Cotton,173
114,75,60,8,600,25,12:32:16 NPK,55,Cotton,170
117,52,60,7,1000,35,Hydrated Lime,55,Cotton,169
112,50,75,7.5,1000,35,13:32:26 NPK,55,Cotton,171
127,52,60,7,1000,35,Hydrated Lime,55,Cotton,169
104,60,55,6.5,900,30,DAP,55,Cotton,168
120,60,70,7.992618094,600,10,Hydrated Lime,55,Cotton,173
113,66,45,6.82875161,900,30,12:32:16 NPK,55,Cotton,169
113,70,65,6.5,1000,35,DAP,55,Cotton,170
102,60,45,6.5,900,30,DAP,55,Cotton,169
109,40,70,6,900,30,Magnesium Sulphate,55,Cotton,169
110,75,75,7.5,600,25,Magnesium Sulphate,55,Cotton,172
120,60,64,6.435977081,1000,35,12:32:16 NPK,55,Cotton,169
40,60,75,5.550212713,900,20,Ammonium Sulphate,75,Ginger,263
51,50,60,6.5,1000,25,Urea,75,Ginger,258
57,40,70,6,900,30,DAP,75,Ginger,260
49,60,80,6,900,20,Urea,75,Ginger,262
60,53,66,5.875762004,900,30,Urea,75,Ginger,260
59,40,60,5.5,900,20,Urea,75,Ginger,263
45,55,79,6.439832124,900,20,Ammonium Sulphate,75,Ginger,261
53,60,80,6,900,20,Urea,75,Ginger,262
56,55,65,5.5,900,30,Urea,75,Ginger,260
49,54,80,6.360727927,900,20,Ammonium Sulphate,75,Ginger,261
48,55,60,6,1000,25,DAP,75,Ginger,259
45,58,65,6.120072756,900,30,Hydrated Lime,75,Ginger,260
50,57,72,5.766730546,1000,35,Urea,75,Ginger,261
51,60,65,6.5,900,30,DAP,75,Ginger,260
60,51,75,5.894298606,1000,35,Chilated Micronutrient,75,Ginger,262
44,40,65,6.5,1000,25,Ammonium Sulphate,75,Ginger,260
46,51,80,5.811722068,900,20,Chilated Micronutrient,75,Ginger,261
53,56,60,5.87575543,1000,25,Chilated Micronutrient,75,Ginger,260
58,60,70,6,1000,35,Urea,75,Ginger,262
50,45,80,5.983233783,900,20,Sulphur,75,Ginger,261
52,40,75,5.5,1000,35,Urea,75,Ginger,262
51,50,75,6,1000,35,Ammonium Sulphate,75,Ginger,260
40,49,75,6.061617182,1000,35,Ammonium Sulphate,75,Ginger,262
48,45,70,5.5,900,30,Ammonium Sulphate,75,Ginger,258
40,50,69,6.321257305,900,30,Urea,75,Ginger,259
50,50,80,5.610631737,900,20,Chilated Micronutrient,75,Ginger,260
51,40,60,5.5,900,20,Urea,75,Ginger,262
40,40,70,5.936255669,900,30,Chilated Micronutrient,75,Ginger,261
51,50,65,6,900,30,Ammonium Sulphate,75,Ginger,258
52,55,65,5.5,900,30,Urea,75,Ginger,259
44,50,69,6.350082573,900,30,Urea,75,Ginger,258
48,40,80,6.5,900,20,Ammonium Sulphate,75,Ginger,262
43,60,70,6,1000,35,Urea,75,Ginger,262
46,46,75,6.360018268,1000,35,Chilated Micronutrient,75,Ginger,261
50,46,68,5.679426184,900,30,Ammonium Sulphate,75,Ginger,258
58,50,65,6,900,30,Ammonium Sulphate,75,Ginger,259
52,57,60,5.771362222,1000,25,Chilated Micronutrient,75,Ginger,260
41,42,80,6.248200941,900,20,Ammonium Sulphate,75,Ginger,263
43,40,65,6.5,1000,25,Ammonium Sulphate,75,Ginger,260
44,59,70,5.909201142,1000,35,Urea,75,Ginger,262
55,40,60,5.5,900,20,Urea,75,Ginger,263
52,45,70,5.5,900,30,Ammonium Sulphate,75,Ginger,258
55,40,70,6,900,30,DAP,75,Ginger,260
50,42,75,5.962005804,1000,35,MOP,75,Ginger,261
44,60,75,5.5,900,20,Ammonium Sulphate,75,Ginger,262
55,50,80,5.5,900,20,DAP,75,Ginger,261
44,40,60,5.5,900,20,Urea,75,Ginger,263
57,60,60,5.5,1000,25,Ammonium Sulphate,75,Ginger,261
56,55,60,6,1000,25,DAP,75,Ginger,260
49,49,65,5.990944908,900,30,Ammonium Sulphate,75,Ginger,258
54,59,60,5.563938046,1000,25,Ammonium Sulphate,75,Ginger,261
50,55,75,5.5,1000,35,Urea,75,Ginger,261
52,60,65,6.5,900,30,DAP,75,Ginger,260
43,58,65,6.196650824,900,30,Hydrated Lime,75,Ginger,261
40,54,60,6.038750309,1000,25,DAP,75,Ginger,261
45,47,80,5.792761366,900,20,Chilated Micronutrient,75,Ginger,261
44,45,64,6.076269521,1000,25,Urea,75,Ginger,259
47,55,80,6.5,900,20,Ammonium Sulphate,75,Ginger,261
41,55,75,5.5,1000,35,Urea,75,Ginger,262
47,50,65,6,900,30,Ammonium Sulphate,75,Ginger,258
50,43,75,6.236444236,1000,35,Ferrous Sulphate,75,Ginger,261
49,40,60,5.5,900,20,Urea,75,Ginger,262
54,44,75,6.425568513,1000,35,DAP,75,Ginger,261
52,50,65,6,900,30,Ammonium Sulphate,75,Ginger,258
44,60,80,6,900,20,Urea,75,Ginger,263
40,55,74,5.507579401,1000,35,Urea,75,Ginger,262
40,49,80,5.580550957,900,20,Ferrous Sulphate,75,Ginger,262
45,50,65,6,900,30,Ammonium Sulphate,75,Ginger,258
54,45,70,5.5,900,30,Ammonium Sulphate,75,Ginger,258
40,50,80,5.630103638,900,20,Chilated Micronutrient,75,Ginger,262
52,42,70,5.740580971,900,30,Ammonium Sulphate,75,Ginger,259
57,40,70,6,900,30,DAP,75,Ginger,260
46,55,65,5.5,900,30,Urea,75,Ginger,259
49,55,65,5.5,900,30,Urea,75,Ginger,259
40,41,70,5.832401379,900,30,Chilated Micronutrient,75,Ginger,260
55,45,75,6.5,1000,35,DAP,75,Ginger,261
50,55,60,5.997683988,1000,25,Chilated Micronutrient,75,Ginger,259
41,51,68,6.166500828,900,30,Urea,75,Ginger,259
53,55,80,6.5,900,20,Ammonium Sulphate,75,Ginger,261
50,47,75,6.268697801,1000,35,Chilated Micronutrient,75,Ginger,260
49,44,75,6.419855616,1000,35,DAP,75,Ginger,261
55,58,71,5.826827003,1000,35,Urea,75,Ginger,262
56,45,65,6,1000,25,Urea,75,Ginger,259
48,45,70,5.5,900,30,Ammonium Sulphate,75,Ginger,258
50,40,64,5.72610897,900,24,MOP,75,Ginger,259
51,51,68,6.275395177,900,30,Urea,75,Ginger,257
57,40,80,6.5,900,20,Ammonium Sulphate,75,Ginger,263
54,55,60,5.92957149,1000,25,Chilated Micronutrient,75,Ginger,260
41,40,65,6.5,1000,25,Ammonium Sulphate,75,Ginger,261
60,52,67,5.998367773,900,30,Urea,75,Ginger,260
50,52,67,6.08107455,900,30,Urea,75,Ginger,258
45,44,60,5.585154099,1000,25,Ammonium Sulphate,75,Ginger,260
56,60,70,6,1000,35,Urea,75,Ginger,262
55,52,72,6.209705825,1000,35,Ammonium Sulphate,75,Ginger,261
58,40,75,5.5,1000,35,Urea,75,Ginger,263
54,45,80,5.993452772,900,20,Sulphur,75,Ginger,261
46,48,75,6.168231314,1000,35,Ammonium Sulphate,75,Ginger,260
41,40,75,5.5,1000,35,Urea,75,Ginger,263
45,55,74,5.519464841,1000,35,Urea,75,Ginger,261
44,60,60,5.5,1000,25,Ammonium Sulphate,75,Ginger,261
57,45,65,6,1000,25,Urea,75,Ginger,259
40,45,64,6.042674834,1000,25,Urea,75,Ginger,260
49,44,60,5.503125748,1000,25,Ammonium Sulphate,75,Ginger,259
42,55,80,6.5,900,20,Ammonium Sulphate,75,Ginger,262
45,47,62,6.297692509,1000,25,Urea,75,Ginger,259
59,45,64,6.033538239,1000,25,Urea,75,Ginger,260
40,47,80,5.75003953,900,20,Chilated Micronutrient,75,Ginger,262
43,45,80,6,900,20,Urea,75,Ginger,262
51,50,65,6,900,30,Ammonium Sulphate,75,Ginger,258
57,55,75,5.5,1000,35,Urea,75,Ginger,262
60,44,60,5.690687721,1000,25,Ammonium Sulphate,75,Ginger,261
50,59,75,5.536549668,900,20,Ammonium Sulphate,75,Ginger,261
47,55,65,5.5,900,30,Urea,75,Ginger,259
42,40,65,5.782420567,900,25,MOP,75,Ginger,261
55,54,80,6.434291361,900,20,Ammonium Sulphate,75,Ginger,262
40,47,80,5.724472383,900,20,Chilated Micronutrient,75,Ginger,262
57,42,75,5.953288835,1000,35,MOP,75,Ginger,262
55,42,75,6.024390269,1000,35,MOP,75,Ginger,262
42,55,80,6.5,900,20,Ammonium Sulphate,75,Ginger,262
50,40,64,5.70038153,900,24,Magnesium Sulphate,75,Ginger,259
45,50,65,6,900,30,Ammonium Sulphate,75,Ginger,258
50,55,65,5.5,900,30,Urea,75,Ginger,259
60,51,65,6.090964065,900,30,Ammonium Sulphate,75,Ginger,260
50,60,60,5.5,1000,25,Ammonium Sulphate,75,Ginger,260
54,45,69,5.526942269,900,30,Ammonium Sulphate,75,Ginger,259
58,55,75,5.5,1000,35,Urea,75,Ginger,262
43,58,71,5.864627663,1000,35,Urea,75,Ginger,262
41,45,80,6,900,20,Urea,75,Ginger,262
42,60,60,5.5,1000,25,Ammonium Sulphate,75,Ginger,261
59,45,70,5.5,900,30,Ammonium Sulphate,75,Ginger,260
54,45,60,5.5,1000,25,Ammonium Sulphate,75,Ginger,260
46,45,65,6,1000,25,Urea,75,Ginger,259
56,46,80,5.841076058,900,20,Chilated Micronutrient,75,Ginger,262
44,44,70,5.513547996,900,30,Ammonium Sulphate,75,Ginger,259
55,58,60,5.610986081,1000,25,Ammonium Sulphate,75,Ginger,261
48,55,75,5.5,1000,35,Urea,75,Ginger,261
43,51,73,6.164053628,1000,35,Ammonium Sulphate,75,Ginger,261
44,50,65,6,900,30,Ammonium Sulphate,75,Ginger,259
58,50,65,6,900,30,Ammonium Sulphate,75,Ginger,259
43,48,61,6.399958043,1000,25,Urea,75,Ginger,259
55,59,75,5.678544662,900,20,Ammonium Sulphate,75,Ginger,262
48,50,65,6,900,30,Ammonium Sulphate,75,Ginger,258
51,56,60,5.880908609,1000,25,Chilated Micronutrient,75,Ginger,259
45,55,60,6,1000,25,DAP,75,Ginger,260
46,40,80,6.5,900,20,Ammonium Sulphate,75,Ginger,262
56,58,60,5.638866534,1000,25,Ammonium Sulphate,75,Ginger,261
60,59,65,6.355696468,900,30,Ferrous Sulphate,75,Ginger,261
40,60,60,5.5,1000,25,Ammonium Sulphate,75,Ginger,262
48,48,75,6.198591765,1000,35,Ammonium Sulphate,75,Ginger,260
56,58,76,5.831914863,900,20,Ammonium Sulphate,75,Ginger,262
43,41,75,5.704984295,1000,35,SSP,75,Ginger,263
40,41,75,5.79314773,1000,35,Magnesium Sulphate,75,Ginger,263
45,49,75,6.051832091,1000,35,Ammonium Sulphate,75,Ginger,260
44,40,70,5.993499038,900,30,Chilated Micronutrient,75,Ginger,260
44,59,65,6.414491469,900,30,DAP,75,Ginger,261
46,55,65,5.5,900,30,Urea,75,Ginger,259
50,45,80,6,900,20,Urea,75,Ginger,261
55,50,80,5.681435435,900,20,Chilated Micronutrient,75,Ginger,261
57,57,77,5.916958439,900,20,Ammonium Sulphate,75,Ginger,262
42,57,60,5.710712275,1000,25,Ammonium Sulphate,75,Ginger,261
55,55,65,5.607328289,900,30,Sulphur,75,Ginger,260
45,55,79,6.317443562,900,20,Ammonium Sulphate,75,Ginger,261
60,53,66,5.841817352,900,30,Urea,75,Ginger,260
45,58,60,5.629711717,1000,25,Ammonium Sulphate,75,Ginger,260
46,60,80,6,900,20,Urea,75,Ginger,262
60,57,72,5.704852529,1000,35,Urea,75,Ginger,263
56,50,60,6.5,1000,25,Urea,75,Ginger,259
53,46,68,5.687925546,900,30,Ammonium Sulphate,75,Ginger,258
55,42,70,5.795294174,900,30,Chilated Micronutrient,75,Ginger,259
45,42,80,6.22397641,900,20,Hydrated Lime,75,Ginger,262
52,40,75,5.5,1000,35,Urea,75,Ginger,262
48,40,75,5.5,1000,35,Urea,75,Ginger,262
40,60,80,6,900,20,Urea,75,Ginger,264
50,56,78,6.263605794,900,20,Ammonium Sulphate,75,Ginger,261
60,60,75,5.570056588,900,20,Chilated Micronutrient,75,Ginger,263
40,55,75,5.5,1000,35,Urea,75,Ginger,262
45,60,80,6,900,20,Urea,75,Ginger,263
48,40,60,5.5,900,20,Urea,75,Ginger,262
58,51,80,5.700144744,900,20,Chilated Micronutrient,75,Ginger,262
52,50,65,6,900,30,Ammonium Sulphate,75,Ginger,258
59,55,79,6.477530692,900,20,Ammonium Sulphate,75,Ginger,262
43,41,75,5.768677359,1000,35,SSP,75,Ginger,263
42,47,80,5.729182893,900,20,MOP,75,Ginger,262
40,43,65,6.18326089,1000,25,MOP,75,Ginger,260
41,51,68,6.242112315,900,30,Urea,75,Ginger,259
55,45,80,6,900,20,Urea,75,Ginger,262
60,55,60,5.917465118,1000,25,Chilated Micronutrient,75,Ginger,261
50,54,60,6.00779891,1000,25,DAP,75,Ginger,259
40,57,77,5.974309818,900,20,Ammonium Sulphate,75,Ginger,263
45,50,74,6.085839643,1000,35,Ammonium Sulphate,75,Ginger,260
60,58,80,6.136153663,900,20,Magnesium Sulphate,75,Ginger,263
40,45,80,6,900,20,Urea,75,Ginger,263
59,49,75,6.042850597,1000,35,Ammonium Sulphate,75,Ginger,261
41,45,75,6.5,1000,35,DAP,75,Ginger,262
42,57,77,6.076516476,900,20,Ammonium Sulphate,75,Ginger,262
60,51,73,6.13702761,1000,35,Ammonium Sulphate,75,Ginger,261
47,40,80,6.5,900,20,Ammonium Sulphate,75,Ginger,262
51,43,61,5.848579612,1000,25,Ammonium Sulphate,75,Ginger,259
49,55,79,6.329741804,900,20,Ammonium Sulphate,75,Ginger,261
41,55,80,6.5,900,20,Ammonium Sulphate,75,Ginger,262
60,60,79,5.994502086,900,20,Sulphur,75,Ginger,264
50,50,75,6,1000,35,Ammonium Sulphate,75,Ginger,260
44,55,60,6,1000,25,DAP,75,Ginger,260
50,59,65,6.373890078,900,30,DAP,75,Ginger,259
60,52,60,6.298706551,1000,25,Magnesium Sulphate,75,Ginger,260
43,48,80,5.69974157,900,20,Hydrated Lime,75,Ginger,261
56,55,60,6,1000,25,DAP,75,Ginger,260
49,40,80,6.5,900,20,Ammonium Sulphate,75,Ginger,262
60,44,60,5.585588054,1000,25,Ammonium Sulphate,75,Ginger,261
57,42,62,6.081229475,1000,25,Ammonium Sulphate,75,Ginger,261
51,58,71,5.808430736,1000,35,Urea,75,Ginger,261
42,50,65,6,900,30,Ammonium Sulphate,75,Ginger,259
50,55,60,5.976517017,1000,25,Chilated Micronutrient,75,Ginger,259
60,55,65,5.666283369,900,30,SSP,75,Ginger,261
43,45,70,5.5,900,30,Ammonium Sulphate,75,Ginger,259
49,45,80,5.958600666,900,20,Sulphur,75,Ginger,261
56,48,75,6.198423945,1000,35,Ammonium Sulphate,75,Ginger,261
48,60,75,5.5,900,20,Ammonium Sulphate,75,Ginger,261
50,41,70,5.805352193,900,30,Chilated Micronutrient,75,Ginger,258
53,41,63,6.211306263,1000,25,Ammonium Sulphate,75,Ginger,260
58,55,60,6,1000,25,DAP,75,Ginger,261
52,60,75,5.5,900,20,Ammonium Sulphate,75,Ginger,261
60,48,66,5.851439142,900,30,Ammonium Sulphate,75,Ginger,260
45,40,60,5.5,900,20,Urea,75,Ginger,263
40,47,80,5.738025201,900,20,MOP,75,Ginger,262
46,40,70,6,900,30,DAP,75,Ginger,259
40,59,65,6.436829739,900,30,DAP,75,Ginger,261
53,45,65,6,1000,25,Urea,75,Ginger,259
43,43,70,5.607470189,900,30,Ammonium Sulphate,75,Ginger,259
45,40,60,5.5,900,20,Urea,75,Ginger,263
45,58,60,5.631132022,1000,25,Ammonium Sulphate,75,Ginger,260
54,55,75,5.5,1000,35,Urea,75,Ginger,261
45,54,80,6.448574187,900,20,Ammonium Sulphate,75,Ginger,261
42,40,65,6.5,1000,25,Ammonium Sulphate,75,Ginger,261
45,45,80,6,900,20,Urea,75,Ginger,261
40,43,70,5.667121945,900,30,Ammonium Sulphate,75,Ginger,260
47,50,70,6.5,900,30,Urea,75,Ginger,257
55,60,79,5.946700873,900,20,Sulphur,75,Ginger,263
49,55,70,6.5,1000,35,Ammonium Sulphate,75,Ginger,260
60,60,78,5.864094378,900,20,Magnesium Sulphate,75,Ginger,263
57,47,80,5.752254342,900,20,MOP,75,Ginger,262
60,48,80,5.655798802,900,20,Hydrated Lime,75,Ginger,262
40,57,80,6.217413669,900,20,MOP,75,Ginger,263
42,40,70,6,900,30,DAP,75,Ginger,260
40,55,60,5.909551159,1000,25,Chilated Micronutrient,75,Ginger,261
53,60,80,6,900,20,Urea,75,Ginger,262
45,43,80,6.152651765,900,20,Magnesium Sulphate,75,Ginger,262
60,56,65,5.772145137,900,30,SSP,75,Ginger,261
54,55,75,5.5,1000,35,Urea,75,Ginger,261
40,46,68,5.680486948,900,30,Ammonium Sulphate,75,Ginger,260
50,55,60,5.954208963,1000,25,Chilated Micronutrient,75,Ginger,259
50,40,70,5.958656788,900,30,Chilated Micronutrient,75,Ginger,259
49,45,70,5.5,900,30,Ammonium Sulphate,75,Ginger,258
40,59,70,6.024881323,1000,35,Sulphur,75,Ginger,263
57,42,75,5.946005773,1000,35,MOP,75,Ginger,262
40,45,75,6.407433536,1000,35,Chilated Micronutrient,75,Ginger,262
40,42,80,6.229049526,900,20,Hydrated Lime,75,Ginger,263
59,40,75,5.5,1000,35,Urea,75,Ginger,263
48,43,61,5.767775114,1000,25,Ammonium Sulphate,75,Ginger,259
50,45,75,6.403280574,1000,35,Chilated Micronutrient,75,Ginger,260
43,45,80,6,900,20,Urea,75,Ginger,262
45,48,61,6.346138282,1000,25,Urea,75,Ginger,259
40,50,69,6.349195652,900,30,Urea,75,Ginger,259
56,53,66,5.749668009,900,30,Urea,75,Ginger,259
60,55,65,6.255287518,900,30,Chilated Micronutrient,75,Ginger,261
57,40,60,5.5,900,20,Urea,75,Ginger,263
50,49,60,6.493834004,1000,25,Urea,75,Ginger,258
49,55,60,5.97202967,1000,25,Chilated Micronutrient,75,Ginger,259
49,59,65,6.460573189,900,30,DAP,75,Ginger,259
50,46,68,5.647212414,900,30,Ammonium Sulphate,75,Ginger,258
50,45,64,6.037375841,1000,25,Urea,75,Ginger,258
45,45,75,6.409712327,1000,35,Chilated Micronutrient,75,Ginger,261
40,47,62,6.283972615,1000,25,Urea,75,Ginger,260
44,60,60,5.5,1000,25,Ammonium Sulphate,75,Ginger,261
40,45,75,6.483027011,1000,35,Chilated Micronutrient,75,Ginger,262
48,56,78,6.197420267,900,20,Ammonium Sulphate,75,Ginger,261
46,46,75,6.351325496,1000,35,Chilated Micronutrient,75,Ginger,261
49,60,70,6,1000,35,Urea,75,Ginger,261
40,59,65,6.471058245,900,30,DAP,75,Ginger,261
50,40,80,6.5,900,20,Ammonium Sulphate,75,Ginger,262
60,42,62,5.974214217,1000,25,Ammonium Sulphate,75,Ginger,261
50,50,75,6,1000,35,Ammonium Sulphate,75,Ginger,260
51,45,65,6,1000,25,Urea,75,Ginger,258
51,40,80,6.5,900,20,Ammonium Sulphate,75,Ginger,262
59,40,60,5.5,900,20,Urea,75,Ginger,263
60,44,70,5.518503817,900,30,Ammonium Sulphate,75,Ginger,260
57,52,80,5.903730122,900,20,Chilated Micronutrient,75,Ginger,262
45,43,70,5.615004419,900,30,Ammonium Sulphate,75,Ginger,259
40,59,70,5.939716557,1000,35,Urea,75,Ginger,263
59,45,65,6,1000,25,Urea,75,Ginger,260
53,60,65,6.5,900,30,DAP,75,Ginger,260
51,40,80,6.5,900,20,Ammonium Sulphate,75,Ginger,262
52,55,75,5.5,1000,35,Urea,75,Ginger,261
50,45,65,6,1000,25,Urea,75,Ginger,258
43,45,75,6.5,1000,35,DAP,75,Ginger,262
60,52,60,6.269745646,1000,25,MOP,75,Ginger,260
60,56,73,5.604638418,1000,35,Urea,75,Ginger,263
40,51,80,5.818752503,900,20,Chilated Micronutrient,75,Ginger,262
48,50,75,6,1000,35,Ammonium Sulphate,75,Ginger,260
40,60,75,5.5,900,20,Ammonium Sulphate,75,Ginger,263
53,55,75,5.5,1000,35,Urea,75,Ginger,261
53,60,80,6,900,20,Urea,75,Ginger,262
55,50,75,6,1000,35,Ammonium Sulphate,75,Ginger,261
44,44,70,5.564950563,900,30,Ammonium Sulphate,75,Ginger,259
49,45,70,5.5,900,30,Ammonium Sulphate,75,Ginger,258
40,40,70,6,900,30,DAP,75,Ginger,261
57,52,80,6.028937134,900,20,Ammonium Sulphate,75,Ginger,262
44,44,60,5.560932301,1000,25,Ammonium Sulphate,75,Ginger,260
47,40,60,5.5,900,20,Urea,75,Ginger,262
50,50,65,6,900,30,Ammonium Sulphate,75,Ginger,258
53,48,66,5.824644092,900,30,Ammonium Sulphate,75,Ginger,258
56,53,80,6.267188289,900,20,Ammonium Sulphate,75,Ginger,262
50,47,75,6.299034543,1000,35,Chilated Micronutrient,75,Ginger,260
42,47,67,5.73993781,900,30,Ammonium Sulphate,75,Ginger,259
46,56,73,5.686247268,1000,35,Urea,75,Ginger,261
54,40,75,5.5,1000,35,Urea,75,Ginger,262
40,55,80,6.492041735,900,20,Ammonium Sulphate,75,Ginger,263
55,43,75,6.268273414,1000,35,Ferrous Sulphate,75,Ginger,262
57,60,60,5.5,1000,25,Ammonium Sulphate,75,Ginger,261
42,50,75,6,1000,35,Ammonium Sulphate,75,Ginger,261
53,48,61,6.368791151,1000,25,Urea,75,Ginger,259
40,58,71,5.880611427,1000,35,Urea,75,Ginger,263
50,44,60,5.610474113,1000,25,Ammonium Sulphate,75,Ginger,259
45,46,80,5.822688921,900,20,Magnesium Sulphate,75,Ginger,261
58,42,80,6.212761008,900,20,Ammonium Sulphate,75,Ginger,263
46,40,80,6.5,900,20,Ammonium Sulphate,75,Ginger,262
48,45,65,6,1000,25,Urea,75,Ginger,258
55,40,60,5.521046595,900,20,Sulphur,75,Ginger,263
59,50,80,5.5,900,20,DAP,75,Ginger,262
54,40,80,6.5,900,20,Ammonium Sulphate,75,Ginger,262
55,42,75,5.927773134,1000,35,Magnesium Sulphate,75,Ginger,262
58,55,65,5.5,900,30,Urea,75,Ginger,260
55,43,61,5.820352717,1000,25,Ammonium Sulphate,75,Ginger,260
53,55,75,5.5,1000,35,Urea,75,Ginger,261
44,55,65,5.550038816,900,30,Sulphur,75,Ginger,260
43,50,70,6.5,900,30,Urea,75,Ginger,258
60,50,65,6.044705501,900,30,Ammonium Sulphate,75,Ginger,260
47,47,75,6.208790388,1000,35,Ammonium Sulphate,75,Ginger,260
55,55,80,6.439559154,900,20,Chilated Micronutrient,75,Ginger,262
60,44,65,6.027633989,1000,25,Sulphur,75,Ginger,260
52,52,80,5.967401511,900,20,Chilated Micronutrient,75,Ginger,261
51,46,68,5.693294305,900,30,Ammonium Sulphate,75,Ginger,258
54,55,60,6,1000,25,DAP,75,Ginger,260
44,45,80,5.995584313,900,20,Sulphur,75,Ginger,262
42,50,70,6.5,900,30,Urea,75,Ginger,258
55,54,60,6.028634113,1000,25,DAP,75,Ginger,260
50,56,78,6.149646649,900,20,Ammonium Sulphate,75,Ginger,261
53,43,70,5.696131603,900,30,Ammonium Sulphate,75,Ginger,259
42,52,67,5.987311489,900,30,Urea,75,Ginger,259
60,48,66,5.884665094,900,30,Ammonium Sulphate,75,Ginger,260
55,59,75,5.676528032,900,20,Ammonium Sulphate,75,Ginger,262
41,40,62,5.610243105,900,22,SSP,75,Ginger,262
40,60,79,5.906780869,900,20,SSP,75,Ginger,264
56,50,75,6,1000,35,Ammonium Sulphate,75,Ginger,261
58,53,60,6.17506263,1000,25,Hydrated Lime,75,Ginger,260
60,45,64,6.028921338,1000,25,Urea,75,Ginger,260
59,44,70,5.515448685,900,30,Ammonium Sulphate,75,Ginger,260
59,55,65,5.616214115,900,30,Sulphur,75,Ginger,260
40,60,80,6,900,20,Urea,75,Ginger,264
55,60,75,5.502546089,900,20,Ammonium Sulphate,75,Ginger,262
41,60,75,5.5,900,20,Ammonium Sulphate,75,Ginger,263
45,51,68,6.103757981,900,30,Urea,75,Ginger,258
56,55,60,6,1000,25,DAP,75,Ginger,260
56,51,68,6.196020618,900,30,Urea,75,Ginger,259
55,60,80,6,900,20,Urea,75,Ginger,263
40,44,60,5.684166875,1000,25,Ammonium Sulphate,75,Ginger,261
55,41,75,5.724440572,1000,35,SSP,75,Ginger,262
45,51,68,6.276182385,900,30,Urea,75,Ginger,258
55,40,80,6.5,900,20,Ammonium Sulphate,75,Ginger,263
57,55,75,5.5,1000,35,Urea,75,Ginger,262
49,60,80,6,900,20,Urea,75,Ginger,262
45,49,65,5.954256581,900,30,Ammonium Sulphate,75,Ginger,259
44,60,75,5.5,900,20,Ammonium Sulphate,75,Ginger,262
50,58,71,5.867199979,1000,35,Urea,75,Ginger,261
49,60,60,5.5,1000,25,Ammonium Sulphate,75,Ginger,260
60,44,70,5.55562596,900,30,Ammonium Sulphate,75,Ginger,260
50,54,70,6.477825749,1000,35,Ammonium Sulphate,75,Ginger,260
60,45,64,6.068936191,1000,25,Urea,75,Ginger,260
40,55,70,6.5,1000,35,Ammonium Sulphate,75,Ginger,262
60,56,60,5.82762099,1000,25,Chilated Micronutrient,75,Ginger,261
42,55,75,5.5,1000,35,Urea,75,Ginger,262
40,44,70,5.54349338,900,30,Ammonium Sulphate,75,Ginger,260
42,47,62,6.295773393,1000,25,Urea,75,Ginger,260
48,55,75,5.5,1000,35,Urea,75,Ginger,261
43,46,75,6.370123108,1000,35,Chilated Micronutrient,75,Ginger,262
58,51,80,5.776579886,900,20,Chilated Micronutrient,75,Ginger,262
52,52,67,6.004124265,900,30,Urea,75,Ginger,258
60,45,64,6.040523108,1000,25,Urea,75,Ginger,260
53,56,73,5.610091601,1000,35,Urea,75,Ginger,261
40,58,65,6.183258764,900,30,Hydrated Lime,75,Ginger,261
40,54,80,6.423869141,900,20,Ammonium Sulphate,75,Ginger,262
55,50,80,5.648793086,900,20,Chilated Micronutrient,75,Ginger,261
57,52,67,5.995146527,900,30,Urea,75,Ginger,259
47,50,60,6.5,1000,25,Urea,75,Ginger,258
57,55,60,6,1000,25,DAP,75,Ginger,260
44,50,65,6,900,30,Ammonium Sulphate,75,Ginger,259
51,60,75,5.5,900,20,Ammonium Sulphate,75,Ginger,261
46,48,75,6.160991924,1000,35,Ammonium Sulphate,75,Ginger,260
45,40,70,6,900,30,DAP,75,Ginger,260
46,60,65,6.5,900,30,DAP,75,Ginger,260
46,40,60,5.5,900,20,Urea,75,Ginger,262
52,40,80,6.5,900,20,Ammonium Sulphate,75,Ginger,262
60,51,75,5.829225917,1000,35,Ferrous Sulphate,75,Ginger,262
44,54,70,6.425290865,1000,35,Ammonium Sulphate,75,Ginger,261
60,59,75,5.632705799,900,20,Ammonium Sulphate,75,Ginger,263
58,50,60,6.5,1000,25,Urea,75,Ginger,260
45,55,79,6.337013328,900,20,Ammonium Sulphate,75,Ginger,261
56,46,80,5.848735731,900,20,Magnesium Sulphate,75,Ginger,262
51,40,80,6.5,900,20,Ammonium Sulphate,75,Ginger,262
51,40,60,5.5,900,20,Urea,75,Ginger,262
53,55,60,6,1000,25,DAP,75,Ginger,260
45,40,70,5.920697447,900,30,Chilated Micronutrient,75,Ginger,260
60,55,74,5.55956462,1000,35,Urea,75,Ginger,262
40,40,70,5.935921764,900,30,Chilated Micronutrient,75,Ginger,261
59,55,65,5.5,900,30,Urea,75,Ginger,260
48,44,75,6.325816751,1000,35,Ferrous Sulphate,75,Ginger,261
55,44,60,5.628869867,1000,25,Ammonium Sulphate,75,Ginger,260
40,48,61,6.332440573,1000,25,Urea,75,Ginger,260
50,56,78,6.243508256,900,20,Ammonium Sulphate,75,Ginger,261
55,40,70,5.919620052,900,30,Chilated Micronutrient,75,Ginger,260
40,50,74,6.091016488,1000,35,Ammonium Sulphate,75,Ginger,261
50,45,80,6,900,20,Urea,75,Ginger,261
55,42,70,5.753733867,900,30,Chilated Micronutrient,75,Ginger,259
55,45,64,6.003192936,1000,25,Urea,75,Ginger,259
46,50,65,6,900,30,Ammonium Sulphate,75,Ginger,258
41,48,75,6.191536541,1000,35,Ammonium Sulphate,75,Ginger,262
60,44,75,6.481186178,1000,35,DAP,75,Ginger,263
46,40,60,5.5,900,20,Urea,75,Ginger,262
43,60,75,5.5,900,20,Ammonium Sulphate,75,Ginger,262
40,53,80,6.134005703,900,20,Ammonium Sulphate,75,Ginger,262
42,42,70,5.73000731,900,30,Ammonium Sulphate,75,Ginger,260
52,60,70,6,1000,35,Urea,75,Ginger,261
44,45,64,6.053490319,1000,25,Urea,75,Ginger,259
53,58,71,5.880513951,1000,35,Urea,75,Ginger,261
40,60,77,5.770633289,900,20,Hydrated Lime,75,Ginger,263
40,55,79,6.462992004,900,20,Ammonium Sulphate,75,Ginger,263
55,46,80,5.829063917,900,20,Magnesium Sulphate,75,Ginger,261
50,56,80,6.316310947,900,20,Ferrous Sulphate,75,Ginger,261
50,60,75,5.5,900,20,Ammonium Sulphate,75,Ginger,261
59,50,75,6,1000,35,Ammonium Sulphate,75,Ginger,261
44,40,80,6.5,900,20,Ammonium Sulphate,75,Ginger,263
55,56,73,5.656057139,1000,35,Urea,75,Ginger,261
60,50,69,6.46608147,900,30,Sulphur,75,Ginger,259
50,46,80,5.849518217,900,20,Magnesium Sulphate,75,Ginger,260
43,40,75,5.5,1000,35,Urea,75,Ginger,263
55,45,80,5.966324699,900,20,Sulphur,75,Ginger,262
40,47,75,6.20891477,1000,35,Ammonium Sulphate,75,Ginger,262
56,41,75,5.845883057,1000,35,Magnesium Sulphate,75,Ginger,262
41,55,65,5.5,900,30,Urea,75,Ginger,260
54,50,75,6,1000,35,Ammonium Sulphate,75,Ginger,260
51,55,75,5.5,1000,35,Urea,75,Ginger,261
55,40,64,6.473488969,1000,25,Ammonium Sulphate,75,Ginger,260
55,55,75,5.5,1000,35,Urea,75,Ginger,262
46,46,75,6.374825916,1000,35,Chilated Micronutrient,75,Ginger,261
50,45,65,6,1000,25,Urea,75,Ginger,258
51,56,65,5.741736804,900,30,SSP,75,Ginger,259
59,40,80,6.475413084,900,20,Ammonium Sulphate,75,Ginger,263
40,44,75,6.477876448,1000,35,DAP,75,Ginger,263
53,55,80,6.5,900,20,Ammonium Sulphate,75,Ginger,261
57,42,70,5.755678405,900,30,Chilated Micronutrient,75,Ginger,260
53,50,70,6.5,900,30,Urea,75,Ginger,257
56,55,70,6.5,1000,35,Ammonium Sulphate,75,Ginger,261
52,55,60,6,1000,25,DAP,75,Ginger,259
60,41,75,5.773626666,1000,35,SSP,75,Ginger,263
40,40,60,5.5,900,20,Urea,75,Ginger,264
40,47,75,6.213090651,1000,35,Ammonium Sulphate,75,Ginger,262
52,60,75,5.5,900,20,Ammonium Sulphate,75,Ginger,261
59,40,75,5.5,1000,35,Urea,75,Ginger,263
58,46,63,6.102595226,1000,25,Urea,75,Ginger,260
45,56,60,5.846841113,1000,25,Chilated Micronutrient,75,Ginger,260
41,55,75,5.5,1000,35,Urea,75,Ginger,262
49,40,70,5.958809477,900,30,Chilated Micronutrient,75,Ginger,259
43,58,65,6.180499302,900,30,Hydrated Lime,75,Ginger,261
51,40,75,5.5,1000,35,Urea,75,Ginger,262
51,48,66,5.863370237,900,30,Ammonium Sulphate,75,Ginger,258
49,40,80,6.5,900,20,Ammonium Sulphate,75,Ginger,262
54,60,65,6.5,900,30,DAP,75,Ginger,260
52,42,62,6.067665199,1000,25,Ammonium Sulphate,75,Ginger,259
50,54,65,5.55638408,900,30,Urea,75,Ginger,258
55,55,75,5.5,1000,35,Urea,75,Ginger,262
56,40,75,5.5,1000,35,Urea,75,Ginger,263
58,40,63,5.698797199,900,23,Magnesium Sulphate,75,Ginger,262
55,56,65,5.774215202,900,30,SSP,75,Ginger,260
49,55,74,5.508011176,1000,35,Urea,75,Ginger,261
47,47,67,5.795332997,900,30,Ammonium Sulphate,75,Ginger,258
44,45,70,5.5,900,30,Ammonium Sulphate,75,Ginger,259
53,41,63,6.270045394,1000,25,Ammonium Sulphate,75,Ginger,260
56,48,66,5.893447648,900,30,Ammonium Sulphate,75,Ginger,259
50,45,64,6.015567041,1000,25,Urea,75,Ginger,258
45,56,80,6.325833413,900,20,Ferrous Sulphate,75,Ginger,262
53,45,65,6,1000,25,Urea,75,Ginger,259
45,50,75,6,1000,35,Ammonium Sulphate,75,Ginger,260
57,42,75,5.973209907,1000,35,MOP,75,Ginger,262
60,59,75,5.531806572,900,20,Ammonium Sulphate,75,Ginger,263
45,40,64,6.314474484,1000,25,Ammonium Sulphate,75,Ginger,260
50,40,70,5.934311584,900,30,Chilated Micronutrient,75,Ginger,259
46,51,80,5.723403147,900,20,Chilated Micronutrient,75,Ginger,261
48,56,60,5.885460922,1000,25,Chilated Micronutrient,75,Ginger,259
50,50,74,6.077608386,1000,35,Ammonium Sulphate,75,Ginger,259
56,40,60,5.5,900,20,Urea,75,Ginger,263
53,50,70,6.5,900,30,Urea,75,Ginger,257
55,60,70,6,1000,35,Urea,75,Ginger,262
40,40,70,5.98373691,900,30,Chilated Micronutrient,75,Ginger,261
49,55,60,5.960423924,1000,25,Chilated Micronutrient,75,Ginger,259
55,46,80,5.883349685,900,20,Chilated Micronutrient,75,Ginger,261
56,41,70,5.898268645,900,30,Chilated Micronutrient,75,Ginger,260
55,42,70,5.740761176,900,30,Ammonium Sulphate,75,Ginger,259
55,44,70,5.558654094,900,30,Ammonium Sulphate,75,Ginger,259
55,40,75,5.625185792,1000,35,Sulphur,75,Ginger,262
55,53,71,6.342782644,1000,35,Ammonium Sulphate,75,Ginger,261
57,40,80,6.5,900,20,Ammonium Sulphate,75,Ginger,263
42,45,65,6,1000,25,Urea,75,Ginger,260
47,42,70,5.745797273,900,30,Ammonium Sulphate,75,Ginger,259
60,45,80,5.967895531,900,20,Sulphur,75,Ginger,263
47,57,60,5.709014299,1000,25,Ammonium Sulphate,75,Ginger,260
58,60,70,6,1000,35,Urea,75,Ginger,262
46,56,65,5.702440899,900,30,SSP,75,Ginger,259
53,55,60,6,1000,25,DAP,75,Ginger,260
60,57,70,6.227610075,1000,35,Hydrated Lime,75,Ginger,262
49,40,80,6.5,900,20,Ammonium Sulphate,75,Ginger,262
40,55,60,5.963776556,1000,25,Chilated Micronutrient,75,Ginger,261
53,55,80,6.5,900,20,Ammonium Sulphate,75,Ginger,261
42,50,80,5.5,900,20,DAP,75,Ginger,261
48,40,65,6.5,1000,25,Ammonium Sulphate,75,Ginger,259
56,51,68,6.208337421,900,30,Urea,75,Ginger,259
40,43,70,5.652509057,900,30,Ammonium Sulphate,75,Ginger,260
45,49,80,5.569938801,900,20,DAP,75,Ginger,261
58,46,63,6.110074506,1000,25,Urea,75,Ginger,260
44,50,75,6,1000,35,Ammonium Sulphate,75,Ginger,261
52,45,70,5.5,900,30,Ammonium Sulphate,75,Ginger,258
55,55,75,5.5,1000,35,Urea,75,Ginger,262
43,45,60,5.5,1000,25,Ammonium Sulphate,75,Ginger,260
54,49,60,6.493331297,1000,25,Urea,75,Ginger,259
40,40,65,6.5,1000,25,Ammonium Sulphate,75,Ginger,261
42,55,65,5.5,900,30,Urea,75,Ginger,260
60,48,66,5.809077867,900,30,Ammonium Sulphate,75,Ginger,260
58,51,80,5.797535029,900,20,Chilated Micronutrient,75,Ginger,262
45,52,67,5.940351317,900,30,Urea,75,Ginger,259
40,60,70,6,1000,35,Urea,75,Ginger,263
46,55,65,5.5,900,30,Urea,75,Ginger,259
47,60,65,6.5,900,30,DAP,75,Ginger,260
40,40,60,5.5,900,20,Urea,75,Ginger,264
48,40,75,5.5,1000,35,Urea,75,Ginger,262
59,55,60,5.983398446,1000,25,Chilated Micronutrient,75,Ginger,261
49,49,75,6.039289249,1000,35,Ammonium Sulphate,75,Ginger,260
41,43,80,6.103076724,900,20,Ammonium Sulphate,75,Ginger,263
55,50,75,6,1000,35,Ammonium Sulphate,75,Ginger,261
50,40,80,6.5,900,20,Ammonium Sulphate,75,Ginger,262
51,56,65,5.810535031,900,30,Magnesium Sulphate,75,Ginger,259
40,49,80,5.59970665,900,20,Ferrous Sulphate,75,Ginger,262
56,60,80,6,900,20,Urea,75,Ginger,263
44,40,64,6.332517418,1000,25,Ammonium Sulphate,75,Ginger,260
45,50,69,6.39543216,900,30,Urea,75,Ginger,258
48,50,65,6,900,30,Ammonium Sulphate,75,Ginger,258
60,48,66,5.853237863,900,30,Ammonium Sulphate,75,Ginger,260
59,40,65,6.5,1000,25,Ammonium Sulphate,75,Ginger,261
40,50,75,5.968106123,1000,35,Ammonium Sulphate,75,Ginger,261
50,54,80,6.448028716,900,20,Ammonium Sulphate,75,Ginger,261
40,57,77,5.958703665,900,20,Ammonium Sulphate,75,Ginger,263
47,60,60,5.5,1000,25,Ammonium Sulphate,75,Ginger,260
40,55,60,5.935484562,1000,25,Chilated Micronutrient,75,Ginger,261
48,45,60,5.5,1000,25,Ammonium Sulphate,75,Ginger,259
50,50,60,6.5,1000,25,Urea,75,Ginger,258
40,46,80,5.830274904,900,20,Magnesium Sulphate,75,Ginger,262
60,49,60,6.407412557,1000,25,Urea,75,Ginger,260
45,59,60,5.540057423,1000,25,Ammonium Sulphate,75,Ginger,261
44,45,80,5.947408328,900,20,Sulphur,75,Ginger,262
42,45,60,5.5,1000,25,Ammonium Sulphate,75,Ginger,260
55,44,60,5.68270223,1000,25,Ammonium Sulphate,75,Ginger,260
47,47,80,5.773840858,900,20,MOP,75,Ginger,261
56,40,80,6.5,900,20,Ammonium Sulphate,75,Ginger,263
54,60,65,6.5,900,30,DAP,75,Ginger,260
51,50,65,6,900,30,Ammonium Sulphate,75,Ginger,258
44,40,70,5.959185009,900,30,Chilated Micronutrient,75,Ginger,260
59,55,65,5.5,900,30,Urea,75,Ginger,260
48,40,60,5.5,900,20,Urea,75,Ginger,262
40,54,60,6.07977234,1000,25,Ferrous Sulphate,75,Ginger,261
45,55,65,5.628216433,900,30,Sulphur,75,Ginger,259
45,46,80,5.890393006,900,20,SSP,75,Ginger,261
50,60,65,6.5,900,30,DAP,75,Ginger,260
48,40,60,5.5,900,20,Urea,75,Ginger,262
58,60,80,6,900,20,Urea,75,Ginger,263
56,58,60,5.605150746,1000,25,Ammonium Sulphate,75,Ginger,261
53,58,71,5.829353888,1000,35,Urea,75,Ginger,261
57,50,80,5.5,900,20,DAP,75,Ginger,261
40,52,72,6.277681775,1000,35,Ammonium Sulphate,75,Ginger,261
46,41,63,6.219201778,1000,25,Ammonium Sulphate,75,Ginger,260
56,45,65,6,1000,25,Urea,75,Ginger,259
49,40,80,6.5,900,20,Ammonium Sulphate,75,Ginger,262
59,44,60,5.525206838,1000,25,Ammonium Sulphate,75,Ginger,261
43,55,80,6.5,900,20,Ammonium Sulphate,75,Ginger,262
50,55,65,5.5,900,30,Urea,75,Ginger,259
45,46,68,5.659885879,900,30,Ammonium Sulphate,75,Ginger,259
60,44,60,5.572198409,1000,25,Ammonium Sulphate,75,Ginger,261
40,40,70,5.984673749,900,30,Chilated Micronutrient,75,Ginger,261
51,41,75,5.757682889,1000,35,SSP,75,Ginger,261
57,52,72,6.268688522,1000,35,Ammonium Sulphate,75,Ginger,261
40,40,70,6,900,30,DAP,75,Ginger,261
56,53,60,6.136415465,1000,25,Ferrous Sulphate,75,Ginger,260
45,40,67,5.871353261,900,27,Ferrous Sulphate,75,Ginger,259
57,60,60,5.5,1000,25,Ammonium Sulphate,75,Ginger,261
41,40,70,6,900,30,DAP,75,Ginger,260
41,40,63,5.685519381,900,23,Magnesium Sulphate,75,Ginger,262
55,55,80,6.493824782,900,20,Ammonium Sulphate,75,Ginger,262
59,59,65,6.459890809,900,30,DAP,75,Ginger,261
54,54,65,5.632968504,900,30,Urea,75,Ginger,259
57,40,65,6.5,1000,25,Ammonium Sulphate,75,Ginger,260
57,52,80,6.061384581,900,20,Ammonium Sulphate,75,Ginger,262
46,56,60,5.86262883,1000,25,Chilated Micronutrient,75,Ginger,260
40,47,75,6.243334471,1000,35,Ammonium Sulphate,75,Ginger,262
49,45,75,6.5,1000,35,DAP,75,Ginger,260
50,54,65,5.599298136,900,30,Urea,75,Ginger,258
52,55,80,6.5,900,20,Ammonium Sulphate,75,Ginger,261
51,55,65,5.5,900,30,Urea,75,Ginger,259
42,57,77,6.092350329,900,20,Ammonium Sulphate,75,Ginger,262
44,55,80,6.456181673,900,20,Ammonium Sulphate,75,Ginger,262
57,55,75,5.5,1000,35,Urea,75,Ginger,262
46,40,80,6.5,900,20,Ammonium Sulphate,75,Ginger,262
41,43,75,6.13156022,1000,35,Hydrated Lime,75,Ginger,263
40,41,80,6.366556511,900,20,DAP,75,Ginger,263
53,40,80,6.5,900,20,Ammonium Sulphate,75,Ginger,262
43,60,70,6,1000,35,Urea,75,Ginger,262
45,50,60,6.5,1000,25,Urea,75,Ginger,259
57,40,60,5.5,900,20,Urea,75,Ginger,263
48,48,66,5.881228338,900,30,Ammonium Sulphate,75,Ginger,258
45,50,69,6.471395094,900,30,Urea,75,Ginger,258
45,55,74,5.590488476,1000,35,Urea,75,Ginger,261
59,44,60,5.645614907,1000,25,Ammonium Sulphate,75,Ginger,261
47,57,72,5.746138928,1000,35,Urea,75,Ginger,261
41,56,73,5.623615537,1000,35,Urea,75,Ginger,262
40,55,65,5.5,900,30,Urea,75,Ginger,261
42,40,60,5.5,900,20,Urea,75,Ginger,263
42,50,70,6.5,900,30,Urea,75,Ginger,258
58,50,60,6.5,1000,25,Urea,75,Ginger,260
57,47,62,6.203524574,1000,25,Urea,75,Ginger,259
50,59,70,5.918238064,1000,35,Urea,75,Ginger,261
46,46,63,6.195540768,1000,25,Urea,75,Ginger,259
55,59,60,5.515293839,1000,25,Ammonium Sulphate,75,Ginger,261
56,56,73,5.629066716,1000,35,Urea,75,Ginger,262
60,53,66,5.843263335,900,30,Urea,75,Ginger,260
41,50,65,6,900,30,Ammonium Sulphate,75,Ginger,259
43,41,70,5.886736563,900,30,Chilated Micronutrient,75,Ginger,260
58,59,60,5.56543683,1000,25,Ammonium Sulphate,75,Ginger,261
50,45,64,6.015089477,1000,25,Urea,75,Ginger,258
50,60,80,6,900,20,Urea,75,Ginger,262
46,50,80,5.5,900,20,DAP,75,Ginger,260
55,40,70,5.963251626,900,30,Chilated Micronutrient,75,Ginger,260
41,50,70,6.5,900,30,Urea,75,Ginger,259
52,60,60,5.5,1000,25,Ammonium Sulphate,75,Ginger,260
48,41,75,5.837003176,1000,35,Magnesium Sulphate,75,Ginger,262
44,45,80,6,900,20,Urea,75,Ginger,262
55,60,75,5.5,900,20,Ammonium Sulphate,75,Ginger,262
41,51,80,5.748714273,900,20,Chilated Micronutrient,75,Ginger,262
41,55,80,6.5,900,20,Ammonium Sulphate,75,Ginger,262
47,60,60,5.5,1000,25,Ammonium Sulphate,75,Ginger,260
40,54,70,6.416479046,1000,35,Ammonium Sulphate,75,Ginger,262
60,50,69,6.416190392,900,30,SSP,75,Ginger,259
44,49,60,6.481664287,1000,25,Urea,75,Ginger,259
40,60,76,5.631798992,900,20,DAP,75,Ginger,263
60,48,80,5.668097736,900,20,Hydrated Lime,75,Ginger,262
47,50,80,5.5,900,20,DAP,75,Ginger,260
55,59,70,5.922085224,1000,35,Urea,75,Ginger,262
49,59,60,5.597164924,1000,25,Ammonium Sulphate,75,Ginger,260
42,47,62,6.207322818,1000,25,Urea,75,Ginger,260
60,45,64,6.06586436,1000,25,Urea,75,Ginger,260
45,51,80,5.70584121,900,20,Chilated Micronutrient,75,Ginger,261
58,60,60,5.5,1000,25,Ammonium Sulphate,75,Ginger,262
56,45,70,5.5,900,30,Ammonium Sulphate,75,Ginger,259
45,60,70,6,1000,35,Urea,75,Ginger,262
47,57,60,5.734415236,1000,25,Ammonium Sulphate,75,Ginger,260
59,45,60,5.5,1000,25,Ammonium Sulphate,75,Ginger,261
44,60,80,6,900,20,Urea,75,Ginger,263
50,49,65,5.938945043,900,30,Ammonium Sulphate,75,Ginger,258
42,55,75,5.5,1000,35,Urea,75,Ginger,262
45,44,60,5.566124982,1000,25,Ammonium Sulphate,75,Ginger,260
50,41,63,6.183843895,1000,25,Ammonium Sulphate,75,Ginger,259
45,52,72,6.253617404,1000,35,Ammonium Sulphate,75,Ginger,260
40,45,80,6,900,20,Urea,75,Ginger,263
40,54,60,6.0741716,1000,25,Ferrous Sulphate,75,Ginger,261
54,40,80,6.5,900,20,Ammonium Sulphate,75,Ginger,262
50,54,65,5.534881304,900,30,Urea,75,Ginger,258
59,45,60,5.5,1000,25,Ammonium Sulphate,75,Ginger,261
44,54,65,5.548188215,900,30,Urea,75,Ginger,259
56,53,60,6.180440031,1000,25,Hydrated Lime,75,Ginger,260
44,59,75,5.632081705,900,20,Ammonium Sulphate,75,Ginger,262
42,40,65,6.5,1000,25,Ammonium Sulphate,75,Ginger,261
55,47,62,6.257798014,1000,25,Urea,75,Ginger,259
47,60,80,6,900,20,Urea,75,Ginger,262
45,46,75,6.333432129,1000,35,Chilated Micronutrient,75,Ginger,261
55,55,74,5.569825627,1000,35,Urea,75,Ginger,261
59,59,65,6.47002641,900,30,DAP,75,Ginger,261
55,41,80,6.346035029,900,20,DAP,75,Ginger,262
48,56,65,5.795319237,900,30,Magnesium Sulphate,75,Ginger,259
43,45,75,6.5,1000,35,DAP,75,Ginger,262
51,46,75,6.336716217,1000,35,Chilated Micronutrient,75,Ginger,260
50,45,75,6.484956023,1000,35,Chilated Micronutrient,75,Ginger,260
55,55,74,5.546950358,1000,35,Urea,75,Ginger,261
46,50,70,6.5,900,30,Urea,75,Ginger,258
42,50,70,6.5,900,30,Urea,75,Ginger,258
44,49,80,5.565928873,900,20,DAP,75,Ginger,261
40,40,61,5.588574895,900,21,SSP,75,Ginger,263
51,55,65,5.5,900,30,Urea,75,Ginger,259
48,60,75,5.5,900,20,Ammonium Sulphate,75,Ginger,261
49,40,64,6.444614219,1000,25,Ammonium Sulphate,75,Ginger,259
40,41,80,6.341624014,900,20,DAP,75,Ginger,263
54,40,80,6.5,900,20,Ammonium Sulphate,75,Ginger,262
45,56,60,5.80892362,1000,25,Chilated Micronutrient,75,Ginger,260
60,44,80,6.065547508,900,20,SSP,75,Ginger,263
57,55,60,6,1000,25,DAP,75,Ginger,260
59,45,65,6,1000,25,Urea,75,Ginger,260
55,45,60,5.5,1000,25,Ammonium Sulphate,75,Ginger,260
43,58,71,5.844763376,1000,35,Urea,75,Ginger,262
56,53,66,5.823486614,900,30,Urea,75,Ginger,259
57,60,60,5.5,1000,25,Ammonium Sulphate,75,Ginger,261
60,48,61,6.329442735,1000,25,Urea,75,Ginger,260
58,60,80,6,900,20,Urea,75,Ginger,263
50,58,76,5.848767023,900,20,Ammonium Sulphate,75,Ginger,261
49,59,60,5.553296515,1000,25,Ammonium Sulphate,75,Ginger,260
48,50,70,6.5,900,30,Urea,75,Ginger,257
55,50,60,6.499706863,1000,25,Sulphur,75,Ginger,259
45,60,80,6,900,20,Urea,75,Ginger,263
55,49,60,6.488587092,1000,25,Urea,75,Ginger,259
57,47,67,5.79654602,900,30,Ammonium Sulphate,75,Ginger,259
45,55,60,6,1000,25,DAP,75,Ginger,260
43,45,65,6,1000,25,Urea,75,Ginger,259
47,40,70,6,900,30,DAP,75,Ginger,259
52,40,60,5.5,900,20,Urea,75,Ginger,262
60,60,79,5.939257781,900,20,SSP,75,Ginger,264
42,42,70,5.797929839,900,30,Chilated Micronutrient,75,Ginger,260
41,51,80,5.827033162,900,20,Chilated Micronutrient,75,Ginger,262
48,50,70,6.5,900,30,Urea,75,Ginger,257
44,45,60,5.5,1000,25,Ammonium Sulphate,75,Ginger,260
56,51,68,6.262285135,900,30,Urea,75,Ginger,259
43,48,61,6.398906824,1000,25,Urea,75,Ginger,259
42,57,72,5.717791657,1000,35,Urea,75,Ginger,262
59,55,80,6.5,900,20,Ammonium Sulphate,75,Ginger,263
50,40,75,5.5,1000,35,Urea,75,Ginger,261
47,57,65,5.955510902,900,30,MOP,75,Ginger,259
40,45,60,5.5,1000,25,Ammonium Sulphate,75,Ginger,261
48,50,80,5.5,900,20,DAP,75,Ginger,260
46,40,60,5.5,900,20,Urea,75,Ginger,262
45,40,60,5.5,900,20,Urea,75,Ginger,263
56,56,78,6.195467207,900,20,Ammonium Sulphate,75,Ginger,262
50,58,65,6.111441899,900,30,Hydrated Lime,75,Ginger,259
49,40,80,6.5,900,20,Ammonium Sulphate,75,Ginger,262
57,40,70,6,900,30,DAP,75,Ginger,260
46,40,80,6.5,900,20,Ammonium Sulphate,75,Ginger,262
50,40,62,5.613634814,900,22,SSP,75,Ginger,261
54,50,75,6,1000,35,Ammonium Sulphate,75,Ginger,260
41,56,73,5.698275703,1000,35,Urea,75,Ginger,262
43,48,61,6.334106399,1000,25,Urea,75,Ginger,259
53,48,61,6.309745173,1000,25,Urea,75,Ginger,259
57,42,70,5.768252978,900,30,Chilated Micronutrient,75,Ginger,260
43,60,60,5.5,1000,25,Ammonium Sulphate,75,Ginger,261
45,55,75,5.5,1000,35,Urea,75,Ginger,261
57,52,67,6.019081785,900,30,Urea,75,Ginger,259
42,40,65,6.5,1000,25,Ammonium Sulphate,75,Ginger,261
50,45,60,5.5,1000,25,Ammonium Sulphate,75,Ginger,259
56,41,63,6.158752172,1000,25,Ammonium Sulphate,75,Ginger,260
58,43,80,6.119804381,900,20,Ammonium Sulphate,75,Ginger,263
48,55,80,6.5,900,20,Ammonium Sulphate,75,Ginger,261
57,40,65,5.790086185,900,25,Hydrated Lime,75,Ginger,260
40,57,70,6.233198727,1000,35,Hydrated Lime,75,Ginger,262
58,43,75,6.107905093,1000,35,Hydrated Lime,75,Ginger,262
58,50,70,6.5,900,30,Urea,75,Ginger,258
45,55,60,5.906492869,1000,25,Chilated Micronutrient,75,Ginger,260
45,56,80,6.359061538,900,20,DAP,75,Ginger,262
55,40,65,6.5,1000,25,Ammonium Sulphate,75,Ginger,260
49,60,80,6,900,20,Urea,75,Ginger,262
40,59,60,5.597888993,1000,25,Ammonium Sulphate,75,Ginger,262
49,60,80,6,900,20,Urea,75,Ginger,262
58,51,68,6.147474714,900,30,Urea,75,Ginger,259
49,49,60,6.449015274,1000,25,Urea,75,Ginger,258
58,58,76,5.743482297,900,20,Ammonium Sulphate,75,Ginger,262
50,55,65,5.572965455,900,30,Sulphur,75,Ginger,259
54,54,70,6.469866305,1000,35,Ammonium Sulphate,75,Ginger,260
49,50,65,6,900,30,Ammonium Sulphate,75,Ginger,258
60,43,80,6.175811344,900,20,MOP,75,Ginger,263
50,59,75,5.601420828,900,20,Ammonium Sulphate,75,Ginger,261
50,40,80,6.5,900,20,Ammonium Sulphate,75,Ginger,262
46,45,75,6.5,1000,35,DAP,75,Ginger,261
53,51,80,5.784872902,900,20,Chilated Micronutrient,75,Ginger,261
55,48,61,6.346355018,1000,25,Urea,75,Ginger,259
45,54,80,6.303025898,900,20,Ammonium Sulphate,75,Ginger,261
40,42,75,6.039161277,1000,35,MOP,75,Ginger,263
48,46,75,6.34434615,1000,35,Chilated Micronutrient,75,Ginger,260
46,50,60,6.5,1000,25,Urea,75,Ginger,259
40,48,75,6.141924663,1000,35,Ammonium Sulphate,75,Ginger,262
46,55,70,6.5,1000,35,Ammonium Sulphate,75,Ginger,261
40,44,80,6.086450898,900,20,Ammonium Sulphate,75,Ginger,263
58,60,75,5.5,900,20,Ammonium Sulphate,75,Ginger,263
54,40,80,6.5,900,20,Ammonium Sulphate,75,Ginger,262
56,51,60,6.340558927,1000,25,Magnesium Sulphate,75,Ginger,259
59,50,60,6.5,1000,25,Urea,75,Ginger,260
57,52,60,6.262581692,1000,25,MOP,75,Ginger,260
41,60,75,5.5,900,20,Ammonium Sulphate,75,Ginger,263
49,40,65,6.5,1000,25,Ammonium Sulphate,75,Ginger,259
55,57,60,5.78365611,1000,25,Chilated Micronutrient,75,Ginger,260
55,43,61,5.756562784,1000,25,Ammonium Sulphate,75,Ginger,260
45,49,60,6.481463438,1000,25,Urea,75,Ginger,259
44,60,60,5.5,1000,25,Ammonium Sulphate,75,Ginger,261
55,40,64,6.30599255,1000,25,Ammonium Sulphate,75,Ginger,260
60,57,77,5.949773458,900,20,Ammonium Sulphate,75,Ginger,263
44,40,60,5.5,900,20,Urea,75,Ginger,263
60,53,80,6.133151376,900,20,Ammonium Sulphate,75,Ginger,262
55,50,69,6.451403342,900,30,Urea,75,Ginger,258
60,50,66,6.19919409,900,30,Ferrous Sulphate,75,Ginger,259
40,40,68,5.90959443,900,28,Ferrous Sulphate,75,Ginger,260
46,60,80,6,900,20,Urea,75,Ginger,262
46,60,75,5.5,900,20,Ammonium Sulphate,75,Ginger,262
40,41,80,6.39397758,900,20,Chilated Micronutrient,75,Ginger,263
53,50,65,6,900,30,Ammonium Sulphate,75,Ginger,258
52,50,60,6.5,1000,25,Urea,75,Ginger,258
55,54,70,6.419930651,1000,35,Ammonium Sulphate,75,Ginger,261
59,40,75,5.5,1000,35,Urea,75,Ginger,263
41,45,65,6,1000,25,Urea,75,Ginger,260
43,48,61,6.381564721,1000,25,Urea,75,Ginger,259
60,48,66,5.890262758,900,30,Ammonium Sulphate,75,Ginger,260
57,45,75,6.5,1000,35,DAP,75,Ginger,262
44,55,60,6,1000,25,DAP,75,Ginger,260
47,47,80,5.788130873,900,20,Magnesium Sulphate,75,Ginger,261
48,60,80,6,900,20,Urea,75,Ginger,262
59,55,79,6.404464686,900,20,Ammonium Sulphate,75,Ginger,262
48,45,60,5.5,1000,25,Ammonium Sulphate,75,Ginger,259
45,60,80,6,900,20,Urea,75,Ginger,263
52,42,62,5.913391537,1000,25,Ammonium Sulphate,75,Ginger,259
44,49,65,5.915992896,900,30,Ammonium Sulphate,75,Ginger,259
43,40,60,5.5,900,20,Urea,75,Ginger,263
54,59,70,5.931398539,1000,35,Urea,75,Ginger,261
53,51,80,5.7167398,900,20,Chilated Micronutrient,75,Ginger,261
60,45,60,5.547857278,1000,25,Ammonium Sulphate,75,Ginger,261
49,40,64,6.476361414,1000,25,Ammonium Sulphate,75,Ginger,259
46,40,80,6.5,900,20,Ammonium Sulphate,75,Ginger,262
41,43,70,5.696452982,900,30,Ammonium Sulphate,75,Ginger,260
45,40,65,5.773348706,900,25,MOP,75,Ginger,260
48,40,70,6,900,30,DAP,75,Ginger,259
60,43,70,5.695452998,900,30,Ammonium Sulphate,75,Ginger,260
55,40,60,5.5,900,20,Urea,75,Ginger,263
55,42,70,5.748383429,900,30,Ammonium Sulphate,75,Ginger,259
55,55,70,6.5,1000,35,Ammonium Sulphate,75,Ginger,261
59,50,80,5.5,900,20,DAP,75,Ginger,262
58,53,80,6.195144554,900,20,Ammonium Sulphate,75,Ginger,262
50,57,77,5.904318768,900,20,Ammonium Sulphate,75,Ginger,261
40,52,60,6.214099807,1000,25,Hydrated Lime,75,Ginger,260
60,52,60,5.858798883,1000,25,Chilated Micronutrient,75,Ginger,260
51,48,80,5.653781924,900,20,Hydrated Lime,75,Ginger,260
49,60,75,5.5,900,20,Ammonium Sulphate,75,Ginger,261
55,55,74,5.564197145,1000,35,Urea,75,Ginger,261
44,55,70,6.5,1000,35,Ammonium Sulphate,75,Ginger,261
55,53,80,6.224338817,900,20,Ammonium Sulphate,75,Ginger,261
52,60,60,5.5,1000,25,Ammonium Sulphate,75,Ginger,260
43,56,60,5.862919667,1000,25,Chilated Micronutrient,75,Ginger,260
40,40,75,5.5,1000,35,Urea,75,Ginger,263
45,55,65,5.58565825,900,30,Sulphur,75,Ginger,259
45,40,65,6.5,1000,25,Ammonium Sulphate,75,Ginger,260
50,54,70,6.404066338,1000,35,Ammonium Sulphate,75,Ginger,260
60,43,61,5.823371562,1000,25,Ammonium Sulphate,75,Ginger,261
52,40,80,6.5,900,20,Ammonium Sulphate,75,Ginger,262
58,45,75,6.5,1000,35,DAP,75,Ginger,262
54,50,80,5.569423843,900,20,Chilated Micronutrient,75,Ginger,261
60,47,67,5.740470105,900,30,Ammonium Sulphate,75,Ginger,260
60,54,60,6.033806282,1000,25,DAP,75,Ginger,261
48,60,60,5.5,1000,25,Ammonium Sulphate,75,Ginger,260
53,41,70,5.883143959,900,30,Chilated Micronutrient,75,Ginger,259
57,45,75,6.5,1000,35,DAP,75,Ginger,262
45,40,70,5.940039544,900,30,Chilated Micronutrient,75,Ginger,260
43,40,66,5.825438685,900,26,Hydrated Lime,75,Ginger,260
45,40,75,5.5,1000,35,Urea,75,Ginger,262
41,56,73,5.662166877,1000,35,Urea,75,Ginger,262
46,46,80,5.833499043,900,20,Magnesium Sulphate,75,Ginger,261
53,50,65,6,900,30,Ammonium Sulphate,75,Ginger,258
49,40,65,6.5,1000,25,Ammonium Sulphate,75,Ginger,259
43,60,75,5.5,900,20,Ammonium Sulphate,75,Ginger,262
52,45,65,6,1000,25,Urea,75,Ginger,258
46,58,71,5.865325255,1000,35,Urea,75,Ginger,261
40,47,80,5.767397194,900,20,MOP,75,Ginger,262
59,45,75,6.5,1000,35,DAP,75,Ginger,262
52,47,75,6.218851592,1000,35,Ammonium Sulphate,75,Ginger,260
59,60,75,5.5,900,20,Ammonium Sulphate,75,Ginger,263
40,45,60,5.5,1000,25,Ammonium Sulphate,75,Ginger,261
60,48,80,5.654997555,900,20,Hydrated Lime,75,Ginger,262
56,40,60,5.5,900,20,Urea,75,Ginger,263
60,55,65,6.267913842,900,30,Chilated Micronutrient,75,Ginger,261
55,40,64,6.40332355,1000,25,Ammonium Sulphate,75,Ginger,260
57,42,62,6.049629064,1000,25,Ammonium Sulphate,75,Ginger,261
25,50,25,7,700,35,DAP,60,Gram,100
39,40,30,7,700,15,DAP,60,Gram,99
30,45,25,6.5,800,20,DAP,60,Gram,98
20,41,25,6.138438824,800,26,Hydrated Lime,60,Gram,98
30,40,24,7.20930192,700,20,Hydrated Lime,60,Gram,97
28,50,28,7,700,35,DAP,60,Gram,100
45,30,15,6.5,700,25,18:46:00 NPK,60,Gram,99
28,50,28,7,700,35,DAP,60,Gram,100
20,46,30,6.685236051,700,31,Ferrous Sulphate,60,Gram,100
44,30,15,6.5,600,25,DAP,60,Gram,99
33,50,20,6.5,900,20,MOP,60,Gram,98
28,45,23,6.5,800,30,DAP,60,Gram,98
37,45,22,7.037465284,800,20,DAP,60,Gram,97
21,50,26,7,700,35,DAP,60,Gram,100
40,40,29,6.963316797,700,15,DAP,60,Gram,99
20,41,30,6.126218472,700,26,DAP,60,Gram,99
26,45,30,6.5,700,30,MOP,60,Gram,99
21,50,20,7,800,35,MOP,60,Gram,100
35,40,22,6.732483837,700,17,Ferrous Sulphate,60,Gram,96
32,40,22,6.798170228,700,17,Ferrous Sulphate,60,Gram,97
38,50,20,6.5,900,20,MOP,60,Gram,98
32,50,27,6.552587633,900,15,DAP,60,Gram,100
37,50,25,6,900,15,DAP,60,Gram,99
30,50,26,7,700,35,DAP,60,Gram,99
33,45,25,6.5,800,20,DAP,60,Gram,97
28,40,30,6,700,25,DAP,60,Gram,98
39,40,25,7.489964401,700,19,Hydrated Lime,60,Gram,97
43,30,15,6.5,700,25,18:46:00 NPK,60,Gram,98
48,30,11,6.5,600,25,Hydrated Lime,60,Gram,100
48,25,15,6,500,20,MOP,60,Gram,101
40,50,21,6.559881066,900,19,Hydrated Lime,60,Gram,98
44,30,14,6.5,700,25,19:19:19 NPK,60,Gram,99
47,30,12,6.5,700,25,Ammonium Sulphate,60,Gram,99
23,48,20,6.83955116,800,33,Hydrated Lime,60,Gram,99
28,50,25,7,700,35,DAP,60,Gram,99
32,45,25,6.5,800,20,DAP,60,Gram,98
24,50,25,7,700,35,DAP,60,Gram,100
22,45,22,6.5,800,30,DAP,60,Gram,99
47,30,10,6.5,700,25,Sulphur,60,Gram,100
30,41,23,6.381840789,800,23,Hydrated Lime,60,Gram,97
47,30,12,6.5,700,25,DAP,60,Gram,99
40,29,10,6.436209849,600,24,MOP,60,Gram,99
30,45,27,6.425663859,800,16,Hydrated Lime,60,Gram,99
28,45,30,6.5,700,30,MOP,60,Gram,99
31,40,25,7.5,700,20,MOP,60,Gram,97
27,42,30,6.214610848,700,27,Ferrous Sulphate,60,Gram,98
46,30,15,6.5,700,25,18:46:00 NPK,60,Gram,99
30,45,30,6,800,15,MOP,60,Gram,99
20,45,23,6.5,800,30,DAP,60,Gram,99
30,43,25,6.381386604,800,21,DAP,60,Gram,97
39,50,25,6.101782473,900,15,DAP,60,Gram,100
30,44,25,6.42357043,800,29,DAP,60,Gram,98
31,45,30,6,800,15,MOP,60,Gram,99
50,25,10,6.080340687,600,20,19:19:19 NPK,60,Gram,101
40,30,10,6.5,600,25,Hydrated Lime,60,Gram,99
36,40,21,6.427642753,700,16,DAP,60,Gram,97
30,40,30,7,700,15,DAP,60,Gram,99
45,30,14,6.5,700,25,19:19:19 NPK,60,Gram,99
39,50,25,6,900,15,DAP,60,Gram,100
37,50,22,6.237744305,900,17,Ferrous Sulphate,60,Gram,98
20,50,27,7,700,35,DAP,60,Gram,101
39,45,20,7.5,800,20,DAP,60,Gram,97
34,40,20,6.168058353,700,15,DAP,60,Gram,97
41,26,13,6.1989278,600,21,Magnesium Sulphate,60,Gram,100
45,25,10,6,500,20,DAP,60,Gram,101
20,45,25,6.5,800,30,DAP,60,Gram,99
48,30,14,6.5,700,25,20:20:20 NPK,60,Gram,99
40,40,27,6.742097173,700,15,DAP,60,Gram,98
39,50,25,6.170887587,900,15,DAP,60,Gram,100
46,25,10,6,600,20,18:46:00 NPK,60,Gram,101
35,50,20,6.464687995,900,19,Hydrated Lime,60,Gram,98
42,30,12,6.5,700,25,Chilated Micronutrient,60,Gram,99
22,40,25,6,800,25,MOP,60,Gram,98
32,40,20,6,700,15,DAP,60,Gram,97
31,40,28,7.115253533,700,16,DAP,60,Gram,98
29,50,25,7,700,35,DAP,60,Gram,99
45,30,13,6.5,600,25,DAP,60,Gram,99
45,25,15,6,600,20,Sulphur,60,Gram,100
30,42,30,6.253805189,700,27,Ferrous Sulphate,60,Gram,98
46,25,10,6,500,20,DAP,60,Gram,101
40,40,21,6.114836825,700,15,DAP,60,Gram,97
38,40,30,7,700,15,DAP,60,Gram,99
30,40,23,7.06705417,700,21,Hydrated Lime,60,Gram,96
32,45,25,6.5,800,20,DAP,60,Gram,98
41,30,15,6.5,600,25,DAP,60,Gram,99
50,30,12,6.5,600,25,Ferrous Sulphate,60,Gram,100
22,50,27,7,700,35,DAP,60,Gram,100
39,50,30,7,900,15,DAP,60,Gram,100
41,30,13,6.5,600,25,Ferrous Sulphate,60,Gram,99
49,25,10,6,500,20,DAP,60,Gram,102
50,25,14,6,500,20,Hydrated Lime,60,Gram,101
35,50,24,6.005019884,900,15,DAP,60,Gram,99
36,45,20,7.5,800,20,DAP,60,Gram,97
45,30,14,6.5,700,25,20:20:20 NPK,60,Gram,99
36,45,23,6.754640655,800,20,DAP,60,Gram,97
48,30,15,6.5,600,25,DAP,60,Gram,99
50,30,13,6.5,600,25,DAP,60,Gram,100
27,50,25,7,700,35,DAP,60,Gram,99
32,50,22,6.235788094,900,17,Ferrous Sulphate,60,Gram,98
47,25,15,6,600,20,Sulphur,60,Gram,100
23,40,30,6,700,25,DAP,60,Gram,98
45,29,14,6.464764572,600,24,Chilated Micronutrient,60,Gram,99
34,40,25,7.5,700,20,MOP,60,Gram,96
20,44,29,6.482513455,700,29,Hydrated Lime,60,Gram,99
40,50,21,6.562148612,900,19,Hydrated Lime,60,Gram,98
40,45,26,6.365433738,800,18,DAP,60,Gram,98
45,29,10,6.469170228,600,24,Hydrated Lime,60,Gram,100
38,50,20,6.5,900,20,MOP,60,Gram,98
25,45,30,6.533248134,700,30,Hydrated Lime,60,Gram,99
23,50,20,7,800,35,MOP,60,Gram,100
20,40,25,6,700,25,DAP,60,Gram,98
24,45,20,6.579085612,800,30,DAP,60,Gram,98
24,45,25,6.5,800,30,DAP,60,Gram,99
30,40,26,7.192900968,700,21,Hydrated Lime,60,Gram,97
32,50,30,7,900,15,DAP,60,Gram,100
30,50,24,6.081827971,900,15,DAP,60,Gram,99
34,40,20,6,700,15,DAP,60,Gram,97
40,25,15,6,500,20,MOP,60,Gram,100
46,25,15,6,600,20,Sulphur,60,Gram,100
50,30,12,6.5,700,25,DAP,60,Gram,100
28,43,30,6.320584758,700,28,Ferrous Sulphate,60,Gram,98
40,25,10,6,500,20,DAP,60,Gram,101
38,45,28,6.196222554,800,16,Ferrous Sulphate,60,Gram,99
35,40,24,7.224899159,700,19,Hydrated Lime,60,Gram,96
40,27,15,6.219567454,600,22,MOP,60,Gram,99
40,30,11,6.5,700,25,Ferrous Sulphate,60,Gram,99
24,40,20,6,700,25,DAP,60,Gram,97
43,30,15,6.5,600,25,DAP,60,Gram,99
35,50,26,6.25239062,900,15,DAP,60,Gram,99
27,50,27,7,700,35,DAP,60,Gram,100
26,45,20,6.5,800,30,DAP,60,Gram,98
40,40,21,6.100425427,700,15,DAP,60,Gram,97
40,28,15,6.308054389,600,23,Hydrated Lime,60,Gram,99
42,27,12,6.271776431,600,22,Magnesium Sulphate,60,Gram,100
40,25,10,6,500,20,DAP,60,Gram,101
26,50,30,7,700,35,DAP,60,Gram,100
29,45,30,6.5,700,30,MOP,60,Gram,99
30,40,24,7.409748185,700,19,Hydrated Lime,60,Gram,97
43,28,13,6.313854027,600,23,50:26:26 NPK,60,Gram,99
45,30,13,6.5,600,25,Ferrous Sulphate,60,Gram,99
48,30,10,6.5,600,25,MOP,60,Gram,100
32,40,30,7,700,15,DAP,60,Gram,98
36,45,21,7.120072756,800,20,DAP,60,Gram,97
50,25,12,6,500,20,Ferrous Sulphate,60,Gram,101
45,29,14,6.446946292,600,24,Chilated Micronutrient,60,Gram,99
33,40,30,7,700,15,DAP,60,Gram,98
50,25,14,6.07583744,600,20,SSP,60,Gram,101
31,50,23,6.155861034,900,16,DAP,60,Gram,99
30,46,20,6.62424457,800,31,DAP,60,Gram,98
20,40,27,6,700,25,DAP,60,Gram,98
34,40,30,7,700,15,DAP,60,Gram,98
42,25,15,6,500,20,MOP,60,Gram,100
43,30,10,6.5,600,25,MOP,60,Gram,100
40,30,10,6.5,700,25,Sulphur,60,Gram,99
23,50,30,7,700,35,DAP,60,Gram,101
35,50,29,6.821257305,900,15,DAP,60,Gram,100
50,30,14,6.5,600,25,DAP,60,Gram,100
40,25,15,6,500,20,MOP,60,Gram,100
50,25,14,6,500,20,Hydrated Lime,60,Gram,101
25,48,20,6.801356355,800,33,Ferrous Sulphate,60,Gram,99
25,45,23,6.5,800,30,DAP,60,Gram,98
49,30,14,6.5,700,25,19:19:19 NPK,60,Gram,99
46,25,15,6,600,20,Sulphur,60,Gram,100
50,28,13,6.361126284,600,23,Ammonium Sulphate,60,Gram,100
21,43,30,6.360018268,700,28,Hydrated Lime,60,Gram,99
40,45,26,6.320573816,800,18,Ferrous Sulphate,60,Gram,98
21,50,25,7,700,35,DAP,60,Gram,100
42,30,12,6.5,600,25,Ferrous Sulphate,60,Gram,99
30,45,23,6.5,800,30,DAP,60,Gram,98
40,45,26,6.327152003,800,18,Ferrous Sulphate,60,Gram,98
25,40,20,6,700,25,DAP,60,Gram,97
24,49,20,6.954225281,800,34,Hydrated Lime,60,Gram,99
47,27,12,6.291695897,600,22,Magnesium Sulphate,60,Gram,100
24,40,20,6,700,25,DAP,60,Gram,97
27,47,30,6.731002902,700,32,Ferrous Sulphate,60,Gram,100
40,45,29,6.02635833,800,15,Hydrated Lime,60,Gram,99
50,30,14,6.5,700,25,19:19:19 NPK,60,Gram,99
22,42,25,6.293114916,800,27,Ferrous Sulphate,60,Gram,98
44,25,15,6,600,20,Sulphur,60,Gram,100
38,50,23,6.194272882,900,16,Ferrous Sulphate,60,Gram,99
30,50,30,7,900,15,DAP,60,Gram,100
34,50,20,6.5,900,20,MOP,60,Gram,98
25,40,30,6.033940859,700,25,DAP,60,Gram,98
32,40,27,7.282566592,700,17,Ferrous Sulphate,60,Gram,97
41,25,15,6,500,20,MOP,60,Gram,100
20,50,29,7,700,35,DAP,60,Gram,101
42,30,15,6.5,600,25,DAP,60,Gram,99
35,50,25,6.152539043,900,15,DAP,60,Gram,99
30,50,27,6.57628836,900,15,DAP,60,Gram,100
36,45,21,7.106715046,800,20,DAP,60,Gram,97
22,45,30,6.5,700,30,MOP,60,Gram,100
26,40,25,6,800,25,MOP,60,Gram,97
45,25,10,6,500,20,DAP,60,Gram,101
30,40,20,6,700,24,DAP,60,Gram,96
35,40,30,7,700,15,DAP,60,Gram,98
40,25,10,6,500,20,DAP,60,Gram,101
20,45,20,6.507579401,800,30,DAP,60,Gram,99
34,45,25,6.419449043,800,19,DAP,60,Gram,97
30,40,29,6.186994022,700,24,DAP,60,Gram,97
40,30,15,6.5,600,25,DAP,60,Gram,98
30,40,25,7.5,700,20,MOP,60,Gram,97
42,25,12,6,500,20,Ferrous Sulphate,60,Gram,101
27,45,20,6.5,800,30,DAP,60,Gram,98
20,41,30,6.199501352,700,26,Ferrous Sulphate,60,Gram,99
39,40,24,7.417857542,700,19,Hydrated Lime,60,Gram,97
36,45,20,7.5,800,20,DAP,60,Gram,97
20,44,30,6.401426724,700,29,Hydrated Lime,60,Gram,100
24,50,30,7,700,35,DAP,60,Gram,101
45,25,13,6,500,20,Ferrous Sulphate,60,Gram,101
30,43,21,6.300915653,800,28,Ferrous Sulphate,60,Gram,97
25,42,25,6.268697801,800,27,Ferrous Sulphate,60,Gram,98
34,45,25,6.459927808,800,19,DAP,60,Gram,97
43,30,10,6.5,700,25,Sulphur,60,Gram,99
38,40,21,6.520429803,700,16,Ferrous Sulphate,60,Gram,97
38,50,26,6.262498752,900,15,DAP,60,Gram,100
37,50,25,6,900,15,DAP,60,Gram,99
40,50,26,6.224604823,900,15,DAP,60,Gram,100
25,42,25,6.226219758,800,27,Ferrous Sulphate,60,Gram,98
29,50,30,7,700,35,DAP,60,Gram,100
25,40,25,6.088193493,800,25,Hydrated Lime,60,Gram,97
22,45,25,6.5,800,30,DAP,60,Gram,99
22,50,25,7,700,35,DAP,60,Gram,100
25,44,25,6.457422951,800,29,DAP,60,Gram,98
43,25,10,6,600,20,18:46:00 NPK,60,Gram,101
25,47,27,6.790294175,700,32,Ferrous Sulphate,60,Gram,99
41,30,11,6.5,600,25,Ferrous Sulphate,60,Gram,99
44,30,10,6.5,700,25,SSP,60,Gram,99
36,50,23,6.168231314,900,16,Ferrous Sulphate,60,Gram,99
50,29,15,6.410982017,600,24,Ferrous Sulphate,60,Gram,100
40,30,15,6.5,600,25,DAP,60,Gram,98
35,50,25,6.148662728,900,15,DAP,60,Gram,99
22,45,30,6.5,700,30,MOP,60,Gram,100
25,45,29,6.542674834,700,30,Hydrated Lime,60,Gram,99
45,30,14,6.5,700,25,18:46:00 NPK,60,Gram,99
27,45,20,6.5,800,30,DAP,60,Gram,98
45,30,12,6.5,600,25,Ferrous Sulphate,60,Gram,100
24,40,30,6.033538239,700,25,DAP,60,Gram,98
43,25,13,6,500,20,Hydrated Lime,60,Gram,101
43,30,10,6.5,600,25,MOP,60,Gram,100
30,45,25,6.449027145,800,19,DAP,60,Gram,98
45,25,11,6,500,20,DAP,60,Gram,101
20,49,25,6.90465614,700,34,DAP,60,Gram,100
20,44,30,6.481725166,700,29,Hydrated Lime,60,Gram,100
45,30,10,6.5,600,25,MOP,60,Gram,100
32,50,27,6.435158867,900,15,DAP,60,Gram,100
35,45,24,6.565708639,800,20,DAP,60,Gram,97
38,45,26,6.387763808,800,18,DAP,60,Gram,98
40,45,22,7.046711165,800,20,DAP,60,Gram,97
27,50,30,7,700,35,DAP,60,Gram,100
42,25,12,6,500,20,Ferrous Sulphate,60,Gram,101
45,25,12,6,500,20,Ferrous Sulphate,60,Gram,101
25,47,22,6.720179834,800,32,Ferrous Sulphate,60,Gram,99
25,50,29,7,700,35,DAP,60,Gram,100
44,25,10,6,500,20,DAP,60,Gram,101
24,40,30,6.069107189,700,25,DAP,60,Gram,98
20,50,25,7,700,35,DAP,60,Gram,100
38,45,30,6,800,15,MOP,60,Gram,99
32,40,30,7,700,15,DAP,60,Gram,98
30,40,20,6,700,21,DAP,60,Gram,96
30,47,22,6.795632914,800,32,Ferrous Sulphate,60,Gram,98
50,30,10,6.5,600,25,Hydrated Lime,60,Gram,100
30,40,30,7,700,15,DAP,60,Gram,99
30,46,20,6.642013886,800,31,DAP,60,Gram,98
30,46,23,6.670538029,800,31,Ferrous Sulphate,60,Gram,98
34,40,30,7,700,15,DAP,60,Gram,98
42,25,10,6,500,20,DAP,60,Gram,101
35,40,26,7.384462602,700,18,Hydrated Lime,60,Gram,97
25,41,30,6.164053628,700,26,DAP,60,Gram,98
45,25,15,6.009855269,600,20,SSP,60,Gram,100
35,50,20,6.447945709,900,19,Hydrated Lime,60,Gram,98
40,40,22,6.200083915,700,15,DAP,60,Gram,97
25,45,30,6.589272331,700,30,Hydrated Lime,60,Gram,99
40,40,23,6.979119162,700,18,Ferrous Sulphate,60,Gram,97
21,40,30,6,700,25,DAP,60,Gram,98
39,50,29,6.900558607,900,15,DAP,60,Gram,100
26,50,28,7,700,35,DAP,60,Gram,100
35,40,23,7.083400398,700,18,Hydrated Lime,60,Gram,96
50,30,14,6.5,600,25,DAP,60,Gram,100
25,45,24,6.584890068,800,30,DAP,60,Gram,99
31,40,30,7,700,15,DAP,60,Gram,98
28,40,25,6,800,25,MOP,60,Gram,97
47,30,11,6.5,700,25,MOP,60,Gram,99
33,45,21,7.20685227,800,20,DAP,60,Gram,97
48,25,10,6,600,20,18:46:00 NPK,60,Gram,101
35,50,25,6.013001924,900,15,DAP,60,Gram,99
30,40,24,7.371737204,700,20,Hydrated Lime,60,Gram,97
50,28,11,6.396056872,600,23,MOP,60,Gram,100
20,50,20,7,800,35,MOP,60,Gram,100
44,25,15,6,600,20,Sulphur,60,Gram,100
22,42,30,6.29152078,700,27,Ferrous Sulphate,60,Gram,99
45,27,10,6.210712275,600,22,50:26:26 NPK,60,Gram,100
45,25,10,6,500,20,DAP,60,Gram,101
29,50,25,7,700,35,DAP,60,Gram,99
30,48,20,6.829091324,800,33,Ferrous Sulphate,60,Gram,98
30,40,23,7.11086485,700,21,Hydrated Lime,60,Gram,96
48,25,11,6,500,20,Ferrous Sulphate,60,Gram,101
27,45,30,6.5,700,30,MOP,60,Gram,99
20,41,30,6.13403182,700,26,DAP,60,Gram,99
41,30,13,6.5,700,25,Ammonium Sulphate,60,Gram,98
30,42,22,6.204705826,800,27,Ferrous Sulphate,60,Gram,97
27,40,30,6,700,25,DAP,60,Gram,98
27,40,25,6,800,25,MOP,60,Gram,97
27,40,20,6,700,25,DAP,60,Gram,96
25,44,25,6.474226653,800,29,DAP,60,Gram,98
30,46,30,6.618197103,700,31,Hydrated Lime,60,Gram,99
35,50,20,6.429943412,900,19,Hydrated Lime,60,Gram,98
50,25,14,6.065766012,600,20,SSP,60,Gram,101
40,25,12,6,500,20,Ferrous Sulphate,60,Gram,100
29,40,25,6,800,25,MOP,60,Gram,97
28,50,26,7,700,35,DAP,60,Gram,99
22,42,30,6.212606752,700,27,Ferrous Sulphate,60,Gram,99
30,40,30,7,700,15,DAP,60,Gram,99
33,50,26,6.268677359,900,15,DAP,60,Gram,99
32,45,20,7.5,800,20,DAP,60,Gram,97
35,50,23,6.18326089,900,16,Ferrous Sulphate,60,Gram,99
30,48,26,6.871056157,700,33,DAP,60,Gram,99
34,40,25,7.430321963,700,19,Hydrated Lime,60,Gram,97
30,40,25,7.252395355,700,20,Hydrated Lime,60,Gram,97
45,25,14,6,500,20,Hydrated Lime,60,Gram,101
20,47,20,6.762845091,800,32,Ferrous Sulphate,60,Gram,99
29,40,30,6,700,25,DAP,60,Gram,98
26,40,21,6.40846099,700,23,DAP,60,Gram,96
30,50,30,7,900,15,DAP,60,Gram,100
30,45,25,6.5,800,20,DAP,60,Gram,98
30,40,24,7.323373376,700,20,Hydrated Lime,60,Gram,97
32,50,27,6.576516476,900,15,DAP,60,Gram,100
28,43,30,6.36297239,700,28,Hydrated Lime,60,Gram,98
24,50,25,7,700,35,DAP,60,Gram,100
25,41,30,6.174289806,700,26,Ferrous Sulphate,60,Gram,98
40,29,15,6.414870902,600,24,Ferrous Sulphate,60,Gram,98
28,45,20,6.5,800,30,DAP,60,Gram,98
39,45,20,7.5,800,20,DAP,60,Gram,97
38,45,20,7.36311437,800,20,DAP,60,Gram,97
40,30,15,6.5,700,25,18:46:00 NPK,60,Gram,98
45,25,10,6,500,20,DAP,60,Gram,101
25,42,30,6.298706551,700,27,Ferrous Sulphate,60,Gram,98
45,28,11,6.30025843,600,23,Magnesium Sulphate,60,Gram,100
46,25,11,6,500,20,Ferrous Sulphate,60,Gram,101
31,45,20,7.5,800,20,DAP,60,Gram,97
49,30,10,6.5,700,25,Sulphur,60,Gram,100
32,40,22,6.628155787,700,17,Ferrous Sulphate,60,Gram,97
38,45,23,6.883138528,800,20,DAP,60,Gram,97
44,30,15,6.5,700,25,18:46:00 NPK,60,Gram,98
40,25,15,6,500,20,MOP,60,Gram,100
34,45,25,6.5,800,20,DAP,60,Gram,97
33,50,30,7,900,15,DAP,60,Gram,100
25,50,29,7,700,35,DAP,60,Gram,100
40,45,28,6.198423945,800,16,Ferrous Sulphate,60,Gram,99
36,45,20,7.5,800,20,DAP,60,Gram,97
30,45,28,6.194647807,800,16,Ferrous Sulphate,60,Gram,99
30,40,23,7.066959395,700,21,Hydrated Lime,60,Gram,96
30,48,20,6.822163642,800,33,Ferrous Sulphate,60,Gram,98
40,28,10,6.359522953,600,23,DAP,60,Gram,99
41,26,13,6.148560858,600,21,SSP,60,Gram,100
30,50,27,7,700,35,DAP,60,Gram,99
42,30,12,6.5,700,25,DAP,60,Gram,99
46,30,15,6.5,700,25,18:46:00 NPK,60,Gram,99
29,45,20,6.5,800,30,DAP,60,Gram,98
41,30,11,6.5,600,25,Hydrated Lime,60,Gram,99
25,41,30,6.107470189,700,26,DAP,60,Gram,98
40,30,10,6.5,700,25,Sulphur,60,Gram,99
38,45,21,7.237735956,800,20,DAP,60,Gram,97
42,25,10,6,600,20,18:46:00 NPK,60,Gram,100
25,50,29,7,700,35,DAP,60,Gram,100
32,50,22,6.248183124,900,17,Ferrous Sulphate,60,Gram,98
45,25,12,6,500,20,Ferrous Sulphate,60,Gram,101
43,25,15,6,600,20,Sulphur,60,Gram,100
38,45,21,7.270912204,800,20,DAP,60,Gram,97
31,40,30,7,700,15,DAP,60,Gram,98
30,40,25,7.462431109,700,19,Hydrated Lime,60,Gram,97
23,50,25,7,700,35,DAP,60,Gram,100
22,47,30,6.752254342,700,32,Ferrous Sulphate,60,Gram,100
28,50,26,7,700,35,DAP,60,Gram,99
27,50,25,7,700,35,DAP,60,Gram,99
28,40,25,6,800,25,MOP,60,Gram,97
25,50,25,7,700,35,DAP,60,Gram,100
46,30,13,6.5,600,25,DAP,60,Gram,100
26,40,30,6,700,25,DAP,60,Gram,98
31,40,20,6,700,15,DAP,60,Gram,97
35,45,27,6.295115333,800,17,Ferrous Sulphate,60,Gram,98
25,43,30,6.319513052,700,28,Ferrous Sulphate,60,Gram,99
40,30,14,6.5,700,25,19:19:19 NPK,60,Gram,98
35,45,25,6.5,800,20,DAP,60,Gram,97
49,30,14,6.5,600,25,DAP,60,Gram,100
40,30,14,6.5,700,25,18:46:00 NPK,60,Gram,98
50,30,12,6.5,700,25,DAP,60,Gram,100
35,45,29,6.092566464,800,15,Hydrated Lime,60,Gram,99
40,40,24,6.458099053,700,15,DAP,60,Gram,98
29,45,24,6.5,800,30,DAP,60,Gram,98
38,45,21,7.232224886,800,20,DAP,60,Gram,97
20,44,25,6.403280574,800,29,DAP,60,Gram,99
33,50,26,6.341216633,900,15,DAP,60,Gram,99
40,50,23,6.153861718,900,16,DAP,60,Gram,99
24,40,30,6,700,25,DAP,60,Gram,98
26,45,30,6.5,700,30,MOP,60,Gram,99
24,40,30,6,700,25,DAP,60,Gram,98
38,50,25,6,900,15,DAP,60,Gram,99
34,45,20,7.487668008,800,20,DAP,60,Gram,97
30,45,30,6.52797033,700,30,Hydrated Lime,60,Gram,99
39,50,30,7,900,15,DAP,60,Gram,100
48,30,10,6.5,600,25,MOP,60,Gram,100
25,45,20,6.5,800,30,DAP,60,Gram,98
45,25,15,6.090287673,600,20,Magnesium Sulphate,60,Gram,100
22,47,20,6.783972615,800,32,Ferrous Sulphate,60,Gram,99
40,30,10,6.5,600,25,MOP,60,Gram,99
49,30,15,6.5,700,25,18:46:00 NPK,60,Gram,99
38,40,26,7.348710134,700,18,Hydrated Lime,60,Gram,97
36,40,25,7.5,700,20,MOP,60,Gram,97
50,29,14,6.462198098,600,24,Chilated Micronutrient,60,Gram,100
34,45,30,6,800,15,MOP,60,Gram,99
40,40,20,6.083600266,700,15,DAP,60,Gram,97
47,25,15,6,600,20,Sulphur,60,Gram,100
20,45,20,6.5,800,30,DAP,60,Gram,99
31,38,19,6.077725301,700,25,Chilated Micronutrient,60,Gram,96
36,45,30,6,800,15,MOP,60,Gram,99
30,40,24,7.243373211,700,19,Hydrated Lime,60,Gram,97
25,50,20,7,800,35,MOP,60,Gram,100
37,45,20,7.5,800,20,DAP,60,Gram,97
25,48,20,6.884995581,800,33,Hydrated Lime,60,Gram,99
20,50,29,7,700,35,DAP,60,Gram,101
34,40,29,7.038476601,700,15,DAP,60,Gram,98
31,45,30,6,800,15,MOP,60,Gram,99
31,50,28,6.660125036,900,15,DAP,60,Gram,100
47,30,15,6.5,600,25,DAP,60,Gram,99
40,50,20,6.46732183,900,19,Hydrated Lime,60,Gram,99
46,30,10,6.5,700,25,Sulphur,60,Gram,100
22,42,30,6.269745646,700,27,Ferrous Sulphate,60,Gram,99
25,50,28,7,700,35,DAP,60,Gram,100
20,40,23,6,700,25,DAP,60,Gram,97
21,50,28,7,700,35,DAP,60,Gram,101
24,49,30,6.942988874,700,34,DAP,60,Gram,100
23,50,20,7,800,35,MOP,60,Gram,100
38,40,26,7.383520263,700,18,Hydrated Lime,60,Gram,97
50,30,10,6.5,700,25,SSP,60,Gram,100
40,50,24,6.064950563,900,15,DAP,60,Gram,100
30,40,24,7.468095884,700,19,Hydrated Lime,60,Gram,97
30,40,24,6.062649164,800,25,Hydrated Lime,60,Gram,97
22,47,20,6.764468567,800,32,Ferrous Sulphate,60,Gram,99
35,45,30,6,800,15,MOP,60,Gram,99
33,45,25,6.5,800,20,DAP,60,Gram,97
40,30,14,6.5,700,25,18:46:00 NPK,60,Gram,98
28,50,30,7,700,35,DAP,60,Gram,100
31,40,23,7.150782433,700,18,Hydrated Lime,60,Gram,97
45,30,12,6.5,700,25,Ferrous Sulphate,60,Gram,99
45,30,12,6.5,700,25,DAP,60,Gram,99
23,43,25,6.313752732,800,28,Ferrous Sulphate,60,Gram,98
44,29,14,6.436838557,600,24,Chilated Micronutrient,60,Gram,99
25,50,25,7,700,35,DAP,60,Gram,100
43,25,10,6,500,20,DAP,60,Gram,101
37,40,20,6,700,15,DAP,60,Gram,97
34,45,20,7.5,800,20,DAP,60,Gram,97
40,45,23,6.762417698,800,20,DAP,60,Gram,98
30,40,27,6.761222854,700,15,DAP,60,Gram,98
41,30,10,6.5,700,25,Sulphur,60,Gram,99
36,40,28,7.177311079,700,16,Ferrous Sulphate,60,Gram,98
38,40,25,7.5,700,20,MOP,60,Gram,97
35,40,26,7.35184594,700,18,Hydrated Lime,60,Gram,97
25,48,21,6.883196124,800,33,Hydrated Lime,60,Gram,99
39,40,20,6,700,15,DAP,60,Gram,97
35,45,20,7.482126065,800,20,DAP,60,Gram,97
24,40,30,6.006138805,700,25,DAP,60,Gram,98
22,40,25,6,800,25,MOP,60,Gram,98
25,41,30,6.192163324,700,26,Ferrous Sulphate,60,Gram,98
30,46,20,6.660176359,800,31,DAP,60,Gram,98
23,48,20,6.890873056,800,33,Hydrated Lime,60,Gram,99
30,44,20,6.474980592,800,29,DAP,60,Gram,97
37,45,30,6,800,15,MOP,60,Gram,99
30,45,25,6.455294499,800,19,DAP,60,Gram,98
20,50,27,7,700,35,DAP,60,Gram,101
50,30,14,6.5,700,25,19:19:19 NPK,60,Gram,99
34,40,30,7,700,15,DAP,60,Gram,98
44,25,15,6,500,20,MOP,60,Gram,100
30,43,25,6.306705695,800,28,Ferrous Sulphate,60,Gram,98
30,45,29,6.083516973,800,15,Hydrated Lime,60,Gram,99
30,45,20,7.491168626,800,20,DAP,60,Gram,97
26,45,30,6.5,700,30,MOP,60,Gram,99
25,49,30,6.971365887,700,34,DAP,60,Gram,100
50,30,13,6.5,700,25,Ammonium Sulphate,60,Gram,99
20,48,30,6.803868397,700,33,Ferrous Sulphate,60,Gram,101
42,25,10,6,600,20,18:46:00 NPK,60,Gram,100
47,25,15,6,500,20,MOP,60,Gram,101
31,50,29,6.823471968,900,15,DAP,60,Gram,100
23,50,30,7,700,35,DAP,60,Gram,101
24,45,30,6.5,700,30,MOP,60,Gram,99
30,43,25,6.389792237,800,21,DAP,60,Gram,97
40,30,11,6.5,700,25,Ferrous Sulphate,60,Gram,99
30,44,25,6.471078662,800,29,DAP,60,Gram,98
50,25,10,6,500,20,DAP,60,Gram,102
35,45,24,6.616214115,800,20,DAP,60,Gram,97
39,50,29,6.927752283,900,15,DAP,60,Gram,100
30,45,20,7.494907823,800,20,DAP,60,Gram,97
25,50,25,7,700,35,DAP,60,Gram,100
30,50,26,7,700,35,DAP,60,Gram,99
25,40,27,6,700,25,DAP,60,Gram,97
35,45,21,7.196020618,800,20,DAP,60,Gram,97
31,40,30,7,700,15,DAP,60,Gram,98
40,30,10,6.5,600,25,MOP,60,Gram,99
20,45,23,6.5,800,30,DAP,60,Gram,99
20,40,27,6,700,25,DAP,60,Gram,98
25,47,22,6.731512789,800,32,Ferrous Sulphate,60,Gram,99
30,45,22,6.5,800,30,DAP,60,Gram,98
25,50,25,7,700,35,DAP,60,Gram,100
39,45,25,6.454256581,800,19,DAP,60,Gram,98
40,30,10,6.5,600,25,Hydrated Lime,60,Gram,99
25,40,22,6,700,25,DAP,60,Gram,97
41,30,10,6.5,700,25,Sulphur,60,Gram,99
20,45,30,6.55562596,700,30,Hydrated Lime,60,Gram,100
45,25,10,6,500,20,DAP,60,Gram,101
40,25,14,6,500,20,Hydrated Lime,60,Gram,100
45,30,10,6.5,600,25,Hydrated Lime,60,Gram,100
36,50,20,6.5,900,20,MOP,60,Gram,98
45,27,15,6.275428685,600,22,Hydrated Lime,60,Gram,99
24,50,29,7,700,35,DAP,60,Gram,100
34,50,30,7,900,15,DAP,60,Gram,100
50,28,11,6.313655741,600,23,Magnesium Sulphate,60,Gram,100
50,30,13,6.5,600,25,DAP,60,Gram,100
40,40,26,7.361710057,700,18,Hydrated Lime,60,Gram,98
45,30,12,6.5,700,25,Chilated Micronutrient,60,Gram,99
45,30,10,6.5,600,25,Hydrated Lime,60,Gram,100
46,26,11,6.110091601,600,21,19:19:19 NPK,60,Gram,100
48,30,10,6.5,600,25,MOP,60,Gram,100
35,45,29,6.03806543,800,15,Hydrated Lime,60,Gram,99
20,50,25,7,700,35,DAP,60,Gram,100
34,50,27,6.504853473,900,15,DAP,60,Gram,99
30,42,22,6.259706711,800,27,Ferrous Sulphate,60,Gram,97
47,30,12,6.5,600,25,Ferrous Sulphate,60,Gram,100
49,30,14,6.5,600,25,DAP,60,Gram,100
30,48,20,6.826095396,800,33,Ferrous Sulphate,60,Gram,98
21,50,30,7,700,35,DAP,60,Gram,101
30,40,22,6.848597946,700,17,Ferrous Sulphate,60,Gram,97
36,45,28,6.133514135,800,16,Hydrated Lime,60,Gram,99
40,29,10,6.439314993,600,24,Ferrous Sulphate,60,Gram,99
43,30,15,6.5,700,25,18:46:00 NPK,60,Gram,98
38,45,21,7.158451835,800,20,DAP,60,Gram,97
30,50,20,6.5,900,20,MOP,60,Gram,98
40,30,10,6.5,600,25,MOP,60,Gram,99
33,40,23,7.062544465,700,18,Hydrated Lime,60,Gram,97
30,50,29,6.837013328,900,15,DAP,60,Gram,100
21,43,30,6.348735731,700,28,Hydrated Lime,60,Gram,99
38,50,23,6.159929614,900,16,DAP,60,Gram,99
20,43,30,6.309305689,700,28,Ferrous Sulphate,60,Gram,99
26,45,23,6.5,800,30,DAP,60,Gram,98
30,40,29,6.237907658,700,24,DAP,60,Gram,97
34,50,20,6.44043538,900,19,Hydrated Lime,60,Gram,98
40,29,15,6.435921764,600,24,DAP,60,Gram,98
30,45,20,6.514623642,800,30,DAP,60,Gram,98
25,50,30,7,700,35,DAP,60,Gram,101
39,40,20,6.193304801,700,15,DAP,60,Gram,97
35,45,28,6.167559427,800,16,Ferrous Sulphate,60,Gram,99
20,43,27,6.371754128,700,28,Hydrated Lime,60,Gram,99
20,45,20,6.5,800,30,DAP,60,Gram,99
40,45,21,7.226950536,800,19,DAP,60,Gram,97
50,29,15,6.416067089,600,24,Ferrous Sulphate,60,Gram,100
44,25,15,6,600,20,Sulphur,60,Gram,100
39,45,25,6.496807064,800,19,DAP,60,Gram,98
47,25,10,6,600,20,18:46:00 NPK,60,Gram,101
23,46,30,6.691536541,700,31,Ferrous Sulphate,60,Gram,100
30,40,29,7.009406911,700,15,DAP,60,Gram,98
36,50,25,6,900,15,DAP,60,Gram,99
48,30,11,6.5,600,25,Hydrated Lime,60,Gram,100
40,30,13,6.5,600,25,Ferrous Sulphate,60,Gram,99
42,27,12,6.26999269,600,22,Magnesium Sulphate,60,Gram,100
47,30,15,6.5,600,25,DAP,60,Gram,99
35,50,20,6.5,900,20,MOP,60,Gram,98
26,41,25,6.119486049,800,26,Hydrated Lime,60,Gram,98
32,40,22,6.811899868,700,17,Ferrous Sulphate,60,Gram,97
24,50,25,7,700,35,DAP,60,Gram,100
28,43,25,6.329063917,800,28,Ferrous Sulphate,60,Gram,98
28,43,25,6.316310947,800,28,Ferrous Sulphate,60,Gram,98
25,45,30,6.533985947,700,30,Hydrated Lime,60,Gram,99
40,25,10,6,500,20,DAP,60,Gram,101
35,40,29,7.031385756,700,15,DAP,60,Gram,98
21,43,25,6.343942861,800,28,DAP,60,Gram,99
29,40,20,6,700,25,DAP,60,Gram,96
31,50,25,6,900,15,DAP,60,Gram,99
48,30,15,6.5,600,25,DAP,60,Gram,99
34,45,25,6.5,800,20,DAP,60,Gram,97
42,30,12,6.5,600,25,Ferrous Sulphate,60,Gram,99
28,41,30,6.172941528,700,26,Ferrous Sulphate,60,Gram,98
40,40,26,7.310457759,700,18,Ferrous Sulphate,60,Gram,98
30,50,25,7,700,35,DAP,60,Gram,99
40,25,10,6,500,20,DAP,60,Gram,101
30,45,24,6.5,800,30,DAP,60,Gram,98
29,50,25,7,700,35,DAP,60,Gram,99
48,25,15,6,600,20,Sulphur,60,Gram,100
24,50,30,7,700,35,DAP,60,Gram,101
20,43,30,6.379131598,700,28,Hydrated Lime,60,Gram,99
20,40,30,6,700,25,DAP,60,Gram,99
24,50,25,7,700,35,DAP,60,Gram,100
50,28,15,6.33819489,600,23,Ferrous Sulphate,60,Gram,100
42,25,15,6,600,20,Sulphur,60,Gram,100
36,40,23,7.155611127,700,18,Hydrated Lime,60,Gram,97
31,45,23,6.816704623,800,20,DAP,60,Gram,97
22,50,27,7,700,35,DAP,60,Gram,100
50,26,11,6.136813333,600,21,19:19:19 NPK,60,Gram,101
30,45,20,7.4971245,800,20,DAP,60,Gram,97
47,30,15,6.5,600,25,DAP,60,Gram,99
37,40,27,7.225693512,700,17,Ferrous Sulphate,60,Gram,98
30,45,20,7.5,800,20,DAP,60,Gram,97
33,50,30,7,900,15,DAP,60,Gram,100
33,45,21,7.193682226,800,20,DAP,60,Gram,97
33,45,21,7.279230387,800,20,DAP,60,Gram,97
20,40,20,6,700,25,DAP,60,Gram,97
28,45,21,6.5,800,30,DAP,60,Gram,98
35,45,23,6.845488786,800,20,DAP,60,Gram,97
46,30,15,6.5,600,25,DAP,60,Gram,99
40,50,24,6.024568219,900,15,DAP,60,Gram,100
24,50,25,7,700,35,DAP,60,Gram,100
42,30,12,6.5,700,25,Chilated Micronutrient,60,Gram,99
30,45,24,6.5,800,30,DAP,60,Gram,98
22,50,27,7,700,35,DAP,60,Gram,100
45,25,11,6,500,20,Ferrous Sulphate,60,Gram,101
20,45,23,6.5,800,30,DAP,60,Gram,99
36,40,21,6.411322804,700,16,DAP,60,Gram,97
40,45,29,6.008011176,800,15,Hydrated Lime,60,Gram,99
47,25,10,6,500,20,DAP,60,Gram,102
45,30,10,6.5,600,25,Hydrated Lime,60,Gram,100
33,50,26,6.229954606,900,15,DAP,60,Gram,99
43,30,10,6.5,700,25,Sulphur,60,Gram,99
34,50,20,6.484432959,900,19,Hydrated Lime,60,Gram,98
38,45,20,7.5,800,20,DAP,60,Gram,97
25,48,21,6.815736828,800,33,Ferrous Sulphate,60,Gram,99
35,45,24,6.63564175,800,20,DAP,60,Gram,97
25,40,24,6,700,25,DAP,60,Gram,97
29,50,25,7,700,35,DAP,60,Gram,99
45,30,14,6.5,700,25,20:20:20 NPK,60,Gram,99
30,50,20,6.434311584,900,19,Hydrated Lime,60,Gram,98
45,30,13,6.5,700,25,20:20:20 NPK,60,Gram,99
23,40,30,6,700,25,DAP,60,Gram,98
25,45,24,6.577608386,800,30,DAP,60,Gram,99
42,30,10,6.5,700,25,Sulphur,60,Gram,99
45,28,15,6.313110161,600,23,Hydrated Lime,60,Gram,99
20,40,24,6.065622439,800,25,Hydrated Lime,60,Gram,98
20,50,25,7,700,35,DAP,60,Gram,100
50,29,10,6.460423924,600,24,MOP,60,Gram,100
25,50,28,7,700,35,DAP,60,Gram,100
46,30,11,6.5,600,25,Hydrated Lime,60,Gram,100
20,47,30,6.740761176,700,32,Ferrous Sulphate,60,Gram,100
30,44,30,6.441345906,700,29,Hydrated Lime,60,Gram,98
30,40,29,6.187778688,700,24,DAP,60,Gram,97
46,30,15,6.5,600,25,DAP,60,Gram,99
47,30,15,6.5,600,25,DAP,60,Gram,99
46,25,13,6,500,20,Hydrated Lime,60,Gram,101
32,50,20,6.5,900,20,MOP,60,Gram,98
29,50,20,7,800,35,MOP,60,Gram,99
44,25,15,6,500,20,MOP,60,Gram,100
20,45,23,6.5,800,30,DAP,60,Gram,99
45,28,10,6.39877955,600,23,Ferrous Sulphate,60,Gram,100
30,40,20,6,700,21,DAP,60,Gram,96
47,30,12,6.5,600,25,Ferrous Sulphate,60,Gram,100
40,25,14,6,500,20,Hydrated Lime,60,Gram,100
45,25,10,6,600,20,18:46:00 NPK,60,Gram,101
26,45,21,6.5,800,30,DAP,60,Gram,98
22,50,20,7,800,35,MOP,60,Gram,100
23,45,23,6.5,800,30,DAP,60,Gram,99
21,46,20,6.645831289,800,31,DAP,60,Gram,99
36,45,21,7.194981886,800,20,DAP,60,Gram,97
20,49,30,6.930061199,700,34,DAP,60,Gram,101
30,46,28,6.610074506,700,31,Hydrated Lime,60,Gram,99
40,25,10,6.019809413,600,20,18:46:00 NPK,60,Gram,100
47,30,12,6.5,700,25,Chilated Micronutrient,60,Gram,99
30,40,29,6.157395268,700,24,DAP,60,Gram,97
33,50,21,6.378977492,900,18,Hydrated Lime,60,Gram,98
24,50,20,7,800,35,MOP,60,Gram,100
31,45,20,7.5,800,20,DAP,60,Gram,97
37,45,30,6,800,15,MOP,60,Gram,99
40,50,23,6.190922133,900,16,Ferrous Sulphate,60,Gram,99
21,46,20,6.648767515,800,31,DAP,60,Gram,99
40,45,27,6.279824342,800,17,Ferrous Sulphate,60,Gram,99
45,30,15,6.5,600,25,DAP,60,Gram,99
31,40,25,7.5,700,20,MOP,60,Gram,97
30,47,30,6.758855822,700,32,Ferrous Sulphate,60,Gram,99
35,50,30,7,900,15,DAP,60,Gram,100
23,40,23,6,700,25,DAP,60,Gram,97
50,30,10,6.5,600,25,Hydrated Lime,60,Gram,100
30,45,25,6.460710751,800,19,DAP,60,Gram,98
30,43,21,6.904615086,800,21,Ferrous Sulphate,60,Gram,97
20,50,25,7,700,35,DAP,60,Gram,100
20,45,22,6.5,800,30,DAP,60,Gram,99
23,50,30,7,700,35,DAP,60,Gram,101
49,25,10,6,500,20,DAP,60,Gram,102
31,40,30,7,700,15,DAP,60,Gram,98
40,30,14,6.5,700,25,20:20:20 NPK,60,Gram,98
45,25,15,6.05228392,600,20,SSP,60,Gram,100
21,45,30,6.5,700,30,MOP,60,Gram,100
21,45,20,6.5,800,30,DAP,60,Gram,99
24,50,20,7,800,35,MOP,60,Gram,100
40,30,14,6.5,600,25,DAP,60,Gram,99
44,30,14,6.5,600,25,DAP,60,Gram,99
22,45,30,6.5,700,30,MOP,60,Gram,100
50,30,13,6.5,700,25,50:26:26 NPK,60,Gram,99
30,45,24,6.564515438,800,30,DAP,60,Gram,98
30,45,26,6.357043466,800,18,DAP,60,Gram,98
35,50,29,6.801728083,900,15,DAP,60,Gram,100
31,45,20,7.5,800,20,DAP,60,Gram,97
44,25,10,6,600,20,18:46:00 NPK,60,Gram,101
40,50,25,6.080114846,900,15,DAP,60,Gram,100
34,40,25,7.447408328,700,19,Hydrated Lime,60,Gram,97
22,50,27,7,700,35,DAP,60,Gram,100
25,50,25,7,700,35,DAP,60,Gram,100
32,45,22,7.047681715,800,20,DAP,60,Gram,97
40,40,28,7.178211152,700,16,Ferrous Sulphate,60,Gram,98
30,42,25,6.26320133,800,27,Ferrous Sulphate,60,Gram,97
26,48,30,6.865794761,700,33,DAP,60,Gram,100
50,30,10,6.5,700,25,SSP,60,Gram,100
49,25,15,6,600,20,Sulphur,60,Gram,100
23,45,20,6.5,800,30,DAP,60,Gram,98
24,40,30,6.07977234,700,25,DAP,60,Gram,98
20,45,20,6.5,800,30,DAP,60,Gram,99
30,45,28,6.109606994,800,16,Hydrated Lime,60,Gram,99
30,40,29,6.036202116,700,24,DAP,60,Gram,97
28,48,20,6.831552104,800,33,Ferrous Sulphate,60,Gram,99
20,44,25,6.408941042,800,29,DAP,60,Gram,99
32,45,20,7.5,800,20,DAP,60,Gram,97
43,30,11,6.5,600,25,Ferrous Sulphate,60,Gram,100
45,25,12,6,500,20,Ferrous Sulphate,60,Gram,101
50,30,12,6.5,600,25,Ferrous Sulphate,60,Gram,100
47,25,15,6,500,20,MOP,60,Gram,101
28,41,30,6.114227371,700,26,DAP,60,Gram,98
40,25,10,6,500,20,DAP,60,Gram,101
30,45,20,6.512603419,800,30,DAP,60,Gram,98
33,36,18,6.174837157,700,25,50:26:26 NPK,60,Gram,96
41,30,10,6.5,700,25,Sulphur,60,Gram,99
45,25,11,6,500,20,DAP,60,Gram,101
30,40,24,7.391702387,700,19,Hydrated Lime,60,Gram,97
50,25,10,6.015326251,600,20,18:46:00 NPK,60,Gram,101
25,48,20,6.871158556,800,33,Hydrated Lime,60,Gram,99
42,25,10,6,600,20,18:46:00 NPK,60,Gram,100
35,45,24,6.631727495,800,20,DAP,60,Gram,97
41,30,13,6.5,700,25,50:26:26 NPK,60,Gram,98
32,45,20,7.5,800,20,DAP,60,Gram,97
30,40,20,6,700,19,DAP,60,Gram,97
25,48,21,6.827032504,800,33,Ferrous Sulphate,60,Gram,99
46,25,10,6,600,20,18:46:00 NPK,60,Gram,101
40,45,20,7.481474346,800,19,DAP,60,Gram,98
50,29,15,6.479945404,600,24,DAP,60,Gram,100
30,45,20,7.367031496,800,20,DAP,60,Gram,97
37,40,27,7.289337704,700,17,Ferrous Sulphate,60,Gram,98
27,40,30,6,700,25,DAP,60,Gram,98
36,45,23,6.77474234,800,20,DAP,60,Gram,97
45,27,12,6.243334471,600,22,20:20:20 NPK,60,Gram,100
20,49,30,6.936711619,700,34,DAP,60,Gram,101
34,40,25,7.450350932,700,19,Hydrated Lime,60,Gram,97
27,42,30,6.210860463,700,27,Ferrous Sulphate,60,Gram,98
28,43,25,6.361586101,800,28,DAP,60,Gram,98
22,50,20,7,800,35,MOP,60,Gram,100
25,50,29,7,700,35,DAP,60,Gram,100
31,45,30,6,800,15,MOP,60,Gram,99
26,45,23,6.5,800,30,DAP,60,Gram,98
50,30,11,6.5,700,25,Ferrous Sulphate,60,Gram,100
41,30,11,6.5,600,25,Hydrated Lime,60,Gram,99
40,40,29,7.065783843,700,15,DAP,60,Gram,99
46,25,15,6,600,20,Sulphur,60,Gram,100
44,25,10,6,500,20,DAP,60,Gram,101
30,50,25,7,700,35,DAP,60,Gram,99
23,48,20,6.881228338,800,33,Hydrated Lime,60,Gram,99
40,25,10,6,500,20,DAP,60,Gram,101
40,30,14,6.5,600,25,DAP,60,Gram,99
40,30,10,6.5,600,25,Hydrated Lime,60,Gram,99
45,25,12,6,500,20,Ferrous Sulphate,60,Gram,101
41,30,10,6.5,700,25,Sulphur,60,Gram,99
44,29,10,6.435374951,600,24,MOP,60,Gram,100
47,30,12,6.5,600,25,Ferrous Sulphate,60,Gram,100
37,50,22,6.257408677,900,17,Ferrous Sulphate,60,Gram,98
25,45,23,6.5,800,30,DAP,60,Gram,98
37,45,20,7.5,800,20,DAP,60,Gram,97
30,40,20,6,700,15,DAP,60,Gram,97
40,25,11,6,500,20,Ferrous Sulphate,60,Gram,101
30,40,29,6.045881516,700,24,DAP,60,Gram,97
46,26,11,6.129066716,600,21,19:19:19 NPK,60,Gram,100
40,40,28,7.171631668,700,16,Ferrous Sulphate,60,Gram,98
31,50,30,7,900,15,DAP,60,Gram,100
40,30,13,6.5,600,25,DAP,60,Gram,99
49,30,10,6.5,600,25,MOP,60,Gram,100
39,45,20,7.5,800,20,DAP,60,Gram,97
42,27,12,6.226894771,600,22,20:20:20 NPK,60,Gram,100
28,41,25,6.118025232,800,26,Hydrated Lime,60,Gram,97
30,50,30,7,900,15,DAP,60,Gram,100
38,45,20,7.5,800,20,DAP,60,Gram,97
20,42,25,6.259886974,700,27,Ferrous Sulphate,60,Gram,98
28,50,20,7,800,35,MOP,60,Gram,99
50,25,15,6.085558317,600,20,Magnesium Sulphate,60,Gram,100
45,25,15,6,500,20,MOP,60,Gram,100
30,45,21,6.5,800,30,DAP,60,Gram,97
40,40,23,6.92571748,700,18,Ferrous Sulphate,60,Gram,97
36,50,20,6.5,900,20,MOP,60,Gram,98
40,45,24,6.667041908,800,20,DAP,60,Gram,98
20,40,21,6,700,25,DAP,60,Gram,97
45,30,15,6.5,600,25,DAP,60,Gram,99
40,50,23,6.131798992,900,16,DAP,60,Gram,99
36,40,21,6.504293209,700,16,Ferrous Sulphate,60,Gram,97
37,45,22,6.974630876,800,20,DAP,60,Gram,97
30,45,24,6.5,800,30,DAP,60,Gram,98
29,50,30,7,700,35,DAP,60,Gram,100
27,47,30,6.707322818,700,32,Ferrous Sulphate,60,Gram,100
29,50,25,7,700,35,DAP,60,Gram,99
36,50,26,6.20584121,900,15,DAP,60,Gram,99
39,40,25,7.5,700,20,MOP,60,Gram,97
43,25,10,6,600,20,18:46:00 NPK,60,Gram,101
40,25,10,6,500,20,DAP,60,Gram,101
37,40,30,7,700,15,DAP,60,Gram,98
30,40,30,6.031697154,700,25,DAP,60,Gram,97
39,40,29,7.01967177,700,15,DAP,60,Gram,98
30,40,20,6,700,16,DAP,60,Gram,97
45,30,12,6.5,700,25,Chilated Micronutrient,60,Gram,99
45,30,14,6.5,700,25,18:46:00 NPK,60,Gram,99
31,40,28,6.474234157,700,23,DAP,60,Gram,97
47,25,10,6,500,20,DAP,60,Gram,102
25,45,25,6.5,800,30,DAP,60,Gram,99
24,49,20,6.9258284,800,34,Hydrated Lime,60,Gram,99
20,45,20,6.5,800,30,DAP,60,Gram,99
24,45,20,6.5,800,30,DAP,60,Gram,98
34,45,20,7.5,800,20,DAP,60,Gram,97
44,25,10,6,600,20,18:46:00 NPK,60,Gram,101
48,30,10,6.5,700,25,Sulphur,60,Gram,100
20,45,20,6.5,800,30,DAP,60,Gram,99
47,25,12,6,500,20,Ferrous Sulphate,60,Gram,101
35,40,20,6,700,15,DAP,60,Gram,97
32,45,22,7.01115342,800,20,DAP,60,Gram,97
33,50,26,6.333135742,900,15,DAP,60,Gram,99
41,25,15,6,600,20,Sulphur,60,Gram,99
30,40,29,7.014986795,700,15,DAP,60,Gram,98
21,48,30,6.846035029,700,33,DAP,60,Gram,100
30,40,23,7.057021144,700,21,Hydrated Lime,60,Gram,96
45,26,15,6.100926726,600,21,Magnesium Sulphate,60,Gram,100
20,40,23,6,700,25,DAP,60,Gram,97
49,30,14,6.5,600,25,DAP,60,Gram,100
30,40,30,6.046950358,700,25,DAP,60,Gram,97
30,43,25,6.336301059,800,21,DAP,60,Gram,97
30,40,20,6,700,19,DAP,60,Gram,97
30,50,20,6.434071127,900,19,Hydrated Lime,60,Gram,98
35,40,25,7.5,700,20,MOP,60,Gram,96
36,40,23,7.038938928,700,18,Hydrated Lime,60,Gram,97
40,30,14,6.5,700,25,19:19:19 NPK,60,Gram,98
45,25,15,6,500,20,MOP,60,Gram,100
40,50,21,6.341624014,900,18,Hydrated Lime,60,Gram,99
50,30,12,6.5,600,25,Ferrous Sulphate,60,Gram,100
46,30,10,6.5,600,25,MOP,60,Gram,100
40,40,20,6.196642523,700,15,DAP,60,Gram,97
27,40,25,6,800,25,MOP,60,Gram,97
49,30,10,6.5,600,25,MOP,60,Gram,100
30,40,29,6.103576957,700,24,DAP,60,Gram,97
50,25,13,6,500,20,Hydrated Lime,60,Gram,101
46,25,15,6,500,20,MOP,60,Gram,101
38,50,20,6.5,900,20,MOP,60,Gram,98
28,40,20,6,700,25,DAP,60,Gram,96
26,40,20,6,700,25,DAP,60,Gram,96
26,50,26,7,700,35,DAP,60,Gram,100
30,50,25,7,700,35,DAP,60,Gram,99
50,30,13,6.5,600,25,Ferrous Sulphate,60,Gram,100
44,25,15,6,500,20,MOP,60,Gram,100
34,50,29,6.951787961,900,15,DAP,60,Gram,100
39,40,25,7.5,700,20,MOP,60,Gram,97
27,50,30,7,700,35,DAP,60,Gram,100
35,50,24,6.064623275,900,15,DAP,60,Gram,99
33,50,30,7,900,15,DAP,60,Gram,100
30,50,25,6.78350813,900,17,Ferrous Sulphate,60,Gram,99
30,40,26,7.369224605,700,18,Hydrated Lime,60,Gram,97
35,40,29,7.060742219,700,15,DAP,60,Gram,98
42,30,12,6.5,600,25,Ferrous Sulphate,60,Gram,99
21,45,20,6.5,800,30,DAP,60,Gram,99
30,50,26,6.833796693,900,16,DAP,60,Gram,100
41,30,10,6.5,700,25,MOP,60,Gram,99
41,30,10,6.5,600,25,MOP,60,Gram,99
23,40,25,6,800,25,MOP,60,Gram,98
47,30,10,6.5,700,25,Sulphur,60,Gram,100
20,45,25,6.5,800,30,DAP,60,Gram,99
30,44,30,6.439895472,700,29,Hydrated Lime,60,Gram,98
37,45,27,6.227755451,800,17,Ferrous Sulphate,60,Gram,98
39,50,25,6.00575866,900,15,DAP,60,Gram,100
20,48,21,6.837707085,800,33,Hydrated Lime,60,Gram,99
20,48,26,6.816769233,700,33,Ferrous Sulphate,60,Gram,100
40,45,26,6.594259037,800,16,Ferrous Sulphate,60,Gram,99
33,45,21,7.195467207,800,20,DAP,60,Gram,97
36,50,21,6.305720949,900,18,Ferrous Sulphate,60,Gram,98
25,40,24,6,700,25,DAP,60,Gram,97
42,25,15,6,600,20,Sulphur,60,Gram,100
36,40,20,6,700,15,DAP,60,Gram,97
45,30,11,6.5,700,25,MOP,60,Gram,99
45,25,10,6,500,20,DAP,60,Gram,101
21,45,30,6.5,700,30,MOP,60,Gram,100
48,25,11,6,500,20,DAP,60,Gram,101
50,28,15,6.309745173,600,23,Hydrated Lime,60,Gram,100
45,25,12,6,500,20,Ferrous Sulphate,60,Gram,101
38,45,20,7.5,800,20,DAP,60,Gram,97
20,40,25,6,800,25,MOP,60,Gram,98
42,30,12,6.5,600,25,Ferrous Sulphate,60,Gram,99
22,40,30,6,700,25,DAP,60,Gram,98
20,50,25,7,700,35,DAP,60,Gram,100
33,50,20,6.5,900,20,MOP,60,Gram,98
21,48,30,6.809902191,700,33,Ferrous Sulphate,60,Gram,100
36,45,20,7.5,800,20,DAP,60,Gram,97
45,27,12,6.290086185,600,22,50:26:26 NPK,60,Gram,100
37,50,27,6.533602547,900,15,DAP,60,Gram,100
40,40,23,6.392094907,700,15,DAP,60,Gram,97
36,50,28,6.764883262,900,15,DAP,60,Gram,100
20,45,29,6.593507131,700,30,Hydrated Lime,60,Gram,100
36,45,25,6.5,800,20,DAP,60,Gram,97
20,50,25,7,700,35,DAP,60,Gram,100
34,40,30,7,700,15,DAP,60,Gram,98
28,50,25,7,700,35,DAP,60,Gram,99
20,40,30,6,700,25,DAP,60,Gram,99
23,50,26,7,700,35,DAP,60,Gram,100
20,44,30,6.449015274,700,29,Hydrated Lime,60,Gram,100
21,40,20,6,700,25,DAP,60,Gram,97
20,49,30,6.963517272,700,34,DAP,60,Gram,101
45,30,10,6.5,700,25,Sulphur,60,Gram,99
30,45,25,6.5,800,20,DAP,60,Gram,98
41,26,11,6.175811344,600,21,20:20:20 NPK,60,Gram,100
20,50,29,7,700,35,DAP,60,Gram,101
22,47,20,6.74293588,800,32,Ferrous Sulphate,60,Gram,99
30,45,28,6.128388284,800,16,Hydrated Lime,60,Gram,99
43,30,15,6.5,700,25,18:46:00 NPK,60,Gram,98
38,45,30,6,800,15,MOP,60,Gram,99
44,25,10,6,600,20,18:46:00 NPK,60,Gram,101
30,42,30,6.230419362,700,27,Ferrous Sulphate,60,Gram,98
45,25,13,6,500,20,Hydrated Lime,60,Gram,101
43,25,10,6,600,20,18:46:00 NPK,60,Gram,101
33,40,30,7,700,15,DAP,60,Gram,98
41,30,10,6.5,700,25,Sulphur,60,Gram,99
44,25,15,6,600,20,Sulphur,60,Gram,100
20,45,24,6.5,800,30,DAP,60,Gram,99
45,30,14,6.5,600,25,DAP,60,Gram,99
33,40,25,7.5,700,20,MOP,60,Gram,97
30,40,20,6.272157522,700,24,DAP,60,Gram,96
40,45,22,7.025163384,800,20,DAP,60,Gram,97
41,30,13,6.5,600,25,DAP,60,Gram,99
41,30,10,6.5,700,25,Sulphur,60,Gram,99
22,45,30,6.5,700,30,MOP,60,Gram,100
40,28,15,6.371718608,600,23,Ferrous Sulphate,60,Gram,99
40,25,15,6,500,20,MOP,60,Gram,100
47,30,10,6.5,700,25,Sulphur,60,Gram,100
80,51,140,6,700,20,Ferrous Sulphate,45,Grapes,163
91,50,120,6.5,800,30,Ferrous Sulphate,45,Grapes,163
97,40,130,7,700,25,Hydrated Lime,45,Grapes,162
89,60,140,6,700,25,Ferrous Sulphate,45,Grapes,162
93,50,130,7,700,30,Ferrous Sulphate,45,Grapes,162
99,40,120,6,700,20,Ferrous Sulphate,45,Grapes,164
90,55,139,6,700,29,10:10:10 NPK,45,Grapes,163
93,60,140,6,700,25,Ferrous Sulphate,45,Grapes,163
93,55,125,7,700,20,Ferrous Sulphate,45,Grapes,163
90,55,139,6,700,28,10:10:10 NPK,45,Grapes,162
81,55,120,6.5,800,25,Hydrated Lime,45,Grapes,162
85,58,125,7,700,26,Ferrous Sulphate,45,Grapes,162
90,57,132,7.5,800,22,Ferrous Sulphate,45,Grapes,162
100,51,129,7,700,30,Ferrous Sulphate,45,Grapes,163
100,51,135,7.5,800,23,12:32:16 NPK,45,Grapes,162
84,40,125,6.5,800,30,10:10:10 NPK,45,Grapes,164
83,48,140,6,700,21,Ferrous Sulphate,45,Grapes,162
93,53,120,6.5,800,26,Ferrous Sulphate,45,Grapes,162
98,60,130,7.5,800,25,Ferrous Sulphate,45,Grapes,163
90,45,140,6,700,24,Ferrous Sulphate,45,Grapes,162
92,40,135,7.5,800,20,Ferrous Sulphate,45,Grapes,163
91,50,135,7.5,800,25,10:10:10 NPK,45,Grapes,161
88,45,135,7.5,800,30,Hydrated Lime,45,Grapes,163
88,45,130,7,700,20,10:10:10 NPK,45,Grapes,162
85,50,129,7,700,28,Ferrous Sulphate,45,Grapes,162
89,49,140,6,700,20,Ferrous Sulphate,45,Grapes,162
91,40,120,6,700,20,Ferrous Sulphate,45,Grapes,163
80,41,130,7,700,25,Ferrous Sulphate,45,Grapes,162
91,50,125,7,700,25,10:10:10 NPK,45,Grapes,161
96,58,125,7,700,27,Ferrous Sulphate,45,Grapes,163
85,48,130,7,700,29,Ferrous Sulphate,45,Grapes,162
91,40,140,6,700,30,10:10:10 NPK,45,Grapes,164
83,60,130,7.5,800,25,Ferrous Sulphate,45,Grapes,162
82,50,135,7.5,800,25,10:10:10 NPK,45,Grapes,161
90,46,128,7,700,21,10:10:10 NPK,45,Grapes,162
91,50,125,7,700,25,10:10:10 NPK,45,Grapes,161
95,57,120,6.5,800,22,20:20:20 NPK,45,Grapes,163
80,43,140,6,700,30,10:10:10 NPK,45,Grapes,164
83,40,125,6.5,800,30,10:10:10 NPK,45,Grapes,164
84,59,130,7.5,800,24,Ferrous Sulphate,45,Grapes,162
95,40,120,6,700,20,Ferrous Sulphate,45,Grapes,164
97,45,130,7,700,20,10:10:10 NPK,45,Grapes,163
100,40,125,6.599148583,700,22,Ferrous Sulphate,45,Grapes,163
94,40,135,7.5,800,20,Ferrous Sulphate,45,Grapes,163
84,60,135,6,700,20,10:10:10 NPK,45,Grapes,164
95,50,140,6,700,20,Hydrated Lime,45,Grapes,162
84,40,120,6,700,20,Ferrous Sulphate,45,Grapes,164
97,60,120,6.5,800,20,10:10:10 NPK,45,Grapes,164
96,55,120,6.5,800,25,Hydrated Lime,45,Grapes,162
89,49,125,7,700,24,10:10:10 NPK,45,Grapes,161
94,50,120,6.5,800,29,Ferrous Sulphate,45,Grapes,162
90,55,135,7.5,800,20,Ferrous Sulphate,45,Grapes,163
97,60,125,7,700,30,Hydrated Lime,45,Grapes,164
83,58,125,7,700,26,Ferrous Sulphate,45,Grapes,163
80,45,124,6.5,800,25,Ferrous Sulphate,45,Grapes,162
85,43,140,6,700,26,50:26:26 NPK,45,Grapes,162
85,45,124,6.5,800,25,Ferrous Sulphate,45,Grapes,162
82,55,140,6,700,30,10:10:10 NPK,45,Grapes,164
88,55,135,7.5,800,20,Ferrous Sulphate,45,Grapes,163
87,50,125,7,700,25,10:10:10 NPK,45,Grapes,161
97,40,135,7.5,800,20,Ferrous Sulphate,45,Grapes,164
89,40,120,6,700,20,Ferrous Sulphate,45,Grapes,163
90,44,135,7.5,800,29,Ferrous Sulphate,45,Grapes,163
97,50,125,7,700,25,10:10:10 NPK,45,Grapes,161
84,60,140,6,700,25,Ferrous Sulphate,45,Grapes,163
80,55,134,7.5,800,20,Ferrous Sulphate,45,Grapes,163
80,49,140,6,700,20,Ferrous Sulphate,45,Grapes,163
85,50,125,7,700,25,10:10:10 NPK,45,Grapes,161
94,45,130,7,700,20,10:10:10 NPK,45,Grapes,162
88,55,140,6,700,30,10:10:10 NPK,45,Grapes,163
95,40,124,6.481161943,700,22,Ferrous Sulphate,45,Grapes,163
97,40,130,7,700,25,Hydrated Lime,45,Grapes,162
86,55,125,7,700,20,Ferrous Sulphate,45,Grapes,163
89,55,125,7,700,20,Ferrous Sulphate,45,Grapes,163
83,40,130,7,700,25,Hydrated Lime,45,Grapes,162
95,45,135,7.5,800,30,Hydrated Lime,45,Grapes,163
90,54,120,6.5,800,25,Ferrous Sulphate,45,Grapes,162
80,46,130,7,700,28,Ferrous Sulphate,45,Grapes,162
93,55,140,6,700,30,10:10:10 NPK,45,Grapes,163
90,52,132,7.5,800,27,10:10:10 NPK,45,Grapes,162
80,44,125,6.580144384,800,24,Ferrous Sulphate,45,Grapes,162
95,58,131,7.5,800,23,Ferrous Sulphate,45,Grapes,162
96,45,125,6.5,800,25,Ferrous Sulphate,45,Grapes,162
88,45,130,7,700,20,10:10:10 NPK,45,Grapes,162
90,40,124,6.452217941,700,22,Ferrous Sulphate,45,Grapes,163
90,52,128,7,700,30,Ferrous Sulphate,45,Grapes,162
97,40,140,6,700,30,10:10:10 NPK,45,Grapes,164
94,54,120,6.5,800,25,Ferrous Sulphate,45,Grapes,162
80,40,125,6.5,800,29,10:26:26 NPK,45,Grapes,164
95,55,125,7,700,20,Ferrous Sulphate,45,Grapes,163
94,50,130,7,700,30,Ferrous Sulphate,45,Grapes,162
99,40,125,6.5,800,30,10:10:10 NPK,45,Grapes,164
96,60,130,7.5,800,25,Ferrous Sulphate,45,Grapes,162
95,52,132,7.5,800,27,10:10:10 NPK,45,Grapes,162
91,40,135,7.5,800,20,Ferrous Sulphate,45,Grapes,163
94,45,140,6,700,24,Ferrous Sulphate,45,Grapes,162
96,45,135,7.5,800,30,Hydrated Lime,45,Grapes,163
80,40,135,7.5,800,21,Ferrous Sulphate,45,Grapes,164
80,60,130,7.5,800,25,Ferrous Sulphate,45,Grapes,163
84,60,120,6.5,800,20,10:10:10 NPK,45,Grapes,164
97,45,125,6.5,800,25,Ferrous Sulphate,45,Grapes,162
80,45,124,6.5,800,25,Ferrous Sulphate,45,Grapes,162
85,44,125,6.5,800,25,DAP,45,Grapes,162
82,55,140,6,700,30,10:10:10 NPK,45,Grapes,164
85,47,122,6.5,800,27,Ferrous Sulphate,45,Grapes,162
99,45,124,6.5,800,25,Ferrous Sulphate,45,Grapes,162
80,43,140,6,700,26,Ammonium Sulphate,45,Grapes,163
83,45,140,6,700,25,Ferrous Sulphate,45,Grapes,162
91,50,125,7,700,25,10:10:10 NPK,45,Grapes,161
98,56,133,7.5,800,21,Ferrous Sulphate,45,Grapes,163
98,45,120,6.5,800,20,10:10:10 NPK,45,Grapes,163
89,60,135,6,700,20,10:10:10 NPK,45,Grapes,163
87,55,125,7,700,20,Ferrous Sulphate,45,Grapes,163
88,40,120,6,700,20,Ferrous Sulphate,45,Grapes,163
94,55,140,6,700,30,10:10:10 NPK,45,Grapes,163
80,43,140,6,700,26,Ammonium Sulphate,45,Grapes,163
100,42,135,7.5,800,24,Ferrous Sulphate,45,Grapes,163
89,40,135,7.5,800,20,Ferrous Sulphate,45,Grapes,163
87,55,140,6,700,30,10:10:10 NPK,45,Grapes,163
90,40,124,6.400763061,700,22,Ferrous Sulphate,45,Grapes,163
85,50,125,7,700,25,10:10:10 NPK,45,Grapes,161
90,55,125,7,700,20,Ferrous Sulphate,45,Grapes,163
100,50,125,7,700,25,12:32:16 NPK,45,Grapes,162
90,60,120,6.5,800,20,10:10:10 NPK,45,Grapes,163
80,50,125,7,700,25,10:10:10 NPK,45,Grapes,162
98,55,135,7.5,800,20,Ferrous Sulphate,45,Grapes,163
83,58,131,7.5,800,23,Ferrous Sulphate,45,Grapes,162
81,45,140,6,700,25,Ferrous Sulphate,45,Grapes,162
82,60,120,6.5,800,20,10:10:10 NPK,45,Grapes,164
99,45,130,7,700,20,10:10:10 NPK,45,Grapes,163
94,45,120,6.5,800,20,10:10:10 NPK,45,Grapes,163
86,45,125,6.5,800,25,Ferrous Sulphate,45,Grapes,162
100,49,140,6,700,30,10:10:10 NPK,45,Grapes,163
85,45,129,7,700,20,10:10:10 NPK,45,Grapes,163
92,60,120,6.5,800,20,10:10:10 NPK,45,Grapes,164
88,55,135,7.5,800,20,Ferrous Sulphate,45,Grapes,163
86,55,130,7.5,800,30,10:10:10 NPK,45,Grapes,163
84,50,125,7,700,25,10:10:10 NPK,45,Grapes,161
98,50,125,7,700,25,10:10:10 NPK,45,Grapes,161
83,48,121,6.5,800,28,Ferrous Sulphate,45,Grapes,163
95,60,135,6,700,20,10:26:26 NPK,45,Grapes,164
88,50,125,7,700,25,10:10:10 NPK,45,Grapes,161
91,53,120,6.5,800,26,Ferrous Sulphate,45,Grapes,162
84,55,120,6.5,800,25,Hydrated Lime,45,Grapes,162
86,40,140,6,700,30,10:10:10 NPK,45,Grapes,164
96,51,120,6.5,800,28,Ferrous Sulphate,45,Grapes,162
100,59,125,7,700,28,Ferrous Sulphate,45,Grapes,163
80,60,120,6.5,800,20,10:10:10 NPK,45,Grapes,164
86,50,135,7.5,800,25,10:10:10 NPK,45,Grapes,161
96,58,136,6,700,23,10:10:10 NPK,45,Grapes,163
83,41,135,7.5,800,22,Ferrous Sulphate,45,Grapes,163
82,40,135,7.5,800,20,Ferrous Sulphate,45,Grapes,164
93,45,135,7.5,800,30,Hydrated Lime,45,Grapes,163
85,40,130,7,700,25,Ferrous Sulphate,45,Grapes,162
85,59,125,7,700,30,Ferrous Sulphate,45,Grapes,164
86,55,125,7,700,20,Ferrous Sulphate,45,Grapes,163
90,45,140,6,700,25,Ferrous Sulphate,45,Grapes,162
95,49,140,6,700,20,Ferrous Sulphate,45,Grapes,162
97,57,137,6,700,24,10:10:10 NPK,45,Grapes,162
85,57,120,6.5,800,22,19:19:19 NPK,45,Grapes,163
100,55,125,7,700,21,Ferrous Sulphate,45,Grapes,163
93,60,135,6,700,20,10:10:10 NPK,45,Grapes,163
96,55,125,7,700,20,Ferrous Sulphate,45,Grapes,163
87,60,120,6.5,800,20,10:10:10 NPK,45,Grapes,164
93,60,140,6,700,25,Ferrous Sulphate,45,Grapes,163
100,57,132,7.5,800,22,Ferrous Sulphate,45,Grapes,163
93,50,120,6.5,800,30,Ferrous Sulphate,45,Grapes,163
83,50,125,7,700,25,10:10:10 NPK,45,Grapes,161
90,40,130,7,700,25,Hydrated Lime,45,Grapes,162
82,42,140,6,700,27,20:20:20 NPK,45,Grapes,163
92,40,135,7.5,800,20,Ferrous Sulphate,45,Grapes,163
88,40,135,7.5,800,20,Ferrous Sulphate,45,Grapes,163
99,60,140,6,700,25,Ferrous Sulphate,45,Grapes,163
82,60,135,6,700,20,10:10:10 NPK,45,Grapes,164
99,59,135,6,700,21,10:10:10 NPK,45,Grapes,163
89,55,135,7.5,800,20,Ferrous Sulphate,45,Grapes,163
94,60,140,6,700,25,Ferrous Sulphate,45,Grapes,163
88,40,120,6,700,20,Ferrous Sulphate,45,Grapes,163
95,58,140,6,700,26,Ammonium Sulphate,45,Grapes,163
97,50,125,7,700,25,10:10:10 NPK,45,Grapes,161
99,55,139,6,700,29,10:10:10 NPK,45,Grapes,163
83,41,135,7.5,800,22,Ferrous Sulphate,45,Grapes,163
82,47,140,6,700,22,Ferrous Sulphate,45,Grapes,162
83,43,121,6.5,800,23,10:10:10 NPK,45,Grapes,163
80,47,130,7,700,28,Ferrous Sulphate,45,Grapes,162
95,45,140,6,700,25,Ferrous Sulphate,45,Grapes,162
91,60,120,6.5,800,20,10:10:10 NPK,45,Grapes,164
90,45,124,6.5,800,25,Ferrous Sulphate,45,Grapes,161
80,57,137,6,700,24,10:10:10 NPK,45,Grapes,163
86,50,135,7.5,800,25,10:10:10 NPK,45,Grapes,161
100,57,140,6,700,23,Ferrous Sulphate,45,Grapes,163
80,45,140,6,700,25,Ferrous Sulphate,45,Grapes,162
95,40,135,7.5,800,20,Ferrous Sulphate,45,Grapes,163
80,44,135,7.5,800,28,Ferrous Sulphate,45,Grapes,163
85,60,137,6,700,22,20:20:20 NPK,45,Grapes,163
97,50,135,7.5,800,25,10:10:10 NPK,45,Grapes,161
92,40,140,6,700,30,10:10:10 NPK,45,Grapes,164
95,43,121,6.5,800,23,10:10:10 NPK,45,Grapes,163
85,55,139,6,700,28,10:10:10 NPK,45,Grapes,163
81,55,140,6,700,30,10:10:10 NPK,45,Grapes,164
99,59,140,6,700,24,Ferrous Sulphate,45,Grapes,163
89,50,135,7.5,800,25,10:10:10 NPK,45,Grapes,161
84,55,120,6.5,800,25,Hydrated Lime,45,Grapes,162
81,55,125,7,700,20,Ferrous Sulphate,45,Grapes,163
94,55,120,6.5,800,25,Hydrated Lime,45,Grapes,162
83,48,140,6,700,21,Ferrous Sulphate,45,Grapes,162
96,55,120,6.5,800,25,Hydrated Lime,45,Grapes,162
90,40,140,6,700,30,10:10:10 NPK,45,Grapes,164
90,40,125,6.5,800,30,10:10:10 NPK,45,Grapes,163
100,42,122,6.5,800,25,10:10:10 NPK,45,Grapes,163
91,58,131,7.5,800,23,Ferrous Sulphate,45,Grapes,162
82,50,125,7,700,25,10:10:10 NPK,45,Grapes,161
90,54,120,6.5,800,25,Ferrous Sulphate,45,Grapes,162
100,55,125,7,700,21,Ferrous Sulphate,45,Grapes,163
83,45,130,7,700,20,10:10:10 NPK,45,Grapes,163
89,45,140,6,700,24,Ferrous Sulphate,45,Grapes,162
100,41,135,7.5,800,23,Ferrous Sulphate,45,Grapes,163
88,60,135,6,700,20,10:10:10 NPK,45,Grapes,163
86,40,130,7,700,25,Hydrated Lime,45,Grapes,162
95,41,123,6.5,800,27,10:10:10 NPK,45,Grapes,163
98,55,120,6.5,800,25,Hydrated Lime,45,Grapes,162
100,60,138,6,700,23,50:26:26 NPK,45,Grapes,163
100,48,126,7,700,23,10:10:10 NPK,45,Grapes,162
85,40,120,6,700,20,Ferrous Sulphate,45,Grapes,164
84,50,140,6,700,20,Hydrated Lime,45,Grapes,163
80,43,136,6.336328835,700,25,Ferrous Sulphate,45,Grapes,162
80,59,125,7,700,29,Ferrous Sulphate,45,Grapes,164
93,45,125,6.5,800,25,Ferrous Sulphate,45,Grapes,162
86,46,128,7,700,21,10:10:10 NPK,45,Grapes,162
85,40,120,6.031183135,700,20,Ferrous Sulphate,45,Grapes,164
87,60,120,6.5,800,20,10:10:10 NPK,45,Grapes,164
97,57,132,7.5,800,22,Ferrous Sulphate,45,Grapes,163
85,55,140,6,700,30,10:10:10 NPK,45,Grapes,163
82,40,125,6.5,800,30,10:10:10 NPK,45,Grapes,164
85,45,140,6,700,25,Ferrous Sulphate,45,Grapes,162
80,46,128,7,700,21,10:10:10 NPK,45,Grapes,163
80,57,126,7,700,30,Ferrous Sulphate,45,Grapes,164
94,58,140,6,700,24,Ferrous Sulphate,45,Grapes,162
89,55,130,7.5,800,30,10:10:10 NPK,45,Grapes,163
96,56,138,6,700,27,10:10:10 NPK,45,Grapes,163
97,47,140,6,700,22,Ferrous Sulphate,45,Grapes,162
100,48,140,6,700,21,Ferrous Sulphate,45,Grapes,163
82,55,140,6,700,22,Ferrous Sulphate,45,Grapes,163
80,41,132,6.753597967,700,25,Ferrous Sulphate,45,Grapes,162
88,60,120,6.5,800,20,10:10:10 NPK,45,Grapes,164
86,60,140,6,700,25,Ferrous Sulphate,45,Grapes,163
81,43,140,6,700,26,50:26:26 NPK,45,Grapes,163
100,56,125,7,700,22,Ferrous Sulphate,45,Grapes,163
97,57,132,7.5,800,22,Ferrous Sulphate,45,Grapes,163
81,46,128,7,700,21,10:10:10 NPK,45,Grapes,162
90,54,120,6.5,800,25,Ferrous Sulphate,45,Grapes,162
90,49,125,7,700,24,10:10:10 NPK,45,Grapes,161
89,45,130,7,700,20,10:10:10 NPK,45,Grapes,162
80,59,130,7.5,800,25,DAP,45,Grapes,163
100,42,135,7.5,800,24,Ferrous Sulphate,45,Grapes,163
81,45,135,7.5,800,30,Hydrated Lime,45,Grapes,163
82,42,140,6,700,27,19:19:19 NPK,45,Grapes,163
90,40,135,7.5,800,20,Ferrous Sulphate,45,Grapes,163
85,43,125,6.5,800,26,Ammonium Sulphate,45,Grapes,162
99,54,130,7.5,800,29,10:10:10 NPK,45,Grapes,163
83,45,140,6,700,25,Ferrous Sulphate,45,Grapes,162
85,48,121,6.5,800,28,Ferrous Sulphate,45,Grapes,162
85,50,129,7,700,28,Ferrous Sulphate,45,Grapes,162
95,53,126,7,700,22,Ferrous Sulphate,45,Grapes,162
97,55,127,7,700,30,Ferrous Sulphate,45,Grapes,163
97,40,120,6,700,20,Ferrous Sulphate,45,Grapes,164
90,49,120,6.5,800,29,Ferrous Sulphate,45,Grapes,162
94,60,120,6.5,800,20,10:10:10 NPK,45,Grapes,164
90,59,125,7,700,30,Ferrous Sulphate,45,Grapes,163
90,46,128,7,700,21,10:10:10 NPK,45,Grapes,162
90,54,120,6.5,800,25,Ferrous Sulphate,45,Grapes,162
86,45,135,7.5,800,30,Hydrated Lime,45,Grapes,163
80,47,122,6.5,800,27,Ferrous Sulphate,45,Grapes,163
84,60,120,6.5,800,20,10:10:10 NPK,45,Grapes,164
80,45,135,7.5,800,30,Hydrated Lime,45,Grapes,163
85,56,138,6,700,26,10:10:10 NPK,45,Grapes,162
85,43,135,7.5,800,27,Ferrous Sulphate,45,Grapes,163
89,60,130,7.5,800,25,Ferrous Sulphate,45,Grapes,162
80,59,125,7,700,29,Ferrous Sulphate,45,Grapes,164
99,40,140,6,700,30,10:10:10 NPK,45,Grapes,164
95,45,120,6.5,800,20,10:10:10 NPK,45,Grapes,163
90,50,135,7.5,800,25,10:10:10 NPK,45,Grapes,161
91,45,125,6.5,800,25,Ferrous Sulphate,45,Grapes,162
88,40,140,6,700,30,10:10:10 NPK,45,Grapes,164
90,40,120,6,700,20,Ferrous Sulphate,45,Grapes,163
100,45,129,7,700,20,10:10:10 NPK,45,Grapes,163
95,57,140,6,700,27,20:20:20 NPK,45,Grapes,163
85,46,128,7,700,21,10:10:10 NPK,45,Grapes,162
80,59,130,7.5,800,24,Ferrous Sulphate,45,Grapes,163
99,45,125,6.5,800,25,Ferrous Sulphate,45,Grapes,162
100,53,128,7,700,30,Ferrous Sulphate,45,Grapes,163
91,40,140,6,700,30,10:10:10 NPK,45,Grapes,164
96,58,131,7.5,800,23,Ferrous Sulphate,45,Grapes,162
90,45,125,6.5,800,25,Ferrous Sulphate,45,Grapes,161
81,43,135,7.5,800,26,Ferrous Sulphate,45,Grapes,163
94,55,120,6.5,800,25,Hydrated Lime,45,Grapes,162
100,56,133,7.5,800,21,Ferrous Sulphate,45,Grapes,163
80,48,140,6,700,21,Ferrous Sulphate,45,Grapes,163
88,50,135,7.5,800,25,10:10:10 NPK,45,Grapes,161
89,60,135,6,700,20,10:10:10 NPK,45,Grapes,163
96,58,131,7.5,800,23,Ferrous Sulphate,45,Grapes,162
96,60,140,6,700,25,Ferrous Sulphate,45,Grapes,163
95,50,135,7.5,800,25,10:10:10 NPK,45,Grapes,161
80,48,130,7,700,29,Ferrous Sulphate,45,Grapes,162
89,45,130,7,700,20,10:10:10 NPK,45,Grapes,162
89,40,130,7,700,25,Hydrated Lime,45,Grapes,162
97,47,140,6,700,22,Ferrous Sulphate,45,Grapes,162
80,44,120,6.5,800,20,10:10:10 NPK,45,Grapes,164
87,40,120,6,700,20,Ferrous Sulphate,45,Grapes,163
99,50,125,7,700,25,10:10:10 NPK,45,Grapes,161
91,50,125,7,700,25,10:10:10 NPK,45,Grapes,161
96,46,140,6,700,23,Ferrous Sulphate,45,Grapes,162
85,45,135,7.5,800,30,Hydrated Lime,45,Grapes,163
84,47,127,7,700,22,10:10:10 NPK,45,Grapes,162
83,60,130,7.5,800,25,Ferrous Sulphate,45,Grapes,162
94,40,135,7.5,800,20,Ferrous Sulphate,45,Grapes,163
84,50,140,6,700,20,Ferrous Sulphate,45,Grapes,163
87,40,135,7.5,800,20,Ferrous Sulphate,45,Grapes,163
97,60,120,6.5,800,20,10:10:10 NPK,45,Grapes,164
82,50,135,7.5,800,25,10:10:10 NPK,45,Grapes,161
82,45,125,6.5,800,25,Ferrous Sulphate,45,Grapes,162
80,58,131,7.5,800,23,Ferrous Sulphate,45,Grapes,163
91,45,120,6.5,800,20,10:10:10 NPK,45,Grapes,163
85,46,140,6,700,23,Ferrous Sulphate,45,Grapes,162
100,44,140,6,700,30,10:10:10 NPK,45,Grapes,164
86,40,140,6,700,30,10:10:10 NPK,45,Grapes,164
88,45,125,6.5,800,25,Ferrous Sulphate,45,Grapes,162
95,40,120,6.04209319,700,20,Ferrous Sulphate,45,Grapes,164
99,50,140,6,700,20,Hydrated Lime,45,Grapes,163
85,40,140,6,700,30,10:10:10 NPK,45,Grapes,164
100,42,130,7.072226866,800,22,Ferrous Sulphate,45,Grapes,163
98,55,125,7,700,20,Ferrous Sulphate,45,Grapes,163
88,40,125,6.5,800,30,10:10:10 NPK,45,Grapes,164
93,55,135,7.5,800,20,Ferrous Sulphate,45,Grapes,163
80,55,125,7,700,20,Ferrous Sulphate,45,Grapes,163
83,50,130,7,700,30,Ferrous Sulphate,45,Grapes,162
100,50,125,7,700,25,10:10:10 NPK,45,Grapes,162
85,50,135,7.5,800,25,10:10:10 NPK,45,Grapes,161
100,55,140,6,700,29,10:26:26 NPK,45,Grapes,163
95,44,120,6.5,800,20,10:10:10 NPK,45,Grapes,163
87,47,140,6,700,22,Ferrous Sulphate,45,Grapes,162
88,50,125,7,700,25,10:10:10 NPK,45,Grapes,161
94,55,120,6.5,800,25,Hydrated Lime,45,Grapes,162
80,59,140,6,700,24,Ferrous Sulphate,45,Grapes,163
80,52,128,7,700,30,Ferrous Sulphate,45,Grapes,163
95,45,124,6.5,800,25,Ferrous Sulphate,45,Grapes,162
83,60,135,6,700,20,10:10:10 NPK,45,Grapes,164
96,40,130,7,700,25,Hydrated Lime,45,Grapes,162
80,44,130,7,700,27,Ferrous Sulphate,45,Grapes,162
100,48,126,7,700,23,10:10:10 NPK,45,Grapes,162
95,60,135,6,700,20,10:26:26 NPK,45,Grapes,164
83,40,120,6,700,20,Ferrous Sulphate,45,Grapes,164
80,58,140,6,700,24,Ferrous Sulphate,45,Grapes,163
96,50,135,7.5,800,25,10:10:10 NPK,45,Grapes,161
100,51,121,6.5,800,25,Ferrous Sulphate,45,Grapes,162
100,45,124,6.5,800,25,Ferrous Sulphate,45,Grapes,162
95,49,130,7,700,29,Ferrous Sulphate,45,Grapes,162
95,55,125,7,700,21,Ferrous Sulphate,45,Grapes,163
80,60,140,6,700,25,Ferrous Sulphate,45,Grapes,163
90,50,140,6,700,20,Ferrous Sulphate,45,Grapes,162
80,60,135,6,700,20,10:26:26 NPK,45,Grapes,164
88,50,130,7,700,30,Ferrous Sulphate,45,Grapes,162
96,55,120,6.5,800,25,Hydrated Lime,45,Grapes,162
100,51,128,7,700,26,Ferrous Sulphate,45,Grapes,162
94,60,140,6,700,25,Ferrous Sulphate,45,Grapes,163
88,40,125,6.5,800,30,10:10:10 NPK,45,Grapes,164
92,40,135,7.5,800,20,Ferrous Sulphate,45,Grapes,163
87,50,130,7,700,30,Ferrous Sulphate,45,Grapes,162
95,40,140,6,700,30,10:10:10 NPK,45,Grapes,164
97,55,135,7.5,800,20,Ferrous Sulphate,45,Grapes,163
89,60,140,6,700,25,Ferrous Sulphate,45,Grapes,162
84,49,125,7,700,24,10:10:10 NPK,45,Grapes,161
84,60,135,6,700,20,10:10:10 NPK,45,Grapes,164
90,58,131,7.5,800,23,Ferrous Sulphate,45,Grapes,162
89,60,120,6.5,800,20,10:10:10 NPK,45,Grapes,164
91,40,130,7,700,25,Hydrated Lime,45,Grapes,162
99,50,135,7.5,800,25,10:10:10 NPK,45,Grapes,162
100,54,120,6.5,800,25,Ferrous Sulphate,45,Grapes,162
80,55,130,7.5,800,30,10:10:10 NPK,45,Grapes,163
93,60,120,6.5,800,20,10:10:10 NPK,45,Grapes,164
82,55,135,7.5,800,20,Ferrous Sulphate,45,Grapes,163
80,45,130,7,700,20,10:10:10 NPK,45,Grapes,163
82,52,120,6.5,800,27,Ferrous Sulphate,45,Grapes,162
88,55,135,7.5,800,20,Ferrous Sulphate,45,Grapes,163
85,45,132,7.240246216,800,28,Ferrous Sulphate,45,Grapes,162
95,58,140,6,700,26,50:26:26 NPK,45,Grapes,163
95,45,130,7,700,27,Ferrous Sulphate,45,Grapes,162
100,45,124,6.5,800,25,Ferrous Sulphate,45,Grapes,162
92,55,135,7.5,800,20,Ferrous Sulphate,45,Grapes,163
80,58,125,7,700,26,Ferrous Sulphate,45,Grapes,163
80,55,140,6,700,29,10:10:10 NPK,45,Grapes,163
86,55,140,6,700,30,10:10:10 NPK,45,Grapes,163
100,52,127,7,700,24,Ferrous Sulphate,45,Grapes,162
87,50,120,6.5,800,30,Ferrous Sulphate,45,Grapes,163
97,55,120,6.5,800,25,Hydrated Lime,45,Grapes,162
84,50,125,7,700,25,10:10:10 NPK,45,Grapes,161
91,60,135,6,700,20,10:10:10 NPK,45,Grapes,163
96,45,135,7.5,800,30,Hydrated Lime,45,Grapes,163
80,42,135,6.434268036,700,25,Ferrous Sulphate,45,Grapes,162
86,60,125,7,700,30,Hydrated Lime,45,Grapes,164
100,40,128,6.878629986,700,24,Ferrous Sulphate,45,Grapes,163
92,40,140,6,700,30,10:10:10 NPK,45,Grapes,164
100,51,135,7.5,800,23,13:32:26 NPK,45,Grapes,162
80,54,135,7.5,800,20,Chilated Micronutrient,45,Grapes,163
100,59,135,6,700,21,10:10:10 NPK,45,Grapes,163
91,50,120,6.5,800,30,Ferrous Sulphate,45,Grapes,163
93,60,135,6,700,20,10:10:10 NPK,45,Grapes,163
100,56,140,6,700,23,Ferrous Sulphate,45,Grapes,163
98,40,140,6,700,30,10:10:10 NPK,45,Grapes,164
98,40,120,6,700,20,Ferrous Sulphate,45,Grapes,164
86,55,120,6.5,800,25,Hydrated Lime,45,Grapes,162
86,40,130,7,700,25,Hydrated Lime,45,Grapes,162
100,55,134,7.5,800,20,Ferrous Sulphate,45,Grapes,163
89,49,125,7,700,24,10:10:10 NPK,45,Grapes,161
99,55,125,7,700,20,Ferrous Sulphate,45,Grapes,163
80,44,126,6.674183249,800,24,Ferrous Sulphate,45,Grapes,162
95,45,120,6.5,800,20,10:26:26 NPK,45,Grapes,163
80,51,120,6.5,800,28,Ferrous Sulphate,45,Grapes,163
82,60,135,6,700,20,10:10:10 NPK,45,Grapes,164
93,40,130,7,700,25,Hydrated Lime,45,Grapes,162
80,50,134,7.5,800,25,10:10:10 NPK,45,Grapes,162
90,45,140,6,700,25,Ferrous Sulphate,45,Grapes,162
95,47,127,7,700,22,10:10:10 NPK,45,Grapes,162
95,45,124,6.5,800,25,Ferrous Sulphate,45,Grapes,162
86,50,125,7,700,25,10:10:10 NPK,45,Grapes,161
85,45,128,6.883073082,800,26,Ferrous Sulphate,45,Grapes,162
90,40,135,7.5,800,20,Ferrous Sulphate,45,Grapes,163
86,40,120,6,700,20,Ferrous Sulphate,45,Grapes,164
86,60,135,6,700,20,10:10:10 NPK,45,Grapes,163
80,46,140,6,700,23,Ferrous Sulphate,45,Grapes,162
80,45,130,7,700,27,Ferrous Sulphate,45,Grapes,162
92,60,130,7.5,800,25,Ferrous Sulphate,45,Grapes,162
85,45,124,6.5,800,25,Ferrous Sulphate,45,Grapes,162
82,55,135,7.5,800,20,Ferrous Sulphate,45,Grapes,163
82,57,137,6,700,25,10:10:10 NPK,45,Grapes,162
89,60,135,6,700,20,10:10:10 NPK,45,Grapes,163
95,46,140,6,700,23,Ferrous Sulphate,45,Grapes,162
90,53,140,6,700,21,Ferrous Sulphate,45,Grapes,162
90,60,135,6,700,20,10:10:10 NPK,45,Grapes,163
99,50,135,7.5,800,25,10:10:10 NPK,45,Grapes,162
84,40,140,6,700,30,10:10:10 NPK,45,Grapes,164
95,56,133,7.5,800,21,Ferrous Sulphate,45,Grapes,163
100,50,129,7,700,29,Ferrous Sulphate,45,Grapes,162
90,46,140,6,700,23,Ferrous Sulphate,45,Grapes,162
83,40,135,7.5,800,20,Ferrous Sulphate,45,Grapes,164
95,45,140,6,700,24,Ferrous Sulphate,45,Grapes,162
85,45,135,7.5,800,30,Hydrated Lime,45,Grapes,163
95,41,135,7.5,800,23,Ferrous Sulphate,45,Grapes,163
81,55,125,7,700,20,Ferrous Sulphate,45,Grapes,163
94,50,135,7.5,800,25,10:10:10 NPK,45,Grapes,161
95,59,130,7.5,800,24,Ferrous Sulphate,45,Grapes,162
100,40,124,6.5,800,29,10:10:10 NPK,45,Grapes,164
95,55,135,7.5,800,20,Ferrous Sulphate,45,Grapes,163
82,50,135,7.5,800,25,10:10:10 NPK,45,Grapes,161
90,45,125,6.5,800,25,Ferrous Sulphate,45,Grapes,161
95,52,128,7,700,30,Ferrous Sulphate,45,Grapes,163
100,40,140,6,700,30,10:10:10 NPK,45,Grapes,164
80,45,134,7.477876448,800,29,Ferrous Sulphate,45,Grapes,163
93,55,140,6,700,30,10:10:10 NPK,45,Grapes,163
100,44,130,7,700,27,Ferrous Sulphate,45,Grapes,162
93,50,130,7,700,30,Ferrous Sulphate,45,Grapes,162
96,55,130,7.5,800,30,10:10:10 NPK,45,Grapes,163
92,55,120,6.5,800,25,Hydrated Lime,45,Grapes,162
97,40,135,7.5,800,20,Ferrous Sulphate,45,Grapes,164
95,40,129,6.9971245,700,24,Ferrous Sulphate,45,Grapes,162
80,52,132,7.5,800,27,10:10:10 NPK,45,Grapes,162
92,60,135,6,700,20,10:10:10 NPK,45,Grapes,163
99,40,135,7.5,800,20,Ferrous Sulphate,45,Grapes,164
91,53,120,6.5,800,26,Ferrous Sulphate,45,Grapes,162
91,60,120,6.5,800,20,10:10:10 NPK,45,Grapes,164
81,55,135,7.5,800,20,Ferrous Sulphate,45,Grapes,163
90,40,130,7,700,25,Ferrous Sulphate,45,Grapes,162
83,58,125,7,700,26,Ferrous Sulphate,45,Grapes,163
85,43,135,7.5,800,26,Ferrous Sulphate,45,Grapes,162
87,50,125,7,700,25,10:10:10 NPK,45,Grapes,161
89,40,140,6,700,30,10:10:10 NPK,45,Grapes,164
95,60,125,7,700,30,Hydrated Lime,45,Grapes,164
95,42,122,6.5,800,25,10:10:10 NPK,45,Grapes,162
95,40,130,7,700,25,Ferrous Sulphate,45,Grapes,162
97,57,132,7.5,800,22,Ferrous Sulphate,45,Grapes,163
96,40,135,7.5,800,20,Ferrous Sulphate,45,Grapes,164
94,40,120,6,700,20,Ferrous Sulphate,45,Grapes,164
95,56,125,7,700,22,Ferrous Sulphate,45,Grapes,162
89,55,134,7.5,800,20,Ferrous Sulphate,45,Grapes,163
87,47,127,7,700,22,10:10:10 NPK,45,Grapes,162
84,45,130,7,700,20,10:10:10 NPK,45,Grapes,163
95,41,123,6.5,800,27,10:10:10 NPK,45,Grapes,163
96,48,126,7,700,23,10:10:10 NPK,45,Grapes,162
89,45,125,6.5,800,25,Ferrous Sulphate,45,Grapes,161
85,53,140,6,700,21,Ferrous Sulphate,45,Grapes,163
93,45,125,6.5,800,25,Ferrous Sulphate,45,Grapes,162
94,50,135,7.5,800,25,10:10:10 NPK,45,Grapes,161
100,42,135,7.5,800,24,Ferrous Sulphate,45,Grapes,163
100,59,135,6,700,20,10:10:10 NPK,45,Grapes,164
86,40,125,6.5,800,30,10:10:10 NPK,45,Grapes,164
90,49,125,7,700,24,10:10:10 NPK,45,Grapes,161
90,58,136,6,700,22,10:10:10 NPK,45,Grapes,162
81,56,120,6.5,800,23,Chilated Micronutrient,45,Grapes,163
90,50,134,7.5,800,25,10:10:10 NPK,45,Grapes,161
85,40,127,6.761023991,700,23,Ferrous Sulphate,45,Grapes,163
100,56,126,7,700,30,Ferrous Sulphate,45,Grapes,164
95,60,130,7.5,800,25,Ferrous Sulphate,45,Grapes,162
80,40,130,7,700,25,Ferrous Sulphate,45,Grapes,162
93,60,120,6.5,800,20,10:10:10 NPK,45,Grapes,164
95,43,140,6,700,26,20:20:20 NPK,45,Grapes,162
96,48,126,7,700,23,10:10:10 NPK,45,Grapes,162
95,47,127,7,700,22,10:10:10 NPK,45,Grapes,162
94,45,129,7,700,20,10:10:10 NPK,45,Grapes,162
93,40,135,7.5,800,20,Ferrous Sulphate,45,Grapes,163
88,50,135,7.5,800,25,10:10:10 NPK,45,Grapes,161
92,40,140,6,700,30,10:10:10 NPK,45,Grapes,164
82,45,125,6.5,800,25,Ferrous Sulphate,45,Grapes,162
87,47,127,7,700,22,10:10:10 NPK,45,Grapes,162
100,45,140,6,700,24,Ferrous Sulphate,45,Grapes,162
87,52,120,6.5,800,27,Ferrous Sulphate,45,Grapes,162
98,60,130,7.5,800,25,Ferrous Sulphate,45,Grapes,163
90,52,128,7,700,30,Ferrous Sulphate,45,Grapes,162
93,55,120,6.5,800,25,Hydrated Lime,45,Grapes,162
100,57,125,7.044779851,800,25,Ferrous Sulphate,45,Grapes,163
90,40,140,6,700,30,10:10:10 NPK,45,Grapes,164
80,54,120,6.5,800,25,Ferrous Sulphate,45,Grapes,162
93,55,140,6,700,30,10:10:10 NPK,45,Grapes,163
82,50,140,6,700,20,Hydrated Lime,45,Grapes,163
88,40,125,6.5,800,30,10:10:10 NPK,45,Grapes,164
95,52,128,7,700,30,Ferrous Sulphate,45,Grapes,163
86,40,130,7,700,25,Hydrated Lime,45,Grapes,162
85,49,140,6,700,20,Ferrous Sulphate,45,Grapes,162
91,53,120,6.5,800,26,Ferrous Sulphate,45,Grapes,162
84,50,135,7.5,800,25,10:10:10 NPK,45,Grapes,161
97,45,130,7,700,20,10:10:10 NPK,45,Grapes,163
95,55,135,7.5,800,20,Ferrous Sulphate,45,Grapes,163
83,45,120,6.5,800,20,10:10:10 NPK,45,Grapes,163
80,45,125,6.5,800,25,Ferrous Sulphate,45,Grapes,162
80,40,125,6.5,800,30,10:10:10 NPK,45,Grapes,164
82,55,125,7,700,20,Ferrous Sulphate,45,Grapes,163
93,45,130,7,700,20,10:10:10 NPK,45,Grapes,162
95,58,140,6,700,26,50:26:26 NPK,45,Grapes,163
90,50,130,7,700,30,Ferrous Sulphate,45,Grapes,162
80,60,130,7.5,800,25,Ferrous Sulphate,45,Grapes,163
86,55,125,7,700,20,Ferrous Sulphate,45,Grapes,163
87,60,125,7,700,30,Hydrated Lime,45,Grapes,164
80,40,120,6,700,20,Ferrous Sulphate,45,Grapes,164
88,40,135,7.5,800,20,Ferrous Sulphate,45,Grapes,163
99,54,120,6.5,800,25,Ferrous Sulphate,45,Grapes,162
89,50,135,7.5,800,25,10:10:10 NPK,45,Grapes,161
80,45,140,6,700,30,10:10:10 NPK,45,Grapes,164
95,50,135,7.5,800,25,10:10:10 NPK,45,Grapes,161
90,40,140,6,700,30,10:10:10 NPK,45,Grapes,164
95,53,128,7,700,30,Ferrous Sulphate,45,Grapes,163
80,49,140,6,700,20,Ferrous Sulphate,45,Grapes,163
93,60,140,6,700,25,Ferrous Sulphate,45,Grapes,163
85,40,124,6.5,800,28,10:10:10 NPK,45,Grapes,163
86,50,130,7,700,30,Ferrous Sulphate,45,Grapes,162
88,50,125,7,700,25,10:10:10 NPK,45,Grapes,161
92,45,130,7,700,20,10:10:10 NPK,45,Grapes,162
100,40,125,6.5,800,29,10:10:10 NPK,45,Grapes,164
80,50,135,7.5,800,24,10:10:10 NPK,45,Grapes,162
90,55,140,6,700,30,10:10:10 NPK,45,Grapes,163
80,57,137,6,700,24,10:10:10 NPK,45,Grapes,163
83,56,120,6.5,800,23,Ammonium Sulphate,45,Grapes,163
88,60,120,6.5,800,20,10:10:10 NPK,45,Grapes,164
88,45,120,6.5,800,20,10:10:10 NPK,45,Grapes,163
99,50,120,6.5,800,30,Ferrous Sulphate,45,Grapes,163
80,46,140,6,700,23,Ferrous Sulphate,45,Grapes,162
100,49,120,6.5,800,29,Ferrous Sulphate,45,Grapes,163
85,60,120,6.5,800,20,10:10:10 NPK,45,Grapes,164
80,58,140,6,700,24,Ferrous Sulphate,45,Grapes,163
82,45,120,6.5,800,20,10:10:10 NPK,45,Grapes,163
86,40,125,6.5,800,30,10:10:10 NPK,45,Grapes,164
87,47,140,6,700,22,Ferrous Sulphate,45,Grapes,162
96,40,140,6,700,30,10:10:10 NPK,45,Grapes,164
100,54,127,7,700,30,Ferrous Sulphate,45,Grapes,163
98,50,125,7,700,25,10:10:10 NPK,45,Grapes,161
85,40,130,7,700,25,Ferrous Sulphate,45,Grapes,162
99,55,125,7,700,20,Ferrous Sulphate,45,Grapes,163
88,40,120,6,700,20,Ferrous Sulphate,45,Grapes,163
80,53,120,6.5,800,25,Ferrous Sulphate,45,Grapes,162
93,60,125,7,700,30,Hydrated Lime,45,Grapes,164
85,46,140,6,700,23,Ferrous Sulphate,45,Grapes,162
100,50,129,7,700,30,Ferrous Sulphate,45,Grapes,163
88,40,120,6,700,20,Ferrous Sulphate,45,Grapes,163
98,60,140,6,700,25,Ferrous Sulphate,45,Grapes,163
96,51,120,6.5,800,28,Ferrous Sulphate,45,Grapes,162
83,55,135,7.5,800,20,Ferrous Sulphate,45,Grapes,163
97,50,140,6,700,20,Hydrated Lime,45,Grapes,163
82,52,132,7.5,800,27,10:10:10 NPK,45,Grapes,162
90,41,123,6.5,800,27,10:10:10 NPK,45,Grapes,163
96,45,125,6.5,800,25,Ferrous Sulphate,45,Grapes,162
89,40,140,6,700,30,10:10:10 NPK,45,Grapes,164
95,44,125,6.5,800,25,DAP,45,Grapes,162
83,55,140,6,700,30,10:10:10 NPK,45,Grapes,164
90,55,125,7,700,20,Ferrous Sulphate,45,Grapes,163
85,46,128,7,700,21,10:10:10 NPK,45,Grapes,162
99,45,120,6.5,800,20,10:10:10 NPK,45,Grapes,163
80,40,130,7,700,25,Ferrous Sulphate,45,Grapes,162
90,41,135,7.5,800,22,Ferrous Sulphate,45,Grapes,162
90,55,130,7.5,800,30,10:10:10 NPK,45,Grapes,163
89,40,130,7,700,25,Hydrated Lime,45,Grapes,162
96,46,123,6.5,800,26,Ferrous Sulphate,45,Grapes,162
81,40,127,6.742706521,700,23,Ferrous Sulphate,45,Grapes,163
97,60,120,6.5,800,20,10:10:10 NPK,45,Grapes,164
81,40,130,7,700,25,Hydrated Lime,45,Grapes,162
85,40,120,6,700,20,Ferrous Sulphate,45,Grapes,164
95,50,140,6,700,20,Ferrous Sulphate,45,Grapes,162
100,59,125,7,700,29,Ferrous Sulphate,45,Grapes,164
90,58,125,7,700,30,Ferrous Sulphate,45,Grapes,163
97,40,125,6.5,800,30,10:10:10 NPK,45,Grapes,164
100,57,140,6,700,27,18:46:00 NPK,45,Grapes,163
82,60,120,6.5,800,20,10:10:10 NPK,45,Grapes,164
80,52,132,7.5,800,27,10:10:10 NPK,45,Grapes,162
80,45,135,7.5,800,30,Hydrated Lime,45,Grapes,163
99,50,130,7,700,30,Ferrous Sulphate,45,Grapes,163
92,55,140,6,700,30,10:10:10 NPK,45,Grapes,163
91,55,125,7,700,20,Ferrous Sulphate,45,Grapes,163
85,60,137,6,700,22,20:20:20 NPK,45,Grapes,163
80,60,135,6,700,20,10:10:10 NPK,45,Grapes,164
98,56,133,7.5,800,21,Ferrous Sulphate,45,Grapes,163
93,40,140,6,700,30,10:10:10 NPK,45,Grapes,164
81,43,135,7.5,800,26,Ferrous Sulphate,45,Grapes,163
80,41,132,6.733113022,700,25,Ferrous Sulphate,45,Grapes,162
93,40,140,6,700,30,10:10:10 NPK,45,Grapes,164
83,60,130,7.5,800,25,Ferrous Sulphate,45,Grapes,162
85,50,120,6.5,800,30,Ferrous Sulphate,45,Grapes,163
100,40,121,6.179683109,700,20,Ferrous Sulphate,45,Grapes,164
88,48,126,7,700,23,10:10:10 NPK,45,Grapes,161
94,55,125,7,700,20,Ferrous Sulphate,45,Grapes,163
85,55,134,7.5,800,20,Ferrous Sulphate,45,Grapes,163
95,44,125,6.5,800,25,Chilated Micronutrient,45,Grapes,162
82,57,132,7.5,800,22,Ferrous Sulphate,45,Grapes,163
81,56,133,7.5,800,21,Ferrous Sulphate,45,Grapes,163
80,55,125,7,700,20,Ferrous Sulphate,45,Grapes,163
82,40,120,6,700,20,Ferrous Sulphate,45,Grapes,164
82,50,130,7,700,30,Ferrous Sulphate,45,Grapes,162
98,50,120,6.5,800,30,Ferrous Sulphate,45,Grapes,163
97,52,120,6.5,800,27,Ferrous Sulphate,45,Grapes,162
90,59,130,7.5,800,24,Ferrous Sulphate,45,Grapes,162
88,45,125,6.5,800,25,Ferrous Sulphate,45,Grapes,162
95,50,120,6.5,800,29,Ferrous Sulphate,45,Grapes,163
93,56,133,7.5,800,21,Ferrous Sulphate,45,Grapes,163
93,50,130,7,700,30,Ferrous Sulphate,45,Grapes,162
81,50,125,7,700,25,10:10:10 NPK,45,Grapes,161
87,45,130,7,700,20,10:10:10 NPK,45,Grapes,162
98,60,120,6.5,800,20,10:10:10 NPK,45,Grapes,164
90,54,120,6.5,800,25,Ferrous Sulphate,45,Grapes,162
90,60,140,6,700,25,Ferrous Sulphate,45,Grapes,162
83,50,140,6,700,20,Hydrated Lime,45,Grapes,163
94,40,130,7,700,25,Hydrated Lime,45,Grapes,162
80,51,129,7,700,30,Ferrous Sulphate,45,Grapes,163
92,60,120,6.5,800,20,10:10:10 NPK,45,Grapes,164
86,40,135,7.5,800,20,Ferrous Sulphate,45,Grapes,163
84,45,140,6,700,25,Ferrous Sulphate,45,Grapes,162
100,60,137,6,700,22,18:46:00 NPK,45,Grapes,163
81,48,140,6,700,21,Ferrous Sulphate,45,Grapes,163
88,55,140,6,700,30,10:10:10 NPK,45,Grapes,163
83,56,120,6.5,800,23,Ammonium Sulphate,45,Grapes,163
81,55,130,7.5,800,30,10:10:10 NPK,45,Grapes,163
100,50,129,7,700,28,Ferrous Sulphate,45,Grapes,162
84,50,120,6.5,800,29,Ferrous Sulphate,45,Grapes,163
80,52,140,6,700,21,Ferrous Sulphate,45,Grapes,163
100,48,140,6,700,21,Ferrous Sulphate,45,Grapes,163
82,50,140,6,700,20,Hydrated Lime,45,Grapes,163
91,55,135,7.5,800,20,Ferrous Sulphate,45,Grapes,163
80,50,120,6.5,800,29,Ferrous Sulphate,45,Grapes,163
82,52,120,6.5,800,27,Ferrous Sulphate,45,Grapes,162
100,54,120,6.5,800,25,Ferrous Sulphate,45,Grapes,162
85,48,140,6,700,21,Ferrous Sulphate,45,Grapes,162
99,59,120,6.5,800,20,10:26:26 NPK,45,Grapes,164
93,45,130,7,700,20,10:10:10 NPK,45,Grapes,162
85,60,130,7.5,800,25,Ferrous Sulphate,45,Grapes,162
82,52,120,6.5,800,27,Ferrous Sulphate,45,Grapes,162
99,45,120,6.5,800,20,10:10:10 NPK,45,Grapes,163
84,60,140,6,700,25,Ferrous Sulphate,45,Grapes,163
90,49,125,7,700,24,10:10:10 NPK,45,Grapes,161
87,55,135,7.5,800,20,Ferrous Sulphate,45,Grapes,163
94,40,125,6.5,800,30,10:10:10 NPK,45,Grapes,164
86,40,125,6.5,800,30,10:10:10 NPK,45,Grapes,164
90,50,135,7.5,800,25,10:10:10 NPK,45,Grapes,161
80,45,140,6,700,25,Ferrous Sulphate,45,Grapes,162
80,53,120,6.5,800,25,Ferrous Sulphate,45,Grapes,162
94,40,140,6,700,30,10:10:10 NPK,45,Grapes,164
95,40,130,7,700,25,Ferrous Sulphate,45,Grapes,162
99,45,120,6.5,800,20,10:10:10 NPK,45,Grapes,163
80,40,130,7,700,25,Ferrous Sulphate,45,Grapes,162
96,46,123,6.5,800,26,Ferrous Sulphate,45,Grapes,162
84,59,135,6,700,21,10:10:10 NPK,45,Grapes,163
82,40,125,6.5,800,30,10:10:10 NPK,45,Grapes,164
95,47,122,6.5,800,27,Ferrous Sulphate,45,Grapes,162
92,60,140,6,700,25,Ferrous Sulphate,45,Grapes,163
85,53,131,7.5,800,28,10:10:10 NPK,45,Grapes,162
94,55,134,7.5,800,20,Ferrous Sulphate,45,Grapes,163
100,59,125,7,700,29,Ferrous Sulphate,45,Grapes,164
93,41,140,6,700,28,13:32:26 NPK,45,Grapes,163
85,56,125,7,700,22,Ferrous Sulphate,45,Grapes,162
86,45,135,7.5,800,30,Hydrated Lime,45,Grapes,163
98,53,131,7.5,800,28,10:10:10 NPK,45,Grapes,162
99,54,130,7.5,800,29,10:10:10 NPK,45,Grapes,163
95,55,134,7.5,800,20,Ferrous Sulphate,45,Grapes,163
86,50,130,7,700,30,Ferrous Sulphate,45,Grapes,162
82,50,130,7,700,30,Ferrous Sulphate,45,Grapes,162
84,49,140,6,700,20,Ferrous Sulphate,45,Grapes,163
82,40,120,6,700,20,Ferrous Sulphate,45,Grapes,164
98,55,125,7,700,20,Ferrous Sulphate,45,Grapes,163
80,60,139,6,700,24,Chilated Micronutrient,45,Grapes,163
85,40,124,6.5,800,29,10:10:10 NPK,45,Grapes,164
80,41,133,6.683248028,700,25,Ferrous Sulphate,45,Grapes,162
94,40,140,6,700,30,10:10:10 NPK,45,Grapes,164
91,60,120,6.5,800,20,10:10:10 NPK,45,Grapes,164
95,44,140,6,700,25,Chilated Micronutrient,45,Grapes,162
97,55,120,6.5,800,25,Hydrated Lime,45,Grapes,162
99,45,125,6.5,800,25,Ferrous Sulphate,45,Grapes,162
95,45,120,6.5,800,20,10:10:10 NPK,45,Grapes,163
83,58,131,7.5,800,23,Ferrous Sulphate,45,Grapes,162
100,43,130,7,700,26,Ferrous Sulphate,45,Grapes,162
98,58,120,6.5,800,21,12:32:16 NPK,45,Grapes,164
100,48,121,6.5,800,28,Ferrous Sulphate,45,Grapes,163
98,60,140,6,700,25,Ferrous Sulphate,45,Grapes,163
83,55,140,6,700,30,10:10:10 NPK,45,Grapes,164
88,60,120,6.5,800,20,10:10:10 NPK,45,Grapes,164
88,50,130,7,700,30,Ferrous Sulphate,45,Grapes,162
100,45,124,6.5,800,25,Ferrous Sulphate,45,Grapes,162
85,60,140,6,700,25,Ferrous Sulphate,45,Grapes,163
95,49,120,6.5,800,29,Ferrous Sulphate,45,Grapes,163
97,47,127,7,700,22,10:10:10 NPK,45,Grapes,162
94,55,120,6.5,800,25,Hydrated Lime,45,Grapes,162
83,45,125,6.5,800,25,Ferrous Sulphate,45,Grapes,162
82,40,130,7,700,25,Hydrated Lime,45,Grapes,162
92,40,120,6,700,20,Ferrous Sulphate,45,Grapes,163
95,55,139,6,700,28,10:10:10 NPK,45,Grapes,163
80,44,130,7,700,27,Ferrous Sulphate,45,Grapes,162
81,48,140,6,700,21,Ferrous Sulphate,45,Grapes,163
88,50,130,7,700,30,Ferrous Sulphate,45,Grapes,162
84,45,120,6.5,800,20,10:10:10 NPK,45,Grapes,163
100,51,128,7,700,27,Ferrous Sulphate,45,Grapes,162
83,48,121,6.5,800,28,Ferrous Sulphate,45,Grapes,163
82,57,132,7.5,800,22,Ferrous Sulphate,45,Grapes,163
99,55,140,6,700,30,10:10:10 NPK,45,Grapes,164
90,40,135,7.5,800,20,Ferrous Sulphate,45,Grapes,163
90,54,127,7,700,30,Ferrous Sulphate,45,Grapes,163
80,45,120,6.5,800,20,10:10:10 NPK,45,Grapes,163
88,50,140,6,700,20,Hydrated Lime,45,Grapes,162
86,40,120,6,700,20,Ferrous Sulphate,45,Grapes,164
80,40,123,6.396172692,700,21,Ferrous Sulphate,45,Grapes,164
100,56,138,6,700,26,10:10:10 NPK,45,Grapes,163
93,60,125,7,700,30,Hydrated Lime,45,Grapes,164
89,40,140,6,700,30,10:10:10 NPK,45,Grapes,164
100,40,127,6.762455869,700,23,Ferrous Sulphate,45,Grapes,163
86,40,140,6,700,30,10:10:10 NPK,45,Grapes,164
90,40,122,6.227269627,700,21,Ferrous Sulphate,45,Grapes,163
94,50,135,7.5,800,25,10:10:10 NPK,45,Grapes,161
81,56,133,7.5,800,21,Ferrous Sulphate,45,Grapes,163
83,48,121,6.5,800,28,Ferrous Sulphate,45,Grapes,163
83,45,125,6.5,800,25,Ferrous Sulphate,45,Grapes,162
100,44,130,7,700,27,Ferrous Sulphate,45,Grapes,162
83,60,120,6.5,800,20,10:10:10 NPK,45,Grapes,164
85,55,135,7.5,800,20,Ferrous Sulphate,45,Grapes,163
100,52,127,7,700,25,Ferrous Sulphate,45,Grapes,162
82,40,125,6.5,800,30,10:10:10 NPK,45,Grapes,164
90,45,120,6.5,800,20,10:10:10 NPK,45,Grapes,163
95,41,125,6.5,800,28,13:32:26 NPK,45,Grapes,163
100,45,140,6,700,30,10:10:10 NPK,45,Grapes,164
88,55,140,6,700,30,10:10:10 NPK,45,Grapes,163
91,40,120,6,700,20,Ferrous Sulphate,45,Grapes,163
80,57,130,7.5,800,27,19:19:19 NPK,45,Grapes,163
95,43,135,7.5,800,26,Ferrous Sulphate,45,Grapes,162
91,50,130,7,700,30,Ferrous Sulphate,45,Grapes,162
93,60,120,6.5,800,20,10:10:10 NPK,45,Grapes,164
85,52,140,6,700,21,Ferrous Sulphate,45,Grapes,162
95,40,125,6.5,800,30,10:10:10 NPK,45,Grapes,164
90,60,140,6,700,25,Ferrous Sulphate,45,Grapes,162
80,59,120,6.5,800,20,12:32:16 NPK,45,Grapes,164
90,60,140,6,700,25,Ferrous Sulphate,45,Grapes,162
95,51,128,7,700,26,Ferrous Sulphate,45,Grapes,161
93,45,125,6.5,800,25,Ferrous Sulphate,45,Grapes,162
100,58,136,6,700,22,10:10:10 NPK,45,Grapes,163
95,50,129,7,700,30,Ferrous Sulphate,45,Grapes,162
94,54,130,7.5,800,29,10:10:10 NPK,45,Grapes,163
89,50,125,7,700,25,10:10:10 NPK,45,Grapes,161
100,43,136,6.351622687,700,25,Ferrous Sulphate,45,Grapes,162
88,60,135,6,700,20,10:10:10 NPK,45,Grapes,163
90,40,140,6,700,30,10:10:10 NPK,45,Grapes,164
83,45,135,7.5,800,30,Hydrated Lime,45,Grapes,163
96,48,140,6,700,21,Ferrous Sulphate,45,Grapes,162
95,51,120,6.5,800,28,Ferrous Sulphate,45,Grapes,162
94,45,140,6,700,24,Ferrous Sulphate,45,Grapes,162
85,40,135,7.5,800,20,Ferrous Sulphate,45,Grapes,163
93,45,135,7.5,800,30,Hydrated Lime,45,Grapes,163
86,50,120,6.5,800,30,Ferrous Sulphate,45,Grapes,163
87,45,135,7.5,800,30,Hydrated Lime,45,Grapes,163
86,55,130,7.5,800,30,10:10:10 NPK,45,Grapes,163
80,42,140,6,700,27,18:46:00 NPK,45,Grapes,163
100,60,135,6,700,20,10:26:26 NPK,45,Grapes,164
95,40,140,6,700,30,10:10:10 NPK,45,Grapes,164
100,48,123,6.5,800,25,Ferrous Sulphate,45,Grapes,162
99,50,120,6.5,800,30,Ferrous Sulphate,45,Grapes,163
100,49,122,6.5,800,25,Ferrous Sulphate,45,Grapes,162
88,60,135,6,700,20,10:10:10 NPK,45,Grapes,163
89,40,125,6.5,800,30,10:10:10 NPK,45,Grapes,163
89,60,120,6.5,800,20,10:10:10 NPK,45,Grapes,164
92,45,120,6.5,800,20,10:10:10 NPK,45,Grapes,163
99,45,125,6.5,800,25,Ferrous Sulphate,45,Grapes,162
82,57,120,6.5,800,22,19:19:19 NPK,45,Grapes,163
100,40,124,6.5,800,28,10:10:10 NPK,45,Grapes,164
100,57,137,6,700,24,10:10:10 NPK,45,Grapes,163
84,40,120,6,700,20,Ferrous Sulphate,45,Grapes,164
100,46,140,6,700,23,Ferrous Sulphate,45,Grapes,162
85,55,125,7,700,20,Ferrous Sulphate,45,Grapes,163
100,53,126,7,700,23,Ferrous Sulphate,45,Grapes,162
84,40,128,6.819188859,700,24,Ferrous Sulphate,45,Grapes,162
86,60,140,6,700,25,Ferrous Sulphate,45,Grapes,163
83,60,135,6,700,20,10:10:10 NPK,45,Grapes,164
81,41,140,6,700,28,12:32:16 NPK,45,Grapes,164
93,50,125,7,700,25,10:10:10 NPK,45,Grapes,161
97,50,120,6.5,800,30,Ferrous Sulphate,45,Grapes,163
86,50,135,7.5,800,25,10:10:10 NPK,45,Grapes,161
90,40,135,7.5,800,20,Ferrous Sulphate,45,Grapes,163
81,45,125,6.5,800,25,Ferrous Sulphate,45,Grapes,162
83,51,120,6.5,800,28,Ferrous Sulphate,45,Grapes,163
92,45,130,7,700,20,10:10:10 NPK,45,Grapes,162
98,43,135,7.5,800,27,Ferrous Sulphate,45,Grapes,163
84,55,120,6.5,800,25,Hydrated Lime,45,Grapes,162
87,47,140,6,700,22,Ferrous Sulphate,45,Grapes,162
88,60,140,6,700,25,Ferrous Sulphate,45,Grapes,162
99,55,139,6,700,29,10:10:10 NPK,45,Grapes,163
88,45,120,6.5,800,20,10:10:10 NPK,45,Grapes,163
94,60,140,6,700,25,Ferrous Sulphate,45,Grapes,163
90,42,122,6.5,800,24,10:10:10 NPK,45,Grapes,162
85,49,125,7,700,24,10:10:10 NPK,45,Grapes,161
83,40,120,6,700,20,Ferrous Sulphate,45,Grapes,164
81,55,135,7.5,800,20,Ferrous Sulphate,45,Grapes,163
96,48,140,6,700,21,Ferrous Sulphate,45,Grapes,162
99,44,120,6.5,800,20,10:10:10 NPK,45,Grapes,164
90,40,125,6.5,800,30,10:10:10 NPK,45,Grapes,163
93,40,140,6,700,30,10:10:10 NPK,45,Grapes,164
85,46,130,7,700,28,Ferrous Sulphate,45,Grapes,162
82,40,125,6.546697413,700,22,Ferrous Sulphate,45,Grapes,163
91,40,130,7,700,25,Hydrated Lime,45,Grapes,162
100,46,128,7,700,21,10:10:10 NPK,45,Grapes,163
95,40,120,6,700,20,Ferrous Sulphate,45,Grapes,164
95,47,127,7,700,22,10:10:10 NPK,45,Grapes,162
95,55,130,7.5,800,30,10:10:10 NPK,45,Grapes,163
99,50,140,6,700,20,Hydrated Lime,45,Grapes,163
91,46,140,6,700,23,Ferrous Sulphate,45,Grapes,162
85,60,135,6,700,20,10:10:10 NPK,45,Grapes,164
84,55,120,6.5,800,25,Hydrated Lime,45,Grapes,162
96,41,123,6.5,800,27,10:10:10 NPK,45,Grapes,163
91,48,140,6,700,21,Ferrous Sulphate,45,Grapes,162
80,60,135,6,700,20,10:10:10 NPK,45,Grapes,164
94,55,134,7.5,800,20,Ferrous Sulphate,45,Grapes,163
84,55,130,7.5,800,30,10:10:10 NPK,45,Grapes,163
95,46,140,6,700,23,Ferrous Sulphate,45,Grapes,162
92,60,120,6.5,800,20,10:10:10 NPK,45,Grapes,164
86,53,120,6.5,800,26,Ferrous Sulphate,45,Grapes,162
80,40,135,7.5,800,20,Ferrous Sulphate,45,Grapes,164
85,55,125,7,700,20,Ferrous Sulphate,45,Grapes,163
85,40,125,6.5,800,30,10:10:10 NPK,45,Grapes,164
90,54,130,7.5,800,29,10:10:10 NPK,45,Grapes,162
96,45,120,6.5,800,20,10:10:10 NPK,45,Grapes,163
92,40,140,6,700,30,10:10:10 NPK,45,Grapes,164
98,45,135,7.5,800,30,Hydrated Lime,45,Grapes,163
95,49,140,6,700,20,Ferrous Sulphate,45,Grapes,162
100,47,127,7,700,22,10:10:10 NPK,45,Grapes,162
99,55,120,6.5,800,25,Hydrated Lime,45,Grapes,162
84,55,120,6.5,800,24,Chilated Micronutrient,45,Grapes,162
95,40,127,6.766287918,700,23,Ferrous Sulphate,45,Grapes,163
97,45,135,7.5,800,30,Hydrated Lime,45,Grapes,163
85,49,125,7,700,24,10:10:10 NPK,45,Grapes,161
89,40,120,6,700,20,Ferrous Sulphate,45,Grapes,163
82,42,135,7.5,800,25,Ferrous Sulphate,45,Grapes,162
81,56,133,7.5,800,21,Ferrous Sulphate,45,Grapes,163
86,46,140,6,700,23,Ferrous Sulphate,45,Grapes,162
93,50,125,7,700,25,10:10:10 NPK,45,Grapes,161
89,40,125,6.5,800,30,10:10:10 NPK,45,Grapes,163
83,60,135,6,700,20,10:10:10 NPK,45,Grapes,164
92,45,125,6.5,800,25,Ferrous Sulphate,45,Grapes,162
97,55,135,7.5,800,20,Ferrous Sulphate,45,Grapes,163
80,47,140,6,700,22,Ferrous Sulphate,45,Grapes,163
99,45,135,7.5,800,30,Hydrated Lime,45,Grapes,163
95,45,129,6.937703184,800,27,Ferrous Sulphate,45,Grapes,162
99,60,135,6,700,20,10:10:10 NPK,45,Grapes,164
80,45,120,6.5,800,20,10:10:10 NPK,45,Grapes,163
100,48,140,6,700,21,Ferrous Sulphate,45,Grapes,163
100,40,122,6.200933689,700,21,Ferrous Sulphate,45,Grapes,164
100,50,127,7,700,27,19:19:19 NPK,45,Grapes,162
94,40,125,6.5,800,30,10:10:10 NPK,45,Grapes,164
95,42,125,6.5,800,27,18:46:00 NPK,45,Grapes,163
59,25,30,6,500,25,Chilated Micronutrient,55,Groundnut,129
20,55,20,7.5,700,30,Chilated Micronutrient,55,Groundnut,125
25,35,21,6,800,30,Chilated Micronutrient,55,Groundnut,124
20,50,30,7,800,25,Chilated Micronutrient,55,Groundnut,124
50,30,30,6.002084312,600,30,Chilated Micronutrient,55,Groundnut,126
30,31,20,6,500,25,DAP,55,Groundnut,124
28,50,20,7,900,30,SSP,55,Groundnut,124
28,35,25,6.5,600,30,Chilated Micronutrient,55,Groundnut,122
25,55,35,7.415254342,600,29,Chilated Micronutrient,55,Groundnut,125
50,25,35,6.041297593,500,25,Magnesium Sulphate,55,Groundnut,128
20,40,34,6.528931949,600,29,SSP,55,Groundnut,124
41,20,26,6.105478201,500,25,Chilated Micronutrient,55,Groundnut,126
20,45,30,7,600,25,SSP,55,Groundnut,124
23,58,26,6,800,26,Chilated Micronutrient,55,Groundnut,124
30,40,25,6.584839952,600,29,SSP,55,Groundnut,121
30,55,33,6.176575819,800,28,Ferrous Sulphate,55,Groundnut,124
53,25,31,6,500,25,Ferrous Sulphate,55,Groundnut,128
20,40,26,6.5,900,35,Chilated Micronutrient,55,Groundnut,125
20,40,25,6.132968962,900,31,MOP,55,Groundnut,124
58,25,40,7,500,25,Chilated Micronutrient,55,Groundnut,131
20,40,23,6.129974931,900,31,SSP,55,Groundnut,124
22,60,35,6.453240847,700,27,Ferrous Sulphate,55,Groundnut,125
20,35,25,6.016157976,800,30,Chilated Micronutrient,55,Groundnut,124
27,45,30,7,600,25,SSP,55,Groundnut,123
30,47,37,7.5,700,27,SSP,55,Groundnut,123
25,41,31,6,800,26,Chilated Micronutrient,55,Groundnut,122
28,30,25,5.5,700,25,SSP,55,Groundnut,122
29,60,20,7,600,30,SSP,55,Groundnut,125
49,20,20,5.5,500,25,Chilated Micronutrient,55,Groundnut,129
29,50,30,7,800,25,Chilated Micronutrient,55,Groundnut,123
57,25,35,6,500,25,SSP,55,Groundnut,129
27,57,27,6,800,27,Chilated Micronutrient,55,Groundnut,123
25,60,30,6.919176552,700,29,Magnesium Sulphate,55,Groundnut,124
24,35,25,6.5,600,30,Chilated Micronutrient,55,Groundnut,123
25,44,20,6.438330743,600,29,Chilated Micronutrient,55,Groundnut,123
30,50,27,7,800,25,Chilated Micronutrient,55,Groundnut,122
20,35,20,6,800,30,Chilated Micronutrient,55,Groundnut,125
27,45,20,6.5,600,30,Chilated Micronutrient,55,Groundnut,123
21,43,31,6.888801142,600,26,SSP,55,Groundnut,123
25,30,25,7.5,600,30,SSP,55,Groundnut,123
24,55,25,6.5,600,25,SSP,55,Groundnut,124
26,45,30,6.5,800,25,SSP,55,Groundnut,123
26,40,35,6.5,600,30,SSP,55,Groundnut,123
26,48,20,6.803505276,900,30,Hydrated Lime,55,Groundnut,125
24,40,25,6.5,900,35,Chilated Micronutrient,55,Groundnut,124
42,20,25,6.069081469,500,25,Chilated Micronutrient,55,Groundnut,127
30,45,30,6.531755915,800,25,Magnesium Sulphate,55,Groundnut,122
25,44,20,6.481589066,600,29,Chilated Micronutrient,55,Groundnut,123
25,40,25,6.5,900,35,Chilated Micronutrient,55,Groundnut,124
30,44,20,6.493164018,600,29,Chilated Micronutrient,55,Groundnut,123
20,39,20,6.03767953,600,25,Chilated Micronutrient,55,Groundnut,124
21,40,20,6.5,900,35,SSP,55,Groundnut,125
27,50,22,6.534346275,800,27,Ferrous Sulphate,55,Groundnut,123
56,25,40,7,500,25,Chilated Micronutrient,55,Groundnut,130
20,40,30,7.5,700,25,Chilated Micronutrient,55,Groundnut,123
25,35,27,6,800,30,Ferrous Sulphate,55,Groundnut,123
20,50,26,7,800,25,Chilated Micronutrient,55,Groundnut,124
28,35,25,6.5,600,30,Chilated Micronutrient,55,Groundnut,122
21,30,30,5.5,700,25,Chilated Micronutrient,55,Groundnut,124
50,30,38,6.5,600,30,MOP,55,Groundnut,128
21,50,30,7,800,25,Chilated Micronutrient,55,Groundnut,124
27,60,20,7,600,30,SSP,55,Groundnut,125
21,60,35,6.5,600,20,Chilated Micronutrient,55,Groundnut,127
21,40,25,6.5,800,30,SSP,55,Groundnut,123
21,30,20,6,500,25,Chilated Micronutrient,55,Groundnut,126
20,43,20,6.378499566,600,28,Chilated Micronutrient,55,Groundnut,124
29,35,25,6,800,30,Chilated Micronutrient,55,Groundnut,122
21,50,35,7.5,700,30,SSP,55,Groundnut,124
25,44,20,6.488907629,600,29,Chilated Micronutrient,55,Groundnut,123
22,42,32,6.750917407,600,27,SSP,55,Groundnut,123
50,22,30,6.238105348,500,25,Chilated Micronutrient,55,Groundnut,128
20,55,40,6.5,800,25,SSP,55,Groundnut,127
20,56,25,6.30777724,800,25,Chilated Micronutrient,55,Groundnut,125
25,54,35,7.408192868,600,29,Chilated Micronutrient,55,Groundnut,125
25,50,24,6.967973765,800,25,Chilated Micronutrient,55,Groundnut,124
30,35,24,6,800,30,Chilated Micronutrient,55,Groundnut,122
20,32,20,6.208182161,500,25,Chilated Micronutrient,55,Groundnut,126
47,30,30,6,600,30,Chilated Micronutrient,55,Groundnut,126
27,40,25,6.5,600,30,SSP,55,Groundnut,122
22,45,20,6.5,600,30,Chilated Micronutrient,55,Groundnut,124
20,40,28,6.5,900,35,Chilated Micronutrient,55,Groundnut,124
23,60,20,7,600,30,SSP,55,Groundnut,126
20,34,20,6,500,25,MOP,55,Groundnut,125
20,55,24,6.548424471,600,25,SSP,55,Groundnut,125
26,45,20,6.5,600,30,Chilated Micronutrient,55,Groundnut,123
54,30,35,6.5,600,30,Chilated Micronutrient,55,Groundnut,128
21,35,25,6,800,30,Chilated Micronutrient,55,Groundnut,124
30,38,26,6.318322161,800,30,SSP,55,Groundnut,122
30,42,32,6.777407804,600,27,SSP,55,Groundnut,122
30,49,20,6.954498954,900,30,Magnesium Sulphate,55,Groundnut,124
30,43,26,6.773602967,700,28,Chilated Micronutrient,55,Groundnut,121
27,45,22,6.5,900,30,Chilated Micronutrient,55,Groundnut,124
22,45,20,6.5,600,30,Chilated Micronutrient,55,Groundnut,124
60,25,30,6,500,25,Chilated Micronutrient,55,Groundnut,129
43,30,30,6,600,30,Chilated Micronutrient,55,Groundnut,125
24,45,25,6.5,700,30,Chilated Micronutrient,55,Groundnut,122
28,35,20,6,800,30,Chilated Micronutrient,55,Groundnut,123
21,35,30,6,800,30,SSP,55,Groundnut,124
20,50,30,7,800,25,Chilated Micronutrient,55,Groundnut,124
20,60,25,6,800,25,Chilated Micronutrient,55,Groundnut,125
30,56,28,6,800,28,Chilated Micronutrient,55,Groundnut,123
25,45,20,6.5,900,30,Chilated Micronutrient,55,Groundnut,124
30,40,20,6.022930633,600,25,Chilated Micronutrient,55,Groundnut,123
30,46,20,6.689597158,900,30,Ferrous Sulphate,55,Groundnut,124
28,55,35,7.5,600,30,Chilated Micronutrient,55,Groundnut,124
20,43,21,6.5,900,31,Chilated Micronutrient,55,Groundnut,125
30,37,30,6,800,27,Hydrated Lime,55,Groundnut,122
28,50,26,7,800,25,Chilated Micronutrient,55,Groundnut,123
25,42,27,6.731368292,600,27,SSP,55,Groundnut,122
22,40,27,6.5,900,35,Chilated Micronutrient,55,Groundnut,124
25,32,25,6.915233894,600,30,Ferrous Sulphate,55,Groundnut,123
30,40,27,6.5,900,35,Chilated Micronutrient,55,Groundnut,123
48,20,30,6.5,500,25,Chilated Micronutrient,55,Groundnut,128
28,30,20,5.5,700,25,Chilated Micronutrient,55,Groundnut,123
45,20,26,6.196501466,500,25,Chilated Micronutrient,55,Groundnut,127
24,57,22,6.794169393,600,27,SSP,55,Groundnut,125
21,45,40,7.5,700,25,SSP,55,Groundnut,125
27,40,20,7,500,25,Chilated Micronutrient,55,Groundnut,124
59,25,35,6,500,25,SSP,55,Groundnut,130
30,36,20,6.601935396,500,25,Chilated Micronutrient,55,Groundnut,124
20,35,28,6,800,30,MOP,55,Groundnut,123
24,39,20,6.821790637,500,25,DAP,55,Groundnut,124
20,35,21,6,800,30,Chilated Micronutrient,55,Groundnut,124
28,40,21,6.326190393,900,33,SSP,55,Groundnut,124
29,55,25,6.5,600,25,SSP,55,Groundnut,123
24,45,30,7,600,25,SSP,55,Groundnut,123
52,25,37,6.465576496,500,25,Hydrated Lime,55,Groundnut,129
21,50,30,7,800,25,Chilated Micronutrient,55,Groundnut,124
20,40,35,6.5,600,30,SSP,55,Groundnut,124
20,35,20,6.128748398,500,25,Magnesium Sulphate,55,Groundnut,125
48,30,30,7.00485073,600,30,MOP,55,Groundnut,126
21,50,21,6.321582765,800,28,MOP,55,Groundnut,124
25,54,30,6.092290586,800,29,Chilated Micronutrient,55,Groundnut,124
20,42,27,7.018854606,700,27,Chilated Micronutrient,55,Groundnut,122
26,40,21,6.343892359,900,33,SSP,55,Groundnut,124
30,47,32,6.511657014,800,27,Chilated Micronutrient,55,Groundnut,123
20,54,35,7.421511159,600,29,Chilated Micronutrient,55,Groundnut,125
21,58,21,6.811357017,600,28,SSP,55,Groundnut,125
25,35,24,6,800,30,Chilated Micronutrient,55,Groundnut,123
29,49,35,7.5,700,29,SSP,55,Groundnut,123
45,30,20,7,600,30,SSP,55,Groundnut,126
27,40,20,7,500,25,Chilated Micronutrient,55,Groundnut,124
30,30,25,7.486256996,600,30,Magnesium Sulphate,55,Groundnut,123
60,25,34,6.463409354,500,25,Chilated Micronutrient,55,Groundnut,130
49,30,30,6,600,30,Chilated Micronutrient,55,Groundnut,126
30,41,20,6.5,900,33,MOP,55,Groundnut,124
30,38,25,6.379977704,800,30,MOP,55,Groundnut,122
22,37,20,6.468734246,500,25,Hydrated Lime,55,Groundnut,125
23,33,25,6.779483939,600,30,DAP,55,Groundnut,123
25,50,20,6.062341363,800,29,Magnesium Sulphate,55,Groundnut,124
20,44,35,6,800,29,Chilated Micronutrient,55,Groundnut,124
20,49,25,7.366883071,700,25,Chilated Micronutrient,55,Groundnut,123
21,45,20,6.5,900,30,Chilated Micronutrient,55,Groundnut,125
20,30,20,5.5,700,25,Chilated Micronutrient,55,Groundnut,125
55,25,33,6,500,25,MOP,55,Groundnut,129
25,45,30,6.515236076,800,25,Magnesium Sulphate,55,Groundnut,123
20,40,29,6.5,900,35,Chilated Micronutrient,55,Groundnut,125
26,45,20,6.5,900,30,Chilated Micronutrient,55,Groundnut,124
23,40,40,6,800,25,Chilated Micronutrient,55,Groundnut,125
20,50,25,7,800,25,Chilated Micronutrient,55,Groundnut,124
30,56,35,7.237405206,600,27,Chilated Micronutrient,55,Groundnut,124
30,59,25,6,800,25,Chilated Micronutrient,55,Groundnut,124
30,42,25,6.5,900,32,Chilated Micronutrient,55,Groundnut,123
20,35,29,6,800,30,Magnesium Sulphate,55,Groundnut,124
20,30,20,6.089204329,500,25,Chilated Micronutrient,55,Groundnut,126
47,22,30,6.232332218,500,25,Chilated Micronutrient,55,Groundnut,127
25,50,21,6.233216412,800,28,MOP,55,Groundnut,124
21,35,25,6,800,30,Chilated Micronutrient,55,Groundnut,124
25,42,27,7.026030059,700,27,Chilated Micronutrient,55,Groundnut,121
21,40,25,6.5,900,35,Chilated Micronutrient,55,Groundnut,125
30,40,26,6.17558858,900,31,Hydrated Lime,55,Groundnut,122
24,40,30,7.5,700,25,Chilated Micronutrient,55,Groundnut,122
50,30,32,6.292099742,600,30,Chilated Micronutrient,55,Groundnut,126
30,37,20,6.736822475,500,25,Chilated Micronutrient,55,Groundnut,124
22,35,22,6,800,30,Chilated Micronutrient,55,Groundnut,124
24,40,40,6,800,25,Chilated Micronutrient,55,Groundnut,124
27,60,25,6,800,25,Chilated Micronutrient,55,Groundnut,124
21,50,20,7,900,30,SSP,55,Groundnut,126
21,51,23,7.5,700,26,Chilated Micronutrient,55,Groundnut,124
25,39,20,6,800,25,Chilated Micronutrient,55,Groundnut,123
21,50,25,7,800,25,Chilated Micronutrient,55,Groundnut,124
21,40,20,6,600,25,Chilated Micronutrient,55,Groundnut,124
22,42,20,6.250876151,600,27,Chilated Micronutrient,55,Groundnut,123
53,25,30,6,500,25,Chilated Micronutrient,55,Groundnut,128
30,49,20,6.966845912,900,30,Magnesium Sulphate,55,Groundnut,124
20,44,39,7.5,700,25,Magnesium Sulphate,55,Groundnut,125
20,43,36,6,800,28,Chilated Micronutrient,55,Groundnut,124
46,30,20,7,600,30,SSP,55,Groundnut,126
27,50,27,7,800,25,Chilated Micronutrient,55,Groundnut,123
20,50,30,7,800,25,Chilated Micronutrient,55,Groundnut,124
54,30,40,6.5,600,30,SSP,55,Groundnut,129
24,40,40,6,800,25,Chilated Micronutrient,55,Groundnut,124
25,40,20,7,500,25,Chilated Micronutrient,55,Groundnut,124
30,46,29,6.921157018,600,25,SSP,55,Groundnut,122
55,25,34,6,500,25,Magnesium Sulphate,55,Groundnut,129
29,40,20,6.490878759,900,34,SSP,55,Groundnut,124
21,46,20,6.651519269,900,30,DAP,55,Groundnut,125
24,44,20,6.498627767,600,29,Chilated Micronutrient,55,Groundnut,123
25,40,25,6.5,600,30,SSP,55,Groundnut,122
22,30,25,5.5,700,25,SSP,55,Groundnut,123
25,45,25,6.582604387,700,29,Chilated Micronutrient,55,Groundnut,122
25,45,30,6.5,800,25,SSP,55,Groundnut,123
20,40,20,6.012466419,600,25,Chilated Micronutrient,55,Groundnut,124
22,47,25,7.009251221,700,27,Chilated Micronutrient,55,Groundnut,123
20,50,30,7,800,25,Chilated Micronutrient,55,Groundnut,124
24,30,25,5.5,700,25,SSP,55,Groundnut,123
30,31,25,7.218457271,600,30,MOP,55,Groundnut,123
20,40,22,6.267518366,800,27,Hydrated Lime,55,Groundnut,123
22,45,20,6.5,600,30,Chilated Micronutrient,55,Groundnut,124
20,40,34,6.580708721,600,29,SSP,55,Groundnut,124
20,30,26,5.5,700,25,MOP,55,Groundnut,124
24,45,30,7,600,25,SSP,55,Groundnut,123
21,45,21,6.5,900,30,Chilated Micronutrient,55,Groundnut,125
29,50,20,6,800,30,SSP,55,Groundnut,124
27,50,35,7.5,700,30,SSP,55,Groundnut,123
25,42,32,6.764920012,600,27,SSP,55,Groundnut,123
48,30,20,7,600,30,SSP,55,Groundnut,127
41,20,27,6.267779501,500,25,Chilated Micronutrient,55,Groundnut,126
49,20,30,6.5,500,25,Chilated Micronutrient,55,Groundnut,128
22,57,22,6.746948022,600,27,SSP,55,Groundnut,125
20,55,24,6.533992829,600,25,SSP,55,Groundnut,125
28,50,30,7,800,25,Chilated Micronutrient,55,Groundnut,123
20,42,25,6.5,900,32,Chilated Micronutrient,55,Groundnut,124
30,38,21,6,800,26,Chilated Micronutrient,55,Groundnut,123
22,50,27,7,800,25,Chilated Micronutrient,55,Groundnut,124
22,47,25,7.048603118,700,27,Chilated Micronutrient,55,Groundnut,123
27,47,37,7.5,700,27,SSP,55,Groundnut,123
20,38,30,6,800,26,DAP,55,Groundnut,123
21,60,25,6,800,25,Chilated Micronutrient,55,Groundnut,125
25,45,35,6,800,30,Chilated Micronutrient,55,Groundnut,124
20,50,30,7,800,25,Chilated Micronutrient,55,Groundnut,124
20,39,25,6.49864455,800,30,Magnesium Sulphate,55,Groundnut,123
20,45,30,6.558348032,800,25,Magnesium Sulphate,55,Groundnut,124
45,20,30,6.5,500,25,Chilated Micronutrient,55,Groundnut,127
25,35,26,6,800,30,Ferrous Sulphate,55,Groundnut,123
45,30,27,6.20571055,600,30,DAP,55,Groundnut,125
25,45,30,6.553349625,800,25,Magnesium Sulphate,55,Groundnut,123
20,40,25,6.42536373,900,34,Chilated Micronutrient,55,Groundnut,125
20,40,23,6.127012737,900,31,SSP,55,Groundnut,124
30,52,35,6.704259146,800,25,Hydrated Lime,55,Groundnut,124
30,40,20,6.466469034,900,34,SSP,55,Groundnut,124
25,55,35,7.490929476,600,29,Chilated Micronutrient,55,Groundnut,125
23,40,35,6.5,600,30,SSP,55,Groundnut,124
46,30,23,7.189614292,600,30,SSP,55,Groundnut,126
20,45,20,6.536775288,900,30,Chilated Micronutrient,55,Groundnut,125
51,30,31,6.139201725,600,30,Chilated Micronutrient,55,Groundnut,126
20,40,20,6.5,900,34,Magnesium Sulphate,55,Groundnut,125
20,50,23,6.781514482,800,26,DAP,55,Groundnut,124
20,55,20,7.5,700,30,Chilated Micronutrient,55,Groundnut,125
21,41,20,6.124749038,600,26,Chilated Micronutrient,55,Groundnut,124
30,41,28,7.299537131,700,26,Chilated Micronutrient,55,Groundnut,121
30,41,24,6.412566338,800,30,SSP,55,Groundnut,122
30,30,24,5.5,700,25,MOP,55,Groundnut,122
28,60,20,7,600,30,SSP,55,Groundnut,125
30,56,23,6.683120718,600,26,SSP,55,Groundnut,124
50,30,30,6.046066935,600,30,Chilated Micronutrient,55,Groundnut,126
30,58,35,6.816196582,600,23,Chilated Micronutrient,55,Groundnut,125
22,37,20,6,800,27,Chilated Micronutrient,55,Groundnut,124
28,40,25,6.5,600,30,SSP,55,Groundnut,122
22,47,20,6.774025699,900,30,Hydrated Lime,55,Groundnut,125
51,30,31,6.143108773,600,30,Chilated Micronutrient,55,Groundnut,126
20,34,20,6,500,25,Magnesium Sulphate,55,Groundnut,125
30,45,21,6.5,900,30,Chilated Micronutrient,55,Groundnut,124
47,22,32,6.230109469,500,25,Hydrated Lime,55,Groundnut,128
27,45,20,6.5,600,30,Chilated Micronutrient,55,Groundnut,123
30,30,24,5.5,700,25,Chilated Micronutrient,55,Groundnut,122
20,50,26,7,800,25,Chilated Micronutrient,55,Groundnut,124
46,20,30,6.5,500,25,Chilated Micronutrient,55,Groundnut,127
22,57,22,6.73407126,600,27,SSP,55,Groundnut,125
29,40,30,7.5,700,25,Chilated Micronutrient,55,Groundnut,121
23,45,25,6.5,900,30,Chilated Micronutrient,55,Groundnut,124
57,25,37,6.457150689,500,25,Hydrated Lime,55,Groundnut,130
25,32,25,7.068471857,600,30,Hydrated Lime,55,Groundnut,123
25,46,30,6.666407893,800,25,MOP,55,Groundnut,123
28,45,23,6.5,900,30,Chilated Micronutrient,55,Groundnut,123
30,40,21,6.346858804,900,33,SSP,55,Groundnut,124
20,39,30,6,800,25,DAP,55,Groundnut,123
25,45,35,6,800,30,Chilated Micronutrient,55,Groundnut,124
27,40,20,6,600,25,Chilated Micronutrient,55,Groundnut,123
26,40,20,6.5,900,35,SSP,55,Groundnut,125
25,55,20,7.5,700,30,Chilated Micronutrient,55,Groundnut,124
49,30,34,6.498846308,600,30,Chilated Micronutrient,55,Groundnut,127
43,20,27,6.25240312,500,25,Chilated Micronutrient,55,Groundnut,126
53,25,36,6.293019539,500,25,MOP,55,Groundnut,129
26,40,30,7.5,700,25,Chilated Micronutrient,55,Groundnut,122
20,35,25,6,800,30,Chilated Micronutrient,55,Groundnut,124
23,53,36,7.397727703,600,28,Chilated Micronutrient,55,Groundnut,125
21,50,30,7,800,25,Chilated Micronutrient,55,Groundnut,124
30,40,22,6.253009256,900,32,SSP,55,Groundnut,123
30,43,25,6.5,900,31,Chilated Micronutrient,55,Groundnut,123
24,59,35,6.602916031,600,21,Chilated Micronutrient,55,Groundnut,126
45,30,32,6.268240676,600,30,Chilated Micronutrient,55,Groundnut,126
21,55,25,6.5,600,25,SSP,55,Groundnut,125
20,30,22,5.5,700,25,Ferrous Sulphate,55,Groundnut,124
51,30,30,6.594063192,600,30,Ferrous Sulphate,55,Groundnut,126
25,54,37,6.751144174,600,22,Chilated Micronutrient,55,Groundnut,126
47,30,30,6,600,30,Chilated Micronutrient,55,Groundnut,126
54,25,40,7,500,25,Chilated Micronutrient,55,Groundnut,130
42,20,20,5.5,500,25,Chilated Micronutrient,55,Groundnut,128
26,40,25,6.5,800,30,SSP,55,Groundnut,122
29,60,25,6,800,25,Chilated Micronutrient,55,Groundnut,124
22,47,37,7.5,700,27,SSP,55,Groundnut,124
27,35,25,6,800,30,Chilated Micronutrient,55,Groundnut,123
26,50,26,7,800,25,Chilated Micronutrient,55,Groundnut,123
24,30,20,5.5,700,25,Chilated Micronutrient,55,Groundnut,124
21,40,30,7.5,700,25,Chilated Micronutrient,55,Groundnut,122
24,50,35,7.5,700,30,SSP,55,Groundnut,124
21,55,25,6.5,600,25,SSP,55,Groundnut,125
60,30,31,7.272649017,600,30,MOP,55,Groundnut,128
57,30,32,7.076403138,600,30,Hydrated Lime,55,Groundnut,128
25,36,20,6,800,28,Chilated Micronutrient,55,Groundnut,123
21,40,30,6,800,25,Chilated Micronutrient,55,Groundnut,123
20,39,25,6.455926204,800,30,SSP,55,Groundnut,123
24,45,39,7.5,700,25,SSP,55,Groundnut,124
24,45,24,6.5,900,30,Chilated Micronutrient,55,Groundnut,124
28,40,40,6,800,25,Chilated Micronutrient,55,Groundnut,124
25,41,26,6.636952207,600,28,SSP,55,Groundnut,122
20,40,27,6.5,900,35,Chilated Micronutrient,55,Groundnut,124
29,45,25,6.5,900,30,Chilated Micronutrient,55,Groundnut,123
30,35,29,6,800,30,Magnesium Sulphate,55,Groundnut,122
25,43,31,6.895042319,600,26,SSP,55,Groundnut,123
50,25,35,6,500,25,SSP,55,Groundnut,128
25,48,31,6.651367211,800,26,Chilated Micronutrient,55,Groundnut,123
22,55,35,7.5,600,30,Chilated Micronutrient,55,Groundnut,125
28,60,35,6.5,600,20,Chilated Micronutrient,55,Groundnut,126
25,45,25,6.568921539,700,29,Chilated Micronutrient,55,Groundnut,122
29,30,20,5.5,700,25,Chilated Micronutrient,55,Groundnut,123
54,30,30,7.343629551,600,30,Magnesium Sulphate,55,Groundnut,127
24,50,35,7.5,700,30,SSP,55,Groundnut,124
25,35,24,6,800,29,Chilated Micronutrient,55,Groundnut,123
20,49,25,7.377189218,700,25,Chilated Micronutrient,55,Groundnut,123
30,40,26,6.5,900,35,Chilated Micronutrient,55,Groundnut,123
20,30,20,6,500,25,Chilated Micronutrient,55,Groundnut,126
20,60,38,6.186320879,700,25,DAP,55,Groundnut,126
30,35,24,6.418745395,600,29,Chilated Micronutrient,55,Groundnut,122
26,50,30,7,800,25,Chilated Micronutrient,55,Groundnut,123
23,60,25,6,800,25,Chilated Micronutrient,55,Groundnut,125
23,40,20,7,500,25,Chilated Micronutrient,55,Groundnut,124
58,25,31,6,500,25,Ferrous Sulphate,55,Groundnut,129
23,31,20,6,500,25,Ferrous Sulphate,55,Groundnut,125
48,30,27,7.372124826,600,30,SSP,55,Groundnut,125
55,25,31,6,500,25,DAP,55,Groundnut,128
30,50,26,7,800,25,Chilated Micronutrient,55,Groundnut,123
21,35,30,6,800,30,SSP,55,Groundnut,124
50,30,30,6.17140095,600,30,Chilated Micronutrient,55,Groundnut,126
57,25,40,7,500,25,Chilated Micronutrient,55,Groundnut,130
25,44,25,6.636481859,700,29,Chilated Micronutrient,55,Groundnut,122
50,25,30,6,500,25,Chilated Micronutrient,55,Groundnut,127
22,32,25,7.034299878,600,30,Hydrated Lime,55,Groundnut,124
57,30,32,6.980836978,600,30,Ferrous Sulphate,55,Groundnut,128
30,40,25,6.459227362,900,34,Chilated Micronutrient,55,Groundnut,123
30,37,22,6,800,27,Chilated Micronutrient,55,Groundnut,122
20,54,30,6.03284667,800,29,Chilated Micronutrient,55,Groundnut,125
20,35,20,6,800,29,Chilated Micronutrient,55,Groundnut,124
30,46,33,6.248226443,800,28,Chilated Micronutrient,55,Groundnut,122
20,52,37,7.288815977,600,27,Chilated Micronutrient,55,Groundnut,125
58,25,30,6,500,25,Chilated Micronutrient,55,Groundnut,129
30,30,29,5.5,700,25,Chilated Micronutrient,55,Groundnut,122
30,38,21,6.155736586,600,26,Chilated Micronutrient,55,Groundnut,122
47,30,20,7,600,30,SSP,55,Groundnut,126
56,30,35,6.5,600,30,Chilated Micronutrient,55,Groundnut,128
30,47,21,6.110048607,800,30,SSP,55,Groundnut,123
25,41,33,6.606340392,600,28,SSP,55,Groundnut,122
55,25,32,6,500,25,Hydrated Lime,55,Groundnut,129
50,25,39,6.975541316,500,25,Chilated Micronutrient,55,Groundnut,129
25,35,22,6,800,30,Chilated Micronutrient,55,Groundnut,123
25,40,27,6.5,900,35,Chilated Micronutrient,55,Groundnut,124
25,40,25,6.569683991,600,29,SSP,55,Groundnut,122
22,40,30,6,800,25,Chilated Micronutrient,55,Groundnut,123
30,35,29,6.092231436,800,30,SSP,55,Groundnut,122
60,25,36,6.299595912,500,25,MOP,55,Groundnut,130
30,38,30,6,800,26,DAP,55,Groundnut,122
23,45,30,6.5,800,25,SSP,55,Groundnut,123
57,25,35,6,500,25,SSP,55,Groundnut,129
28,46,25,6.700217978,700,28,Chilated Micronutrient,55,Groundnut,121
26,30,25,5.5,700,25,SSP,55,Groundnut,123
25,42,27,7.031768172,700,27,Chilated Micronutrient,55,Groundnut,121
28,50,30,7,800,25,Chilated Micronutrient,55,Groundnut,123
23,35,30,6,800,30,SSP,55,Groundnut,123
20,50,24,6.836564813,800,25,Chilated Micronutrient,55,Groundnut,124
20,42,27,6.912546396,700,27,Chilated Micronutrient,55,Groundnut,122
60,25,37,6.705955321,500,25,Chilated Micronutrient,55,Groundnut,130
46,20,27,6.2140592,500,25,Chilated Micronutrient,55,Groundnut,127
27,40,30,7.5,700,25,Chilated Micronutrient,55,Groundnut,121
22,45,22,6.5,900,30,Chilated Micronutrient,55,Groundnut,125
22,37,20,6.518912052,500,25,Ferrous Sulphate,55,Groundnut,125
30,42,30,6.251494026,800,25,Hydrated Lime,55,Groundnut,122
28,56,28,6,800,28,Chilated Micronutrient,55,Groundnut,123
29,40,25,6.5,900,35,Chilated Micronutrient,55,Groundnut,123
21,41,33,6.667181406,600,28,SSP,55,Groundnut,123
30,54,39,6.537751682,800,25,Magnesium Sulphate,55,Groundnut,125
21,35,25,6.5,600,30,Chilated Micronutrient,55,Groundnut,124
28,50,26,7,800,25,Chilated Micronutrient,55,Groundnut,123
25,40,25,6.448715205,900,34,Chilated Micronutrient,55,Groundnut,124
25,37,20,6.473421533,500,25,Hydrated Lime,55,Groundnut,124
44,30,28,6.199250229,600,30,DAP,55,Groundnut,125
20,50,30,6.989465718,800,25,Chilated Micronutrient,55,Groundnut,124
25,40,20,6.08010557,600,25,Chilated Micronutrient,55,Groundnut,123
24,50,24,7.5,700,25,Chilated Micronutrient,55,Groundnut,123
30,35,22,6,800,30,Chilated Micronutrient,55,Groundnut,123
27,50,30,7,800,25,Chilated Micronutrient,55,Groundnut,123
30,36,25,6.5,600,30,DAP,55,Groundnut,122
40,30,20,7,600,30,SSP,55,Groundnut,125
27,50,30,7,800,25,Chilated Micronutrient,55,Groundnut,123
20,30,27,5.5,700,25,Ferrous Sulphate,55,Groundnut,123
25,56,36,6.669635623,600,21,Chilated Micronutrient,55,Groundnut,126
30,50,27,7,800,25,Chilated Micronutrient,55,Groundnut,122
20,40,29,6.5,900,35,Chilated Micronutrient,55,Groundnut,125
22,45,40,7.5,700,25,SSP,55,Groundnut,124
27,60,25,6,800,25,Chilated Micronutrient,55,Groundnut,124
24,40,24,6.097342516,900,30,SSP,55,Groundnut,123
20,35,30,6,800,30,SSP,55,Groundnut,124
30,50,26,7,800,25,Chilated Micronutrient,55,Groundnut,123
20,55,25,6.5,600,25,SSP,55,Groundnut,125
20,40,40,6,800,25,Chilated Micronutrient,55,Groundnut,125
40,20,20,5.5,500,25,Chilated Micronutrient,55,Groundnut,127
21,30,25,7.5,600,30,SSP,55,Groundnut,124
20,57,22,6.703196154,600,27,SSP,55,Groundnut,125
20,36,25,6.5,600,30,DAP,55,Groundnut,124
55,30,40,6.5,600,30,SSP,55,Groundnut,129
48,23,33,6.183379613,500,25,Hydrated Lime,55,Groundnut,128
55,25,31,6,500,25,DAP,55,Groundnut,128
30,44,30,6.924064048,600,25,SSP,55,Groundnut,122
20,30,25,7.5,600,30,SSP,55,Groundnut,124
30,55,31,6.061777962,800,29,Chilated Micronutrient,55,Groundnut,123
25,58,21,6.821462782,600,28,SSP,55,Groundnut,125
55,25,33,6,500,25,MOP,55,Groundnut,129
20,50,29,7,800,25,Chilated Micronutrient,55,Groundnut,124
21,40,20,7,500,25,Chilated Micronutrient,55,Groundnut,125
23,50,30,7,800,25,Chilated Micronutrient,55,Groundnut,124
24,45,39,7.5,700,25,SSP,55,Groundnut,124
20,50,21,6.363059212,800,28,Hydrated Lime,55,Groundnut,125
20,60,40,6,700,25,Chilated Micronutrient,55,Groundnut,127
44,20,20,5.5,500,25,Chilated Micronutrient,55,Groundnut,128
23,60,35,6.5,600,20,Chilated Micronutrient,55,Groundnut,127
55,25,33,6,500,25,MOP,55,Groundnut,129
26,48,20,6.818621053,900,30,Hydrated Lime,55,Groundnut,125
55,30,35,6.5,600,30,Chilated Micronutrient,55,Groundnut,128
48,20,20,5.5,500,25,Chilated Micronutrient,55,Groundnut,129
25,44,20,6.487273633,600,29,Chilated Micronutrient,55,Groundnut,123
56,25,35,6,500,25,SSP,55,Groundnut,129
20,45,25,6.5,700,30,Chilated Micronutrient,55,Groundnut,123
25,37,27,6.21711169,800,30,SSP,55,Groundnut,122
55,25,35,6.014632688,500,25,Magnesium Sulphate,55,Groundnut,129
20,32,25,6.971065453,600,30,Ferrous Sulphate,55,Groundnut,124
29,40,29,6.5,900,35,Chilated Micronutrient,55,Groundnut,123
30,42,22,6.5,900,32,Chilated Micronutrient,55,Groundnut,123
27,45,20,6.5,600,30,Chilated Micronutrient,55,Groundnut,123
22,45,20,6.5,600,30,Chilated Micronutrient,55,Groundnut,124
25,36,28,6.150577073,800,30,SSP,55,Groundnut,123
20,40,27,6.5,900,35,Chilated Micronutrient,55,Groundnut,124
28,45,30,6.5,800,25,SSP,55,Groundnut,122
30,40,26,6.5,900,35,Chilated Micronutrient,55,Groundnut,123
27,40,20,6,800,25,Chilated Micronutrient,55,Groundnut,123
21,55,35,7.5,600,30,Chilated Micronutrient,55,Groundnut,126
20,30,30,5.5,700,25,Chilated Micronutrient,55,Groundnut,124
20,43,25,6.345610929,900,30,DAP,55,Groundnut,124
28,45,21,6.5,900,30,Chilated Micronutrient,55,Groundnut,124
50,20,30,6.411291938,500,25,DAP,55,Groundnut,128
27,47,37,7.5,700,27,SSP,55,Groundnut,123
25,60,20,7,600,30,SSP,55,Groundnut,125
20,40,27,6.250954623,900,32,Ferrous Sulphate,55,Groundnut,124
59,25,30,6,500,25,Chilated Micronutrient,55,Groundnut,129
24,40,30,7.5,700,25,Chilated Micronutrient,55,Groundnut,122
22,35,30,6,800,30,SSP,55,Groundnut,123
21,40,20,6,600,25,Chilated Micronutrient,55,Groundnut,124
59,30,40,6.5,600,30,SSP,55,Groundnut,129
24,39,20,6.859981461,500,25,Chilated Micronutrient,55,Groundnut,124
30,41,33,6.631841901,600,28,SSP,55,Groundnut,122
26,45,30,6.5,800,25,SSP,55,Groundnut,123
21,30,23,5.5,700,25,MOP,55,Groundnut,124
30,57,31,7.12536533,700,30,SSP,55,Groundnut,123
26,35,20,6,800,30,Chilated Micronutrient,55,Groundnut,124
25,37,27,6.247136925,800,30,SSP,55,Groundnut,122
20,42,32,6,800,27,Chilated Micronutrient,55,Groundnut,123
30,46,29,6.919053482,600,25,SSP,55,Groundnut,122
20,40,22,6.5,900,35,Hydrated Lime,55,Groundnut,125
26,50,20,6,800,30,SSP,55,Groundnut,124
30,37,30,6,800,27,Hydrated Lime,55,Groundnut,122
26,40,20,7,500,25,Chilated Micronutrient,55,Groundnut,124
25,49,30,6.979313589,800,25,Chilated Micronutrient,55,Groundnut,123
20,35,25,6.5,600,30,DAP,55,Groundnut,124
25,40,25,6.5,800,30,SSP,55,Groundnut,122
30,35,21,6,800,30,Chilated Micronutrient,55,Groundnut,123
20,55,24,6.534124853,600,25,SSP,55,Groundnut,125
20,44,25,6.662921009,700,29,Chilated Micronutrient,55,Groundnut,123
27,50,30,7,800,25,Chilated Micronutrient,55,Groundnut,123
25,40,29,6.5,900,35,Chilated Micronutrient,55,Groundnut,124
28,40,35,6.5,600,30,SSP,55,Groundnut,123
55,30,33,6.889595333,600,30,Ferrous Sulphate,55,Groundnut,127
50,20,30,6.474653399,500,25,Chilated Micronutrient,55,Groundnut,128
23,48,36,7.5,700,28,SSP,55,Groundnut,124
25,40,24,6.5,900,35,Chilated Micronutrient,55,Groundnut,124
20,30,25,5.5,700,25,Magnesium Sulphate,55,Groundnut,124
25,45,22,6.5,900,30,Chilated Micronutrient,55,Groundnut,124
27,30,30,5.5,700,25,Chilated Micronutrient,55,Groundnut,123
27,30,25,7.5,600,30,SSP,55,Groundnut,123
20,40,24,6.081006939,900,30,SSP,55,Groundnut,124
25,45,20,6.57923517,900,30,Chilated Micronutrient,55,Groundnut,124
24,54,20,7.5,700,29,Chilated Micronutrient,55,Groundnut,124
40,20,29,6.455236313,500,25,Chilated Micronutrient,55,Groundnut,126
50,25,38,6.845327859,500,25,Chilated Micronutrient,55,Groundnut,129
60,30,36,6.876667449,600,30,SSP,55,Groundnut,129
27,60,35,6.474237309,700,27,Ferrous Sulphate,55,Groundnut,124
26,45,20,6.5,600,30,Chilated Micronutrient,55,Groundnut,123
30,43,31,6.824229919,600,26,SSP,55,Groundnut,122
20,55,37,6.619190326,700,27,Ferrous Sulphate,55,Groundnut,125
20,46,20,6.647537225,900,30,DAP,55,Groundnut,125
27,45,30,6.5,800,25,SSP,55,Groundnut,123
30,40,22,6.5,900,35,Hydrated Lime,55,Groundnut,124
20,40,29,6.5,900,35,Chilated Micronutrient,55,Groundnut,125
24,30,25,7.422234656,600,30,Magnesium Sulphate,55,Groundnut,124
25,54,20,7.5,700,29,Chilated Micronutrient,55,Groundnut,124
30,55,35,7.467699388,600,29,Chilated Micronutrient,55,Groundnut,124
25,44,25,6.505253819,700,29,Chilated Micronutrient,55,Groundnut,122
25,30,25,7.396906254,600,30,Magnesium Sulphate,55,Groundnut,123
20,48,25,7.185403443,700,26,Chilated Micronutrient,55,Groundnut,123
20,40,24,6.403715126,800,29,MOP,55,Groundnut,123
20,39,20,6.962098786,500,25,Chilated Micronutrient,55,Groundnut,125
56,25,33,6,500,25,MOP,55,Groundnut,129
43,30,30,6,600,30,Chilated Micronutrient,55,Groundnut,125
27,35,22,6,800,30,Chilated Micronutrient,55,Groundnut,123
24,40,25,6.5,900,35,Chilated Micronutrient,55,Groundnut,124
30,44,25,6.5,900,30,Chilated Micronutrient,55,Groundnut,123
20,57,31,7.120803793,700,30,SSP,55,Groundnut,125
20,33,25,6.861050615,600,30,Ferrous Sulphate,55,Groundnut,124
26,35,20,6,800,30,Chilated Micronutrient,55,Groundnut,124
30,35,26,6,800,30,DAP,55,Groundnut,122
21,38,26,6.31861579,800,30,SSP,55,Groundnut,123
30,50,30,7,800,25,Chilated Micronutrient,55,Groundnut,123
25,49,25,7.403363813,700,25,Chilated Micronutrient,55,Groundnut,123
25,51,33,6.82333246,800,25,Ferrous Sulphate,55,Groundnut,124
25,45,21,6.5,900,30,Chilated Micronutrient,55,Groundnut,124
50,30,35,6.5,600,30,Chilated Micronutrient,55,Groundnut,127
25,40,25,6.334958732,900,33,DAP,55,Groundnut,124
30,50,29,7,800,25,Chilated Micronutrient,55,Groundnut,123
27,50,30,7,800,25,Chilated Micronutrient,55,Groundnut,123
55,30,30,7.4993535,600,30,Magnesium Sulphate,55,Groundnut,127
27,40,20,6.5,900,35,SSP,55,Groundnut,124
27,40,30,6.5,900,35,Chilated Micronutrient,55,Groundnut,124
20,56,36,6.656427428,600,21,Chilated Micronutrient,55,Groundnut,127
29,30,25,7.379477421,600,30,Magnesium Sulphate,55,Groundnut,123
23,50,35,7.5,700,30,SSP,55,Groundnut,124
25,50,25,7,800,25,Chilated Micronutrient,55,Groundnut,123
25,40,33,6.5,600,30,SSP,55,Groundnut,123
60,30,37,6.5,600,30,Ferrous Sulphate,55,Groundnut,129
20,43,20,6.5,900,31,DAP,55,Groundnut,125
26,40,30,6.5,900,35,Chilated Micronutrient,55,Groundnut,124
54,25,40,7,500,25,Chilated Micronutrient,55,Groundnut,130
24,40,30,7.5,700,25,Chilated Micronutrient,55,Groundnut,122
27,45,25,6.5,900,30,Chilated Micronutrient,55,Groundnut,123
26,33,25,6.855453349,600,30,Ferrous Sulphate,55,Groundnut,123
23,45,21,6.5,900,30,Chilated Micronutrient,55,Groundnut,125
23,55,25,6.5,600,25,SSP,55,Groundnut,124
22,30,20,5.5,700,25,Chilated Micronutrient,55,Groundnut,124
22,30,25,5.5,700,25,SSP,55,Groundnut,123
50,25,30,6,500,25,Chilated Micronutrient,55,Groundnut,127
22,45,25,6.5,900,30,Chilated Micronutrient,55,Groundnut,124
60,30,32,6.941032162,600,30,Ferrous Sulphate,55,Groundnut,128
24,45,20,6.5,600,30,Chilated Micronutrient,55,Groundnut,124
22,60,35,6.5,600,20,Chilated Micronutrient,55,Groundnut,127
25,49,35,7.5,700,29,SSP,55,Groundnut,123
44,30,20,7,600,30,SSP,55,Groundnut,126
30,40,21,6.5,900,35,Hydrated Lime,55,Groundnut,124
20,50,26,7,800,25,Chilated Micronutrient,55,Groundnut,124
47,20,25,6.02016811,500,25,Chilated Micronutrient,55,Groundnut,127
27,47,20,6.786591472,900,30,Hydrated Lime,55,Groundnut,124
30,50,24,7.5,700,25,Chilated Micronutrient,55,Groundnut,122
27,50,25,7.5,700,25,Chilated Micronutrient,55,Groundnut,122
22,40,27,6.5,900,35,Chilated Micronutrient,55,Groundnut,124
25,35,24,6,800,30,Chilated Micronutrient,55,Groundnut,123
25,40,20,6,600,25,Chilated Micronutrient,55,Groundnut,123
20,40,25,6.5,600,30,SSP,55,Groundnut,123
51,25,33,6,500,25,Hydrated Lime,55,Groundnut,128
30,50,30,7,800,25,Chilated Micronutrient,55,Groundnut,123
30,50,39,6.964985147,600,24,Chilated Micronutrient,55,Groundnut,125
29,40,25,6.5,600,30,SSP,55,Groundnut,122
25,50,20,7,900,30,SSP,55,Groundnut,125
29,50,29,7,800,25,Chilated Micronutrient,55,Groundnut,123
45,20,30,6.481201613,500,25,Chilated Micronutrient,55,Groundnut,127
25,37,20,6.479781327,500,25,Hydrated Lime,55,Groundnut,124
20,32,25,6.919242793,600,30,Ferrous Sulphate,55,Groundnut,124
50,25,31,6,500,25,DAP,55,Groundnut,128
28,50,26,7,800,25,Chilated Micronutrient,55,Groundnut,123
20,60,25,6,800,25,Chilated Micronutrient,55,Groundnut,125
46,30,30,6.504555696,600,30,Ferrous Sulphate,55,Groundnut,125
47,22,30,6.238740404,500,25,Chilated Micronutrient,55,Groundnut,127
25,40,27,6.5,600,30,SSP,55,Groundnut,122
30,50,39,7.001673181,600,25,Chilated Micronutrient,55,Groundnut,124
27,45,30,7,600,25,SSP,55,Groundnut,123
28,40,40,6,800,25,Chilated Micronutrient,55,Groundnut,124
21,60,35,6.5,600,20,Chilated Micronutrient,55,Groundnut,127
23,51,38,7.142223342,600,26,Chilated Micronutrient,55,Groundnut,125
30,37,22,6.294554267,600,27,Chilated Micronutrient,55,Groundnut,122
30,46,20,6.638632823,900,30,DAP,55,Groundnut,124
30,45,39,7.5,700,25,SSP,55,Groundnut,123
25,35,25,6.5,600,30,Chilated Micronutrient,55,Groundnut,123
30,30,20,5.5,700,25,Chilated Micronutrient,55,Groundnut,123
30,56,23,6.69581507,600,26,SSP,55,Groundnut,124
25,30,20,5.5,700,25,Chilated Micronutrient,55,Groundnut,124
30,40,24,6.021792151,900,30,SSP,55,Groundnut,123
51,25,33,6,500,25,MOP,55,Groundnut,128
23,30,25,5.5,700,25,SSP,55,Groundnut,123
60,30,34,7.088554229,600,30,SSP,55,Groundnut,128
54,24,30,6.008834742,500,25,Chilated Micronutrient,55,Groundnut,128
30,30,24,5.5,700,25,Magnesium Sulphate,55,Groundnut,122
30,50,26,7,800,25,Chilated Micronutrient,55,Groundnut,123
20,55,20,7.5,700,30,Chilated Micronutrient,55,Groundnut,125
25,55,35,7.48918491,600,29,Chilated Micronutrient,55,Groundnut,125
20,35,28,6,800,30,MOP,55,Groundnut,123
25,40,25,6.5,800,29,SSP,55,Groundnut,122
22,55,25,6.5,600,25,SSP,55,Groundnut,124
24,35,25,6.5,600,30,Chilated Micronutrient,55,Groundnut,123
30,40,28,6.5,900,35,Chilated Micronutrient,55,Groundnut,123
20,45,30,7,600,25,SSP,55,Groundnut,124
24,30,20,5.5,700,25,Chilated Micronutrient,55,Groundnut,124
20,44,25,6.546945357,700,29,Chilated Micronutrient,55,Groundnut,123
20,50,21,6.384090611,800,28,Hydrated Lime,55,Groundnut,125
55,25,34,6,500,25,Magnesium Sulphate,55,Groundnut,129
20,44,30,6.978635131,600,25,SSP,55,Groundnut,124
30,30,25,5.5,700,25,MOP,55,Groundnut,122
20,40,25,6.400384844,900,34,DAP,55,Groundnut,125
30,41,26,6.5,800,28,SSP,55,Groundnut,121
28,40,23,6.108162012,900,31,SSP,55,Groundnut,123
25,57,22,6.740869817,600,27,SSP,55,Groundnut,124
22,42,37,6,800,27,Chilated Micronutrient,55,Groundnut,124
22,50,20,7,900,30,SSP,55,Groundnut,125
26,50,40,7,600,25,Chilated Micronutrient,55,Groundnut,125
30,57,35,7.015247924,600,25,Chilated Micronutrient,55,Groundnut,124
30,42,27,6.991186341,700,27,Chilated Micronutrient,55,Groundnut,120
20,40,24,6.001832112,900,30,SSP,55,Groundnut,124
20,50,25,7.5,700,25,Chilated Micronutrient,55,Groundnut,124
30,42,32,6,800,27,Chilated Micronutrient,55,Groundnut,122
53,30,36,6.5,600,30,Ferrous Sulphate,55,Groundnut,128
20,30,26,5.5,700,25,MOP,55,Groundnut,124
29,39,20,6.96513484,500,25,Chilated Micronutrient,55,Groundnut,123
24,45,20,6.5,600,30,Chilated Micronutrient,55,Groundnut,124
25,50,25,7,800,25,Chilated Micronutrient,55,Groundnut,123
22,40,30,7.5,700,25,Chilated Micronutrient,55,Groundnut,122
30,31,20,6,500,25,Ferrous Sulphate,55,Groundnut,124
23,60,35,6.5,600,20,Chilated Micronutrient,55,Groundnut,127
24,60,40,6,700,25,Chilated Micronutrient,55,Groundnut,126
29,40,20,6.022188332,600,25,Chilated Micronutrient,55,Groundnut,123
24,50,24,6.852193533,800,25,Chilated Micronutrient,55,Groundnut,124
20,30,20,5.5,700,25,Chilated Micronutrient,55,Groundnut,125
20,36,20,6.670948635,500,25,Chilated Micronutrient,55,Groundnut,125
25,45,24,6.5,900,30,Chilated Micronutrient,55,Groundnut,124
28,30,26,5.5,700,25,MOP,55,Groundnut,122
30,41,23,6.5,600,30,MOP,55,Groundnut,122
30,35,23,6,800,30,Chilated Micronutrient,55,Groundnut,123
20,59,35,6.50508214,600,20,Chilated Micronutrient,55,Groundnut,127
26,60,35,6.5,600,20,Chilated Micronutrient,55,Groundnut,126
30,44,35,6,800,29,Chilated Micronutrient,55,Groundnut,123
55,30,32,7.032602519,600,30,Hydrated Lime,55,Groundnut,127
20,35,20,6,800,29,Chilated Micronutrient,55,Groundnut,124
40,30,30,6,600,30,Chilated Micronutrient,55,Groundnut,124
24,40,20,6.5,900,35,SSP,55,Groundnut,125
29,50,20,6,800,30,SSP,55,Groundnut,124
29,40,20,6,800,25,Chilated Micronutrient,55,Groundnut,123
21,45,40,7.5,700,25,SSP,55,Groundnut,125
27,37,20,6.51607902,500,25,Ferrous Sulphate,55,Groundnut,124
25,40,39,6,800,25,Chilated Micronutrient,55,Groundnut,124
22,60,20,7,600,30,SSP,55,Groundnut,126
30,48,31,6.66211201,800,26,Chilated Micronutrient,55,Groundnut,123
22,45,22,6.5,900,30,Chilated Micronutrient,55,Groundnut,125
29,50,30,7,800,25,Chilated Micronutrient,55,Groundnut,123
26,30,20,5.5,700,25,Chilated Micronutrient,55,Groundnut,124
22,45,30,6.5,800,25,SSP,55,Groundnut,123
24,44,25,6.631839196,700,29,Chilated Micronutrient,55,Groundnut,122
28,35,21,6,800,30,Chilated Micronutrient,55,Groundnut,123
25,60,25,6,800,25,Chilated Micronutrient,55,Groundnut,125
48,20,20,5.5,500,25,Chilated Micronutrient,55,Groundnut,129
21,50,26,7,800,25,Chilated Micronutrient,55,Groundnut,124
30,46,30,6.619345016,800,25,MOP,55,Groundnut,122
55,25,34,6,500,25,Magnesium Sulphate,55,Groundnut,129
25,40,39,6,800,25,Chilated Micronutrient,55,Groundnut,124
51,25,30,6,500,25,Chilated Micronutrient,55,Groundnut,128
20,40,25,6.09461077,900,30,MOP,55,Groundnut,124
20,44,25,6.440818566,900,30,Chilated Micronutrient,55,Groundnut,124
40,20,29,6.461315288,500,25,Chilated Micronutrient,55,Groundnut,126
20,50,27,7,800,25,Chilated Micronutrient,55,Groundnut,124
20,40,20,7,500,25,Chilated Micronutrient,55,Groundnut,125
30,35,25,6.002572585,800,30,Chilated Micronutrient,55,Groundnut,122
25,50,31,6.909973459,800,25,DAP,55,Groundnut,124
22,50,20,7,900,30,SSP,55,Groundnut,125
30,45,29,6.954350655,600,25,SSP,55,Groundnut,122
25,50,30,7,800,25,Chilated Micronutrient,55,Groundnut,124
47,20,30,6.5,500,25,Chilated Micronutrient,55,Groundnut,128
26,35,20,6,800,30,Chilated Micronutrient,55,Groundnut,124
21,40,26,6.5,900,35,Chilated Micronutrient,55,Groundnut,124
20,30,25,5.5,700,25,MOP,55,Groundnut,124
20,50,30,7,800,25,Chilated Micronutrient,55,Groundnut,124
30,40,26,6.5,900,35,Chilated Micronutrient,55,Groundnut,123
20,32,20,6,500,25,Ferrous Sulphate,55,Groundnut,126
29,55,30,6,800,30,Chilated Micronutrient,55,Groundnut,123
25,41,25,6.5,900,33,Chilated Micronutrient,55,Groundnut,124
24,45,20,6.5,900,30,Chilated Micronutrient,55,Groundnut,125
30,40,34,6.59066029,600,29,SSP,55,Groundnut,122
24,40,30,7.5,700,25,Chilated Micronutrient,55,Groundnut,122
23,48,20,6.858328526,900,30,MOP,55,Groundnut,125
20,35,24,6.490786141,600,29,Chilated Micronutrient,55,Groundnut,124
60,30,37,6.5,600,30,Hydrated Lime,55,Groundnut,129
21,60,35,6.5,600,20,Chilated Micronutrient,55,Groundnut,127
26,40,30,7.5,700,25,Chilated Micronutrient,55,Groundnut,122
24,54,20,7.5,700,29,Chilated Micronutrient,55,Groundnut,124
48,30,27,7.376849417,600,30,SSP,55,Groundnut,125
23,40,25,6.5,600,30,SSP,55,Groundnut,123
25,45,25,6.673753475,700,29,Chilated Micronutrient,55,Groundnut,122
20,52,25,6.770854109,800,25,Chilated Micronutrient,55,Groundnut,124
24,30,25,5.5,700,25,SSP,55,Groundnut,123
30,40,30,6,800,25,Chilated Micronutrient,55,Groundnut,122
30,41,23,6.5,900,33,Chilated Micronutrient,55,Groundnut,123
28,56,23,6.645713998,600,26,SSP,55,Groundnut,124
22,42,20,6.263213056,600,27,Chilated Micronutrient,55,Groundnut,123
29,30,30,5.5,700,25,Chilated Micronutrient,55,Groundnut,122
29,50,20,6,800,30,SSP,55,Groundnut,124
20,55,40,6.5,800,25,SSP,55,Groundnut,127
50,30,30,6.014777441,600,30,Chilated Micronutrient,55,Groundnut,126
30,40,21,6.5,900,35,MOP,55,Groundnut,124
25,37,20,6.445958307,500,25,Hydrated Lime,55,Groundnut,124
55,25,33,6,500,25,Hydrated Lime,55,Groundnut,129
27,40,30,7.5,700,25,Chilated Micronutrient,55,Groundnut,121
25,36,23,6.30819387,600,28,Chilated Micronutrient,55,Groundnut,123
20,40,35,6.5,600,30,SSP,55,Groundnut,124
28,45,40,7.5,700,25,SSP,55,Groundnut,123
26,43,20,6.314083235,600,28,Chilated Micronutrient,55,Groundnut,123
54,25,35,6,500,25,SSP,55,Groundnut,129
53,30,30,7.121236875,600,30,MOP,55,Groundnut,127
30,44,20,6.5,600,30,Chilated Micronutrient,55,Groundnut,123
24,39,20,6.841061717,500,25,Chilated Micronutrient,55,Groundnut,124
50,30,37,6.5,600,30,Ferrous Sulphate,55,Groundnut,127
24,45,20,6.527848183,900,30,Chilated Micronutrient,55,Groundnut,125
30,39,20,6.89780638,500,25,Chilated Micronutrient,55,Groundnut,123
49,20,20,5.5,500,25,Chilated Micronutrient,55,Groundnut,129
25,42,27,6.972975904,700,27,Chilated Micronutrient,55,Groundnut,121
54,24,30,6.087039617,500,25,Chilated Micronutrient,55,Groundnut,128
21,45,23,6.5,900,30,Chilated Micronutrient,55,Groundnut,124
55,25,35,6.160052835,500,25,Magnesium Sulphate,55,Groundnut,129
60,25,38,6.77282278,500,25,DAP,55,Groundnut,130
41,20,27,6.269946317,500,25,Chilated Micronutrient,55,Groundnut,126
29,45,20,6.5,900,30,Chilated Micronutrient,55,Groundnut,124
49,30,28,6.131945677,600,30,Chilated Micronutrient,55,Groundnut,126
24,30,25,5.5,700,25,Magnesium Sulphate,55,Groundnut,123
29,50,30,7,800,25,Chilated Micronutrient,55,Groundnut,123
23,30,20,5.5,700,25,Chilated Micronutrient,55,Groundnut,124
20,50,30,6.909524511,800,25,Chilated Micronutrient,55,Groundnut,124
20,34,20,6,500,25,Magnesium Sulphate,55,Groundnut,125
25,30,20,6,500,25,Chilated Micronutrient,55,Groundnut,125
30,48,36,7.5,700,28,SSP,55,Groundnut,123
27,42,20,6.221149381,600,27,Chilated Micronutrient,55,Groundnut,123
41,30,23,6.68804801,600,30,MOP,55,Groundnut,125
23,56,23,6.66037137,600,26,SSP,55,Groundnut,125
51,30,36,6.5,600,30,DAP,55,Groundnut,127
21,50,30,7,800,25,Chilated Micronutrient,55,Groundnut,124
51,30,38,6.5,600,30,MOP,55,Groundnut,128
50,30,31,7.368122813,600,30,SSP,55,Groundnut,126
27,40,30,7.5,700,25,Chilated Micronutrient,55,Groundnut,121
30,40,27,6.218624857,900,32,Hydrated Lime,55,Groundnut,122
22,45,22,6.5,900,30,Chilated Micronutrient,55,Groundnut,125
50,22,25,5.771616403,500,25,Chilated Micronutrient,55,Groundnut,128
25,55,25,6.5,600,25,SSP,55,Groundnut,124
30,36,23,6.398149375,600,28,Chilated Micronutrient,55,Groundnut,122
59,25,35,6.09116449,500,25,Magnesium Sulphate,55,Groundnut,130
20,50,39,7.076829019,600,25,Chilated Micronutrient,55,Groundnut,126
25,42,32,6.773153183,600,27,SSP,55,Groundnut,123
22,50,30,7,800,25,Chilated Micronutrient,55,Groundnut,124
20,50,20,6,800,30,SSP,55,Groundnut,125
20,51,32,6.898398914,800,25,DAP,55,Groundnut,125
25,40,21,6.352916013,900,33,SSP,55,Groundnut,124
30,40,34,6.544081983,600,29,SSP,55,Groundnut,122
20,40,24,6.483755632,800,30,SSP,55,Groundnut,123
29,50,30,7,800,25,Chilated Micronutrient,55,Groundnut,123
22,55,25,6.5,600,25,SSP,55,Groundnut,124
30,39,25,6.499384082,800,30,SSP,55,Groundnut,122
47,20,30,6.5,500,25,Chilated Micronutrient,55,Groundnut,128
23,60,40,6,700,25,Chilated Micronutrient,55,Groundnut,126
60,25,38,6.752460044,500,25,DAP,55,Groundnut,130
25,30,22,5.5,700,25,Ferrous Sulphate,55,Groundnut,123
23,33,20,6,500,25,MOP,55,Groundnut,125
30,40,20,6.080412735,600,25,Chilated Micronutrient,55,Groundnut,123
25,48,31,6.651519467,800,26,Chilated Micronutrient,55,Groundnut,123
26,40,30,6.5,900,35,Chilated Micronutrient,55,Groundnut,124
22,52,22,7.5,700,27,Chilated Micronutrient,55,Groundnut,124
27,40,25,6.5,900,35,Chilated Micronutrient,55,Groundnut,124
49,20,20,5.5,500,25,Chilated Micronutrient,55,Groundnut,129
50,30,39,6.5,600,30,Magnesium Sulphate,55,Groundnut,128
52,25,30,6,500,25,Chilated Micronutrient,55,Groundnut,128
25,43,33,6,800,28,Chilated Micronutrient,55,Groundnut,123
21,35,21,6,800,30,Chilated Micronutrient,55,Groundnut,124
29,60,30,7,700,30,SSP,55,Groundnut,123
21,36,20,6.278112372,500,25,MOP,55,Groundnut,125
58,25,40,7,500,25,Chilated Micronutrient,55,Groundnut,131
23,60,25,6,800,25,Chilated Micronutrient,55,Groundnut,125
55,30,35,6.5,600,30,Chilated Micronutrient,55,Groundnut,128
20,50,30,7,800,25,Chilated Micronutrient,55,Groundnut,124
20,30,27,5.5,700,25,Chilated Micronutrient,55,Groundnut,123
48,23,33,6.12541918,500,25,MOP,55,Groundnut,128
24,45,25,6.5,900,30,Chilated Micronutrient,55,Groundnut,124
29,30,25,7.397207596,600,30,Magnesium Sulphate,55,Groundnut,123
27,50,27,7,800,25,Chilated Micronutrient,55,Groundnut,123
29,40,35,6.5,600,30,SSP,55,Groundnut,123
22,60,25,6,800,25,Chilated Micronutrient,55,Groundnut,125
21,40,21,6.39482521,900,33,SSP,55,Groundnut,125
21,55,40,6.5,800,25,SSP,55,Groundnut,127
23,30,20,6,500,25,Chilated Micronutrient,55,Groundnut,125
30,55,24,6.529381248,600,25,SSP,55,Groundnut,123
20,50,35,7.5,700,30,SSP,55,Groundnut,124
42,20,25,6.034242206,500,25,Chilated Micronutrient,55,Groundnut,127
29,50,24,6.882533486,800,25,Chilated Micronutrient,55,Groundnut,123
49,20,20,5.5,500,25,Chilated Micronutrient,55,Groundnut,129
21,50,20,6,800,30,SSP,55,Groundnut,125
25,53,36,6.678900675,800,25,Hydrated Lime,55,Groundnut,125
20,46,33,6.322094702,800,28,Chilated Micronutrient,55,Groundnut,124
25,39,25,6.488733193,800,30,SSP,55,Groundnut,122
60,30,36,6.5,600,30,DAP,55,Groundnut,129
53,25,40,7,500,25,Chilated Micronutrient,55,Groundnut,130
25,34,25,6.678559272,600,30,DAP,55,Groundnut,123
20,45,20,6.5,600,30,Chilated Micronutrient,55,Groundnut,124
25,48,30,6.835192729,800,25,DAP,55,Groundnut,123
30,40,20,6.475774987,900,34,SSP,55,Groundnut,124
55,30,39,6.5,600,30,Magnesium Sulphate,55,Groundnut,129
24,40,24,6.051889349,900,30,SSP,55,Groundnut,123
20,37,30,6,800,27,Ferrous Sulphate,55,Groundnut,123
53,30,30,7.5,600,30,SSP,55,Groundnut,127
23,36,25,6.5,600,30,Ferrous Sulphate,55,Groundnut,123
40,20,27,6.201164114,500,25,Chilated Micronutrient,55,Groundnut,126
49,30,34,6.467600908,600,30,Chilated Micronutrient,55,Groundnut,127
20,30,20,5.5,700,25,Chilated Micronutrient,55,Groundnut,125
40,30,26,6.37469534,600,30,Ferrous Sulphate,55,Groundnut,124
23,45,30,6.5,800,25,SSP,55,Groundnut,123
46,30,20,7,600,30,SSP,55,Groundnut,126
30,50,27,7,800,25,Chilated Micronutrient,55,Groundnut,122
21,60,30,7,700,30,SSP,55,Groundnut,125
64,40,40,6,800,25,10:26:26 NPK,50,Jowar,108
70,55,40,6.5,900,30,SSP,50,Jowar,110
59,40,25,7,600,35,SSP,50,Jowar,109
76,48,46,7,800,25,Urea,50,Jowar,110
72,40,40,6,800,25,10:26:26 NPK,50,Jowar,108
43,40,35,6,400,25,Urea,50,Jowar,109
60,55,45,6.435672899,800,25,Urea,50,Jowar,110
52,25,27,6.865019658,400,25,Urea,50,Jowar,110
75,40,60,6,800,25,Sulphur,50,Jowar,111
34,30,25,7,700,25,Urea,50,Jowar,109
50,35,20,7.079323224,700,25,SSP,50,Jowar,108
75,58,58,6.120164648,800,25,10:26:26 NPK,50,Jowar,113
41,20,25,7,800,25,10:26:26 NPK,50,Jowar,110
70,60,45,7,800,25,SSP,50,Jowar,111
30,25,40,6.5,600,30,10:26:26 NPK,50,Jowar,109
60,46,55,7.5,900,30,SSP,50,Jowar,110
64,35,35,6.489755264,800,29,10:26:26 NPK,50,Jowar,107
41,20,35,7.5,400,25,10:26:26 NPK,50,Jowar,110
75,49,45,7,800,25,Urea,50,Jowar,110
21,35,30,7.5,800,30,Urea,50,Jowar,109
70,50,45,7,800,25,Urea,50,Jowar,110
70,53,60,6,800,25,Sulphur,50,Jowar,112
57,24,27,7,500,30,SSP,50,Jowar,109
53,29,31,6.675113159,800,28,10:26:26 NPK,50,Jowar,107
79,40,55,7.5,900,30,10:26:26 NPK,50,Jowar,111
75,54,60,6,800,25,Sulphur,50,Jowar,112
45,30,40,6,400,25,SSP,50,Jowar,109
58,35,25,7,700,25,10:26:26 NPK,50,Jowar,107
79,55,55,7.5,900,30,10:26:26 NPK,50,Jowar,113
54,35,25,7,400,25,10:26:26 NPK,50,Jowar,109
25,35,40,7.5,800,30,SSP,50,Jowar,109
72,52,47,7,800,25,10:26:26 NPK,50,Jowar,110
51,33,30,6.841981885,600,23,Sulphur,50,Jowar,108
75,51,60,6,800,25,SSP,50,Jowar,112
40,20,20,6.028054198,600,25,10:26:26 NPK,50,Jowar,111
24,30,39,7,700,29,Sulphur,50,Jowar,109
40,28,25,7,500,30,Sulphur,50,Jowar,110
53,40,25,7,600,35,SSP,50,Jowar,108
65,50,49,7,800,25,10:26:26 NPK,50,Jowar,110
58,38,20,7.338584171,700,28,Sulphur,50,Jowar,107
50,37,27,7.213316479,600,35,SSP,50,Jowar,108
54,20,20,6,400,25,10:26:26 NPK,50,Jowar,111
65,55,50,7.5,900,30,Urea,50,Jowar,111
60,44,55,7.5,900,30,Hydrated Lime,50,Jowar,110
40,28,36,6.938909505,600,35,SSP,50,Jowar,109
49,40,30,7.5,500,30,10:26:26 NPK,50,Jowar,108
63,40,40,7,900,35,10:26:26 NPK,50,Jowar,109
31,30,38,7,700,28,Sulphur,50,Jowar,108
52,35,25,7,400,25,10:26:26 NPK,50,Jowar,109
56,30,35,7.5,500,30,Urea,50,Jowar,107
53,35,25,7,400,25,10:26:26 NPK,50,Jowar,109
54,30,30,7,600,35,10:26:26 NPK,50,Jowar,108
43,30,36,6.618253884,700,25,SSP,50,Jowar,107
78,55,45,7,800,25,10:26:26 NPK,50,Jowar,111
76,43,41,6.5,900,30,Urea,50,Jowar,109
48,35,20,6.5,500,30,SSP,50,Jowar,109
65,48,53,6.681613669,800,25,10:26:26 NPK,50,Jowar,110
63,46,43,6.5,900,30,10:26:26 NPK,50,Jowar,109
72,40,55,7.5,900,30,10:26:26 NPK,50,Jowar,110
67,30,37,6,700,25,Sulphur,50,Jowar,107
46,25,30,7,400,25,Urea,50,Jowar,110
38,25,25,6.5,600,25,10:26:26 NPK,50,Jowar,110
55,35,20,6.5,500,30,SSP,50,Jowar,109
34,25,35,6.5,600,25,Urea,50,Jowar,109
60,52,52,7.5,900,30,Urea,50,Jowar,110
55,30,29,6.032419448,700,25,10:26:26 NPK,50,Jowar,107
47,40,40,6,500,30,10:26:26 NPK,50,Jowar,108
42,25,25,6.5,700,30,10:26:26 NPK,50,Jowar,109
35,25,25,6.5,600,25,10:26:26 NPK,50,Jowar,110
37,25,30,6.5,600,30,SSP,50,Jowar,109
48,25,35,7.5,600,35,SSP,50,Jowar,109
80,59,41,6.627689729,900,30,Urea,50,Jowar,111
55,32,30,7.125008225,600,33,10:26:26 NPK,50,Jowar,108
40,33,40,6,500,30,10:26:26 NPK,50,Jowar,108
70,55,40,6.5,900,30,SSP,50,Jowar,110
37,25,40,6.5,600,30,10:26:26 NPK,50,Jowar,109
78,40,50,7,800,25,SSP,50,Jowar,110
53,35,25,7,400,25,10:26:26 NPK,50,Jowar,109
68,60,45,6.26009124,800,25,Sulphur,50,Jowar,111
66,55,40,6.5,900,30,SSP,50,Jowar,110
53,20,20,6,400,25,10:26:26 NPK,50,Jowar,111
42,25,35,7.5,600,35,SSP,50,Jowar,109
70,40,32,7,900,35,SSP,50,Jowar,109
25,30,31,7,700,28,20:20:20 NPK,50,Jowar,109
26,35,25,7.5,800,25,SSP,50,Jowar,110
45,39,35,6,400,25,Sulphur,50,Jowar,108
59,40,35,7,900,35,SSP,50,Jowar,108
79,55,45,7,800,25,10:26:26 NPK,50,Jowar,111
54,30,40,6,700,25,SSP,50,Jowar,107
76,45,55,7.5,900,30,SSP,50,Jowar,111
40,25,20,6.5,400,25,Urea,50,Jowar,112
46,25,20,6.5,400,25,Urea,50,Jowar,111
77,47,55,7.5,900,30,SSP,50,Jowar,111
57,30,30,7,600,35,10:26:26 NPK,50,Jowar,108
64,39,39,6.041642206,800,25,10:26:26 NPK,50,Jowar,107
50,40,40,7,900,35,10:26:26 NPK,50,Jowar,108
53,35,40,6.5,800,30,Urea,50,Jowar,107
67,40,55,7.5,900,30,10:26:26 NPK,50,Jowar,110
47,35,40,6,600,35,Urea,50,Jowar,108
50,40,30,7.5,600,30,10:26:26 NPK,50,Jowar,107
56,40,20,6.5,400,25,Urea,50,Jowar,110
64,54,45,7,800,25,10:26:26 NPK,50,Jowar,110
25,25,35,6.5,600,25,Urea,50,Jowar,110
20,35,29,7.5,800,29,Sulphur,50,Jowar,110
44,20,40,6,600,35,Urea,50,Jowar,110
34,30,35,7,700,25,SSP,50,Jowar,108
68,40,30,7,900,35,Urea,50,Jowar,109
57,30,40,6,400,25,SSP,50,Jowar,109
76,48,46,7,800,25,Urea,50,Jowar,110
50,30,30,6.5,600,20,SSP,50,Jowar,109
75,60,45,6.31196999,800,25,Sulphur,50,Jowar,111
59,30,30,6,700,25,10:26:26 NPK,50,Jowar,107
69,45,50,7,800,25,Urea,50,Jowar,110
60,24,35,7.257721146,600,35,SSP,50,Jowar,109
65,60,45,6.426091475,800,25,Sulphur,50,Jowar,111
38,35,40,7.5,800,30,SSP,50,Jowar,108
51,31,28,6.396651602,700,25,10:26:26 NPK,50,Jowar,108
60,26,35,7.337845363,600,35,SSP,50,Jowar,108
48,35,35,6.646604822,800,29,10:26:26 NPK,50,Jowar,107
42,27,30,7.256663084,800,25,10:26:26 NPK,50,Jowar,109
45,23,35,7.5,400,25,10:26:26 NPK,50,Jowar,110
47,35,30,7.5,600,35,Urea,50,Jowar,108
60,20,39,6.205292217,600,35,Sulphur,50,Jowar,109
54,40,35,7,900,35,SSP,50,Jowar,108
33,35,25,7.5,800,25,SSP,50,Jowar,109
55,29,25,7,500,30,Sulphur,50,Jowar,109
30,30,37,7,700,27,SSP,50,Jowar,108
50,31,25,6.824890877,700,26,10:26:26 NPK,50,Jowar,108
56,40,25,7.145909402,600,33,SSP,50,Jowar,108
57,32,22,6.759166506,500,30,Sulphur,50,Jowar,109
68,50,50,7,800,25,10:26:26 NPK,50,Jowar,110
37,21,21,6.147457818,600,25,10:26:26 NPK,50,Jowar,111
66,30,35,6,700,25,Urea,50,Jowar,107
30,35,36,7.5,800,26,19:19:19 NPK,50,Jowar,108
57,40,30,7,900,35,Urea,50,Jowar,109
62,35,40,6.5,800,30,Urea,50,Jowar,107
42,25,25,6.5,500,30,10:26:26 NPK,50,Jowar,110
77,57,40,6.5,900,30,SSP,50,Jowar,111
65,48,41,6.5,900,30,10:26:26 NPK,50,Jowar,109
40,25,22,6.616402573,400,25,Urea,50,Jowar,111
64,40,55,7.5,900,30,10:26:26 NPK,50,Jowar,110
58,35,30,7.5,600,35,Urea,50,Jowar,108
75,48,41,6.5,900,30,10:26:26 NPK,50,Jowar,110
60,46,57,6.237506471,800,25,10:26:26 NPK,50,Jowar,110
60,35,30,7.299888554,400,25,10:26:26 NPK,50,Jowar,109
54,40,30,7.5,600,30,10:26:26 NPK,50,Jowar,107
60,55,50,7.5,900,30,Urea,50,Jowar,111
57,32,22,6.764185061,700,22,SSP,50,Jowar,108
25,35,40,7.5,800,30,SSP,50,Jowar,109
58,35,25,7,700,25,10:26:26 NPK,50,Jowar,107
59,40,40,7,900,35,10:26:26 NPK,50,Jowar,108
75,42,49,6.943994961,900,30,10:26:26 NPK,50,Jowar,110
23,25,30,6.5,600,30,SSP,50,Jowar,110
59,20,39,6.065101175,600,35,Sulphur,50,Jowar,109
39,30,30,7,700,30,10:26:26 NPK,50,Jowar,108
49,30,25,7,500,30,Urea,50,Jowar,109
23,35,28,7.5,800,28,Sulphur,50,Jowar,109
23,35,25,7.5,800,25,SSP,50,Jowar,110
65,35,39,6.5,800,30,Sulphur,50,Jowar,107
44,24,35,7.250676852,600,35,SSP,50,Jowar,109
46,28,20,6.716809107,600,33,10:26:26 NPK,50,Jowar,110
51,30,25,7,500,30,Urea,50,Jowar,109
40,39,25,7.002084312,600,35,SSP,50,Jowar,109
51,20,20,6,400,25,10:26:26 NPK,50,Jowar,111
50,31,23,6.692100916,700,21,Sulphur,50,Jowar,109
63,56,53,7.5,900,30,10:26:26 NPK,50,Jowar,111
50,30,30,6,700,25,10:26:26 NPK,50,Jowar,107
45,25,30,6.958702407,400,25,Sulphur,50,Jowar,110
40,25,39,6.528931949,600,30,10:26:26 NPK,50,Jowar,109
46,30,35,7.5,500,30,Urea,50,Jowar,108
50,30,40,6,700,25,SSP,50,Jowar,107
46,40,20,6.5,400,25,Urea,50,Jowar,110
60,55,45,7,800,25,10:26:26 NPK,50,Jowar,110
58,35,25,7,400,25,10:26:26 NPK,50,Jowar,109
63,31,28,6.388268384,700,25,10:26:26 NPK,50,Jowar,108
52,40,40,6,500,30,10:26:26 NPK,50,Jowar,107
70,40,33,7,900,35,SSP,50,Jowar,109
75,60,45,6.639654905,800,25,SSP,50,Jowar,111
60,21,27,6.759949863,600,35,Sulphur,50,Jowar,110
65,35,35,6.5,800,30,10:26:26 NPK,50,Jowar,107
45,25,20,6.516157976,400,25,Urea,50,Jowar,111
77,60,60,6,800,25,10:26:26 NPK,50,Jowar,113
49,20,20,6,400,25,10:26:26 NPK,50,Jowar,112
53,20,30,7,500,30,SSP,50,Jowar,109
55,37,30,7.364521179,600,31,10:26:26 NPK,50,Jowar,107
40,20,35,7.5,400,25,10:26:26 NPK,50,Jowar,111
60,25,34,7.5,600,35,SSP,50,Jowar,109
50,30,30,7.029734086,600,34,10:26:26 NPK,50,Jowar,108
22,35,25,7.5,800,25,SSP,50,Jowar,110
55,25,25,6.790581311,400,25,Urea,50,Jowar,110
64,40,30,7,900,35,Urea,50,Jowar,109
65,54,45,7,800,25,10:26:26 NPK,50,Jowar,110
51,20,35,7.5,400,25,10:26:26 NPK,50,Jowar,110
67,60,45,6.448412127,800,25,Sulphur,50,Jowar,111
74,54,50,7.5,900,30,Urea,50,Jowar,111
64,60,50,7.5,900,30,10:26:26 NPK,50,Jowar,111
51,40,25,7.388801142,600,31,SSP,50,Jowar,108
52,40,20,6.5,400,25,Urea,50,Jowar,110
79,44,40,6.5,900,30,Urea,50,Jowar,110
55,30,26,6.811630515,600,35,10:26:26 NPK,50,Jowar,109
43,25,20,6.5,400,25,Urea,50,Jowar,111
38,25,40,6.5,600,30,10:26:26 NPK,50,Jowar,109
41,35,30,7.329164221,800,30,Sulphur,50,Jowar,108
60,32,27,6.569081469,700,25,10:26:26 NPK,50,Jowar,108
50,39,25,7.5,600,30,SSP,50,Jowar,108
70,50,60,6,800,25,SSP,50,Jowar,112
24,25,30,6.5,600,30,SSP,50,Jowar,110
40,20,30,7.006835982,500,30,SSP,50,Jowar,110
64,49,45,7,800,25,Urea,50,Jowar,109
80,46,56,6.308285603,800,25,10:26:26 NPK,50,Jowar,111
57,25,25,6.5,500,30,10:26:26 NPK,50,Jowar,109
53,33,21,6.625044625,500,30,SSP,50,Jowar,109
40,20,29,6.956582876,500,30,MOP,50,Jowar,110
67,52,47,7,800,25,10:26:26 NPK,50,Jowar,110
57,35,40,6.5,800,30,Urea,50,Jowar,107
63,60,45,6.757081202,800,25,SSP,50,Jowar,110
80,41,43,6.5,900,30,Urea,50,Jowar,110
50,37,36,6,400,25,Sulphur,50,Jowar,108
71,41,41,6.897477336,900,33,10:26:26 NPK,50,Jowar,109
47,35,35,7.5,400,25,10:26:26 NPK,50,Jowar,108
48,30,35,7.5,500,30,Urea,50,Jowar,108
51,30,30,7,600,35,10:26:26 NPK,50,Jowar,108
64,55,54,7.5,900,30,10:26:26 NPK,50,Jowar,111
55,23,36,7.135498698,600,35,SSP,50,Jowar,108
40,25,30,7,400,25,Urea,50,Jowar,111
41,30,40,6,400,25,SSP,50,Jowar,109
45,30,25,7,500,30,Urea,50,Jowar,109
80,40,55,6.498165187,800,25,Sulphur,50,Jowar,111
62,52,47,7,800,25,10:26:26 NPK,50,Jowar,110
70,55,40,6.5,900,30,SSP,50,Jowar,110
50,30,36,6,700,25,Sulphur,50,Jowar,107
69,55,40,6.5,900,30,SSP,50,Jowar,110
70,40,44,6.5,900,30,Urea,50,Jowar,109
65,45,59,6.088408223,800,25,10:26:26 NPK,50,Jowar,110
60,43,50,7,800,25,Sulphur,50,Jowar,109
65,40,55,7.5,900,30,10:26:26 NPK,50,Jowar,110
62,42,42,6.5,900,30,Urea,50,Jowar,108
32,30,37,7,700,27,Sulphur,50,Jowar,108
67,40,45,6.5,900,30,Urea,50,Jowar,109
66,48,55,7.5,900,30,Sulphur,50,Jowar,111
60,45,55,7.5,900,30,SSP,50,Jowar,110
74,50,55,7.5,900,30,Urea,50,Jowar,112
56,20,25,6.5,600,35,Urea,50,Jowar,110
54,20,25,6.5,600,35,Urea,50,Jowar,110
40,40,36,6.587868226,500,30,10:26:26 NPK,50,Jowar,108
60,30,30,6,700,25,10:26:26 NPK,50,Jowar,108
70,42,50,7,800,25,SSP,50,Jowar,109
70,40,50,7,800,25,SSP,50,Jowar,109
50,35,32,7.089595549,600,35,Urea,50,Jowar,108
62,60,45,6.452553693,800,25,Sulphur,50,Jowar,110
67,52,60,6,800,25,SSP,50,Jowar,112
44,25,20,6.544764361,400,25,Urea,50,Jowar,111
38,26,26,6.648979726,700,30,10:26:26 NPK,50,Jowar,109
67,55,50,7.5,900,30,Urea,50,Jowar,111
66,40,45,6.5,900,30,Urea,50,Jowar,109
66,30,38,6,700,25,SSP,50,Jowar,107
70,42,42,6.5,900,30,Urea,50,Jowar,109
41,30,35,7.5,500,30,Urea,50,Jowar,108
55,25,22,6.615541129,400,25,Urea,50,Jowar,110
54,35,40,6.5,800,30,Urea,50,Jowar,107
60,45,55,7.5,900,30,SSP,50,Jowar,110
63,55,50,7.5,900,30,Urea,50,Jowar,111
71,40,60,6,800,25,Urea,50,Jowar,110
61,40,55,7.5,900,30,10:26:26 NPK,50,Jowar,109
72,40,45,6.5,900,30,Urea,50,Jowar,109
78,55,50,7.5,900,30,Urea,50,Jowar,112
77,40,40,6,800,25,10:26:26 NPK,50,Jowar,109
55,35,35,6.5,800,30,Sulphur,50,Jowar,106
62,45,60,6,800,25,10:26:26 NPK,50,Jowar,110
57,40,20,7.5,700,30,Urea,50,Jowar,108
55,30,23,6.651166213,600,35,10:26:26 NPK,50,Jowar,109
80,44,50,7,800,25,Sulphur,50,Jowar,110
76,45,60,6,800,25,10:26:26 NPK,50,Jowar,111
57,30,35,6,700,25,Urea,50,Jowar,107
74,49,55,7.5,900,30,Sulphur,50,Jowar,111
72,45,55,7.5,900,30,SSP,50,Jowar,111
79,40,40,6,800,25,10:26:26 NPK,50,Jowar,109
78,40,60,6,800,25,Urea,50,Jowar,111
60,43,38,6.611924533,900,31,Sulphur,50,Jowar,108
40,35,25,7,400,25,10:26:26 NPK,50,Jowar,110
46,36,36,6,400,25,Sulphur,50,Jowar,108
41,35,36,6.521428822,600,35,Urea,50,Jowar,108
29,30,25,7,700,25,Urea,50,Jowar,110
25,25,25,6.5,600,25,10:26:26 NPK,50,Jowar,111
54,20,25,6.5,600,35,Urea,50,Jowar,110
33,35,26,7.5,800,26,SSP,50,Jowar,109
79,50,49,7,800,25,10:26:26 NPK,50,Jowar,111
44,39,25,7.064374199,600,35,SSP,50,Jowar,109
56,30,30,6,700,25,10:26:26 NPK,50,Jowar,107
63,40,45,6.5,900,30,Urea,50,Jowar,108
55,34,25,6.907709414,700,25,10:26:26 NPK,50,Jowar,107
67,50,60,6,800,25,SSP,50,Jowar,111
78,45,40,6.5,900,30,Urea,50,Jowar,110
67,47,42,6.5,900,30,10:26:26 NPK,50,Jowar,109
45,35,30,7.5,600,35,Urea,50,Jowar,108
70,53,51,7.5,900,30,Urea,50,Jowar,111
45,40,20,6.5,400,25,Urea,50,Jowar,110
64,55,50,7.5,900,30,Urea,50,Jowar,111
70,60,45,6.084517008,800,25,Sulphur,50,Jowar,111
72,52,60,6,800,25,Sulphur,50,Jowar,112
40,25,34,7.486256996,600,34,SSP,50,Jowar,109
57,35,20,6.5,500,30,SSP,50,Jowar,109
75,59,40,6.5,900,30,Sulphur,50,Jowar,111
21,35,26,7.5,800,26,SSP,50,Jowar,110
70,58,51,7.5,900,30,10:26:26 NPK,50,Jowar,112
40,30,30,7,700,25,SSP,50,Jowar,108
56,40,30,7.5,600,30,10:26:26 NPK,50,Jowar,107
59,20,30,7,500,30,SSP,50,Jowar,109
35,35,38,7.5,800,30,SSP,50,Jowar,108
21,35,38,7.5,800,30,SSP,50,Jowar,109
68,35,40,6.5,800,30,Urea,50,Jowar,108
41,20,35,7.5,400,25,10:26:26 NPK,50,Jowar,110
77,40,60,6,800,25,Urea,50,Jowar,111
39,30,39,7,700,29,Sulphur,50,Jowar,107
45,40,30,7.5,500,30,10:26:26 NPK,50,Jowar,108
58,35,30,6.5,800,30,SSP,50,Jowar,107
70,46,56,6.397163833,800,25,10:26:26 NPK,50,Jowar,111
45,20,30,7,500,30,SSP,50,Jowar,110
38,35,26,7.5,800,26,SSP,50,Jowar,109
51,40,40,6,500,30,10:26:26 NPK,50,Jowar,107
60,51,60,6,800,25,10:26:26 NPK,50,Jowar,111
64,49,40,6.5,900,30,10:26:26 NPK,50,Jowar,109
30,30,40,7,700,30,Urea,50,Jowar,108
60,57,45,7.035335564,900,30,Urea,50,Jowar,110
57,30,30,6.5,600,20,SSP,50,Jowar,109
61,41,50,7,800,25,SSP,50,Jowar,109
72,37,37,6.263015029,800,27,10:26:26 NPK,50,Jowar,107
50,25,26,6.822447848,400,25,Urea,50,Jowar,110
55,26,26,7,500,30,Sulphur,50,Jowar,109
42,35,29,7.239791051,400,25,10:26:26 NPK,50,Jowar,109
57,40,35,7,900,35,SSP,50,Jowar,108
60,32,30,7.131588762,600,33,10:26:26 NPK,50,Jowar,108
80,57,45,7.057742266,900,30,Urea,50,Jowar,112
70,47,54,6.586535435,800,25,10:26:26 NPK,50,Jowar,111
40,35,27,7.5,800,27,SSP,50,Jowar,108
60,51,48,7,800,25,10:26:26 NPK,50,Jowar,110
53,40,25,7.168723417,600,33,SSP,50,Jowar,108
65,60,45,6.899647397,800,25,SSP,50,Jowar,111
63,30,35,6,700,25,Urea,50,Jowar,107
53,40,25,7.377823422,600,31,SSP,50,Jowar,108
42,27,20,6.998247698,600,32,10:26:26 NPK,50,Jowar,110
61,40,33,7,900,35,SSP,50,Jowar,109
70,40,44,6.5,900,30,Urea,50,Jowar,109
44,30,30,7,600,35,10:26:26 NPK,50,Jowar,109
43,23,27,7.112666399,800,25,10:26:26 NPK,50,Jowar,110
43,20,35,7.5,400,25,10:26:26 NPK,50,Jowar,110
57,20,25,6.5,600,35,Urea,50,Jowar,110
63,40,40,7,900,35,10:26:26 NPK,50,Jowar,109
55,35,20,7.043943812,700,25,SSP,50,Jowar,108
61,40,35,7,900,35,SSP,50,Jowar,108
20,25,35,6.5,600,25,Urea,50,Jowar,110
79,54,60,6,800,25,Sulphur,50,Jowar,113
60,54,60,6,800,25,Sulphur,50,Jowar,111
70,40,60,6,800,25,Sulphur,50,Jowar,110
30,30,38,7,700,28,Sulphur,50,Jowar,108
65,39,39,6.001372233,800,25,10:26:26 NPK,50,Jowar,107
39,35,25,7.5,800,25,SSP,50,Jowar,109
42,25,20,7.5,600,30,10:26:26 NPK,50,Jowar,110
35,24,29,6.5,600,30,SSP,50,Jowar,110
60,20,39,6.00795001,600,35,Sulphur,50,Jowar,109
64,60,50,7.5,900,30,10:26:26 NPK,50,Jowar,111
52,20,35,7.5,400,25,10:26:26 NPK,50,Jowar,110
27,25,25,6.5,600,25,10:26:26 NPK,50,Jowar,111
48,25,40,6,500,30,10:26:26 NPK,50,Jowar,109
65,51,60,6,800,25,SSP,50,Jowar,111
25,30,35,7,700,25,SSP,50,Jowar,109
62,50,45,7,800,25,Urea,50,Jowar,109
54,34,30,6.919291279,600,24,Sulphur,50,Jowar,107
53,30,25,7,500,30,Urea,50,Jowar,109
65,54,45,7,800,25,10:26:26 NPK,50,Jowar,110
51,23,36,7.066428718,600,35,SSP,50,Jowar,108
27,25,25,6.5,600,25,10:26:26 NPK,50,Jowar,111
73,40,45,6.5,900,30,Urea,50,Jowar,109
65,40,40,6,800,25,10:26:26 NPK,50,Jowar,108
70,46,48,7,800,25,Urea,50,Jowar,110
56,30,40,6,400,25,SSP,50,Jowar,109
25,35,25,7.5,800,25,SSP,50,Jowar,110
62,47,42,6.5,900,30,10:26:26 NPK,50,Jowar,109
55,30,30,7.033992829,600,34,10:26:26 NPK,50,Jowar,108
20,25,33,6.5,600,26,Sulphur,50,Jowar,110
20,35,37,7.5,800,27,Chilated Micronutrient,50,Jowar,109
80,43,43,6.369230482,800,25,10:26:26 NPK,50,Jowar,110
60,52,52,7.5,900,30,Urea,50,Jowar,110
67,35,35,6.5,800,30,Sulphur,50,Jowar,107
50,20,25,6.5,600,35,Urea,50,Jowar,110
53,35,35,7.5,400,25,10:26:26 NPK,50,Jowar,108
60,41,36,6.842285774,900,33,SSP,50,Jowar,108
79,50,60,6,800,25,SSP,50,Jowar,112
60,55,40,6.5,900,30,SSP,50,Jowar,109
20,30,25,7,700,25,Sulphur,50,Jowar,110
55,40,30,7,900,35,Urea,50,Jowar,108
24,30,35,7,700,25,SSP,50,Jowar,109
61,40,45,6.5,900,30,Urea,50,Jowar,108
71,40,40,6,800,25,10:26:26 NPK,50,Jowar,108
50,20,21,6.160048875,400,25,10:26:26 NPK,50,Jowar,111
68,40,55,7.5,900,30,10:26:26 NPK,50,Jowar,110
43,28,32,6.872987263,600,33,10:26:26 NPK,50,Jowar,109
22,25,32,6.5,600,27,Sulphur,50,Jowar,110
64,40,34,7,900,35,SSP,50,Jowar,109
55,39,40,6,500,30,10:26:26 NPK,50,Jowar,107
67,30,38,6,700,25,SSP,50,Jowar,107
48,20,35,7.5,400,25,10:26:26 NPK,50,Jowar,110
40,33,34,7.463224712,800,25,10:26:26 NPK,50,Jowar,108
61,60,45,6.721596551,800,25,SSP,50,Jowar,110
40,34,20,6.524047322,500,30,SSP,50,Jowar,110
71,50,50,7,800,25,10:26:26 NPK,50,Jowar,110
71,60,45,6,800,25,Urea,50,Jowar,111
46,35,25,7,400,25,10:26:26 NPK,50,Jowar,109
61,51,53,7.5,900,30,Urea,50,Jowar,110
34,25,35,6.5,600,25,Urea,50,Jowar,109
64,59,50,7.5,900,30,10:26:26 NPK,50,Jowar,111
46,30,40,6,400,25,SSP,50,Jowar,109
55,33,30,7.183120718,600,33,10:26:26 NPK,50,Jowar,107
69,50,55,7.5,900,30,Urea,50,Jowar,111
58,30,40,6,400,25,SSP,50,Jowar,109
67,35,35,6.5,800,30,Sulphur,50,Jowar,107
71,45,60,6,800,25,10:26:26 NPK,50,Jowar,111
65,30,37,6,700,25,SSP,50,Jowar,107
76,45,55,7.5,900,30,SSP,50,Jowar,111
74,49,40,6.5,900,30,10:26:26 NPK,50,Jowar,110
73,55,55,7.5,900,30,10:26:26 NPK,50,Jowar,112
57,40,30,7.5,600,30,10:26:26 NPK,50,Jowar,107
52,22,29,6.938744675,600,35,Sulphur,50,Jowar,109
52,30,25,7,500,30,Urea,50,Jowar,109
51,30,35,7.5,500,30,Urea,50,Jowar,108
53,31,30,6.695741055,600,21,SSP,50,Jowar,108
42,35,30,7.26592874,400,25,10:26:26 NPK,50,Jowar,109
60,30,40,6,700,25,SSP,50,Jowar,107
52,35,20,7,700,25,SSP,50,Jowar,108
65,45,55,7.5,900,30,SSP,50,Jowar,110
42,30,25,7,500,30,Urea,50,Jowar,109
41,23,28,7,500,30,SSP,50,Jowar,110
72,50,45,7,800,25,Urea,50,Jowar,110
36,30,30,7,700,30,10:26:26 NPK,50,Jowar,108
21,25,30,6.5,600,29,SSP,50,Jowar,110
70,44,50,7,800,25,Sulphur,50,Jowar,110
50,30,30,7,600,35,10:26:26 NPK,50,Jowar,108
53,36,20,7.129269544,700,26,SSP,50,Jowar,108
58,40,40,7,900,35,10:26:26 NPK,50,Jowar,108
74,50,55,7.5,900,30,Urea,50,Jowar,112
27,30,30,7,700,30,10:26:26 NPK,50,Jowar,109
23,25,30,6.5,600,30,SSP,50,Jowar,110
68,50,55,7.5,900,30,Urea,50,Jowar,111
40,31,39,6,400,25,SSP,50,Jowar,109
67,40,60,6,800,25,Urea,50,Jowar,110
25,35,32,7.5,800,30,Sulphur,50,Jowar,109
45,27,35,7.5,400,25,10:26:26 NPK,50,Jowar,109
50,35,32,7.377317646,400,25,10:26:26 NPK,50,Jowar,108
65,40,53,7.397083969,900,30,10:26:26 NPK,50,Jowar,110
52,32,30,6.768240676,600,22,Sulphur,50,Jowar,108
56,21,38,6.568232348,600,35,Sulphur,50,Jowar,109
59,35,40,6.5,800,30,Urea,50,Jowar,107
56,30,40,6,400,25,SSP,50,Jowar,109
55,25,30,7,400,25,Urea,50,Jowar,109
72,47,54,6.539860637,800,25,10:26:26 NPK,50,Jowar,111
44,30,30,7,600,35,10:26:26 NPK,50,Jowar,109
77,55,55,7.5,900,30,10:26:26 NPK,50,Jowar,112
43,38,26,7.11405901,600,35,SSP,50,Jowar,109
74,45,60,6,800,25,10:26:26 NPK,50,Jowar,111
37,25,25,6.5,600,25,10:26:26 NPK,50,Jowar,110
62,55,55,7.5,900,30,10:26:26 NPK,50,Jowar,111
80,49,60,6,800,25,10:26:26 NPK,50,Jowar,112
25,25,32,6.5,600,27,SSP,50,Jowar,110
60,39,20,7.413399414,700,29,Sulphur,50,Jowar,108
60,30,34,7.479537397,500,30,Urea,50,Jowar,108
60,46,55,7.5,900,30,SSP,50,Jowar,110
56,20,20,6,400,25,10:26:26 NPK,50,Jowar,111
42,27,35,6.711798431,600,32,10:26:26 NPK,50,Jowar,108
68,30,40,6,700,25,SSP,50,Jowar,108
60,30,30,6,700,25,10:26:26 NPK,50,Jowar,108
50,30,25,7,500,30,Urea,50,Jowar,109
21,35,38,7.5,800,30,SSP,50,Jowar,109
60,40,50,7,800,25,SSP,50,Jowar,108
42,20,20,6,400,25,10:26:26 NPK,50,Jowar,112
40,23,23,6.363047793,600,25,10:26:26 NPK,50,Jowar,110
22,30,40,7,700,30,Urea,50,Jowar,109
50,40,40,6,500,30,10:26:26 NPK,50,Jowar,107
69,40,40,6,800,25,10:26:26 NPK,50,Jowar,108
40,27,36,7.185126956,600,35,SSP,50,Jowar,109
60,40,30,7.465466093,500,30,10:26:26 NPK,50,Jowar,108
68,36,36,6.325683605,800,28,10:26:26 NPK,50,Jowar,107
31,30,40,7,700,30,Urea,50,Jowar,108
21,30,36,7,700,26,SSP,50,Jowar,109
50,40,30,7.5,500,30,10:26:26 NPK,50,Jowar,108
45,29,20,6.577321065,600,34,10:26:26 NPK,50,Jowar,110
70,50,49,7,800,25,10:26:26 NPK,50,Jowar,110
69,40,50,7,800,25,SSP,50,Jowar,109
60,55,40,6.5,900,30,SSP,50,Jowar,109
20,35,29,7.5,800,29,Sulphur,50,Jowar,110
36,23,23,6.382046983,600,25,10:26:26 NPK,50,Jowar,111
70,40,40,6.917239745,900,34,10:26:26 NPK,50,Jowar,109
59,30,29,6.186320879,700,25,10:26:26 NPK,50,Jowar,108
55,30,30,7,600,35,10:26:26 NPK,50,Jowar,108
58,30,26,6.833926794,600,35,10:26:26 NPK,50,Jowar,109
60,58,40,6.5,900,30,Sulphur,50,Jowar,110
51,30,40,6,700,25,SSP,50,Jowar,107
51,30,35,7.5,500,30,Urea,50,Jowar,108
68,40,40,7,900,35,10:26:26 NPK,50,Jowar,109
48,20,25,6.5,600,35,Urea,50,Jowar,110
73,50,55,7.5,900,30,Urea,50,Jowar,112
70,40,31,7,900,35,Sulphur,50,Jowar,109
45,36,28,7.301860766,600,35,Sulphur,50,Jowar,108
75,50,45,7,800,25,Urea,50,Jowar,110
52,35,25,7,400,25,10:26:26 NPK,50,Jowar,109
75,40,44,6.5,900,30,Urea,50,Jowar,109
29,25,30,6.5,600,29,SSP,50,Jowar,110
57,40,25,7.267149939,600,32,SSP,50,Jowar,108
72,47,55,7.5,900,30,SSP,50,Jowar,111
54,20,39,6.122317913,600,35,Sulphur,50,Jowar,109
65,37,37,6.293534112,800,27,10:26:26 NPK,50,Jowar,107
55,40,34,7,900,35,SSP,50,Jowar,108
80,49,55,7.5,900,30,Sulphur,50,Jowar,112
61,30,36,6,700,25,Sulphur,50,Jowar,107
37,25,30,6.5,600,30,SSP,50,Jowar,109
61,55,54,7.5,900,30,10:26:26 NPK,50,Jowar,111
55,30,24,6.98306042,500,30,Sulphur,50,Jowar,109
66,40,55,7.5,900,30,10:26:26 NPK,50,Jowar,110
66,55,50,7.5,900,30,Urea,50,Jowar,111
47,20,30,7,500,30,SSP,50,Jowar,110
52,25,25,6.5,500,30,10:26:26 NPK,50,Jowar,109
68,40,30,7,900,35,Urea,50,Jowar,109
70,30,37,6,700,25,SSP,50,Jowar,108
44,30,20,6.5,600,35,10:26:26 NPK,50,Jowar,110
54,30,25,6.5,700,20,Urea,50,Jowar,108
40,22,27,6.778652684,500,30,Ammonium Sulphate,50,Jowar,110
45,30,24,6.930316009,500,30,Sulphur,50,Jowar,109
67,47,54,6.535069719,800,25,10:26:26 NPK,50,Jowar,110
46,25,40,6,500,30,10:26:26 NPK,50,Jowar,109
47,35,40,6.799595912,800,30,Sulphur,50,Jowar,107
28,30,30,7,700,30,10:26:26 NPK,50,Jowar,109
50,30,31,7.301340942,500,30,Urea,50,Jowar,108
30,25,25,6.5,600,25,10:26:26 NPK,50,Jowar,111
48,25,25,6.5,700,30,10:26:26 NPK,50,Jowar,108
55,40,40,7,900,35,10:26:26 NPK,50,Jowar,108
57,20,20,6,400,25,10:26:26 NPK,50,Jowar,111
51,33,30,7.187512006,600,33,10:26:26 NPK,50,Jowar,108
45,25,26,6.811137026,400,25,Urea,50,Jowar,111
48,40,30,7.5,500,30,10:26:26 NPK,50,Jowar,108
62,30,40,6,700,25,SSP,50,Jowar,107
53,35,20,7,700,25,SSP,50,Jowar,108
80,48,41,6.5,900,30,10:26:26 NPK,50,Jowar,110
57,40,35,6,400,25,Urea,50,Jowar,108
65,42,50,7,800,25,Sulphur,50,Jowar,109
52,32,22,6.740543974,500,30,SSP,50,Jowar,109
54,30,35,6,700,25,Urea,50,Jowar,107
41,40,20,6.5,400,25,Urea,50,Jowar,111
45,39,25,7.05149074,600,35,SSP,50,Jowar,109
21,35,35,7.5,800,25,10:26:26 NPK,50,Jowar,109
74,49,45,7,800,25,Urea,50,Jowar,110
63,60,45,6,800,25,Urea,50,Jowar,110
42,35,32,7.363849073,400,25,10:26:26 NPK,50,Jowar,109
70,59,50,7.5,900,30,10:26:26 NPK,50,Jowar,112
60,42,42,6.763289233,900,32,10:26:26 NPK,50,Jowar,108
40,35,38,7.5,800,30,SSP,50,Jowar,107
40,20,20,6,600,25,10:26:26 NPK,50,Jowar,111
55,30,21,6.58010557,600,35,10:26:26 NPK,50,Jowar,109
75,60,40,6.5,900,30,Urea,50,Jowar,111
42,22,20,6.611976743,600,27,10:26:26 NPK,50,Jowar,110
77,55,50,7.5,900,30,Urea,50,Jowar,112
48,30,35,7.5,500,30,Urea,50,Jowar,108
55,34,20,6.59805655,500,30,SSP,50,Jowar,109
62,40,40,7,900,35,10:26:26 NPK,50,Jowar,109
45,37,27,7.20247551,600,35,SSP,50,Jowar,108
45,21,38,6.508906869,600,35,Sulphur,50,Jowar,109
52,37,20,7.215278241,700,27,SSP,50,Jowar,107
46,40,40,6,500,30,10:26:26 NPK,50,Jowar,108
60,40,35,6.664917623,500,30,10:26:26 NPK,50,Jowar,107
33,30,38,7,700,28,Sulphur,50,Jowar,108
49,35,30,7.5,600,35,Urea,50,Jowar,108
64,60,50,7.5,900,30,10:26:26 NPK,50,Jowar,111
41,23,36,6.904796103,600,35,SSP,50,Jowar,109
80,40,51,6.806850149,800,25,SSP,50,Jowar,110
20,25,39,6.5,600,29,10:26:26 NPK,50,Jowar,110
60,40,40,6,800,25,10:26:26 NPK,50,Jowar,107
78,55,54,7.5,900,30,10:26:26 NPK,50,Jowar,112
37,25,32,7.093607692,600,32,SSP,50,Jowar,109
43,20,35,7.5,400,25,10:26:26 NPK,50,Jowar,110
59,40,30,7.5,500,30,10:26:26 NPK,50,Jowar,108
43,20,35,7.5,400,25,10:26:26 NPK,50,Jowar,110
67,40,50,7,800,25,SSP,50,Jowar,109
40,25,25,6.575935952,700,30,10:26:26 NPK,50,Jowar,109
60,40,25,7.061388445,600,34,SSP,50,Jowar,108
44,30,24,6.938222038,500,30,Sulphur,50,Jowar,109
58,30,20,6.5,600,35,10:26:26 NPK,50,Jowar,109
62,30,35,6,700,25,Urea,50,Jowar,107
45,25,30,7,400,25,Urea,50,Jowar,110
38,30,38,7,700,28,Sulphur,50,Jowar,107
55,30,20,6.5,600,25,10:26:26 NPK,50,Jowar,109
50,20,25,6.5,600,35,Urea,50,Jowar,110
63,38,38,6.181529606,800,26,10:26:26 NPK,50,Jowar,107
79,50,45,7,800,25,Urea,50,Jowar,111
70,45,49,7,800,25,Urea,50,Jowar,110
51,25,30,7,400,25,Urea,50,Jowar,110
31,30,32,7,700,25,SSP,50,Jowar,109
51,35,20,6.5,500,30,SSP,50,Jowar,109
60,40,40,7,900,35,10:26:26 NPK,50,Jowar,108
67,40,60,6,800,25,Urea,50,Jowar,110
45,35,30,7.5,600,35,Urea,50,Jowar,108
80,56,47,7.279758775,900,30,Urea,50,Jowar,112
59,40,20,6.5,400,25,Urea,50,Jowar,110
60,42,49,6.93422338,900,30,10:26:26 NPK,50,Jowar,109
39,30,25,7,700,25,Urea,50,Jowar,109
55,35,35,6.5,800,30,Sulphur,50,Jowar,106
59,25,35,7.5,600,35,SSP,50,Jowar,108
67,45,45,6.5,900,30,10:26:26 NPK,50,Jowar,109
80,47,55,7.5,900,30,Sulphur,50,Jowar,112
63,35,30,6.5,800,30,SSP,50,Jowar,108
55,23,36,7.04826878,600,35,SSP,50,Jowar,108
77,42,42,6.5,900,30,Urea,50,Jowar,109
48,35,30,7.5,600,35,Urea,50,Jowar,108
43,20,25,6.5,600,35,Urea,50,Jowar,111
50,20,20,6,400,25,10:26:26 NPK,50,Jowar,111
50,35,34,6.5,800,30,12:32:16 NPK,50,Jowar,107
40,30,40,6,400,25,SSP,50,Jowar,110
49,40,35,6,400,25,Urea,50,Jowar,108
78,45,40,6.5,900,30,Urea,50,Jowar,110
122,70,55,6.5,600,25,SSP,65,Maize,106
140,68,60,6.365823878,500,21,SSP,65,Maize,107
139,80,55,6,500,20,SSP,65,Maize,108
148,65,56,6,600,28,Urea,65,Maize,107
130,70,55,7.080544012,600,25,SSP,65,Maize,106
130,65,50,6.867116607,500,20,SSP,65,Maize,107
127,80,35,6.938133308,500,20,SSP,65,Maize,108
143,78,60,7.38070157,500,26,MOP,65,Maize,107
145,65,43,6.33992239,600,23,Sulphur,65,Maize,107
138,75,55,7.5,500,20,Urea,65,Maize,107
128,75,40,6.5,600,25,MOP,65,Maize,107
130,61,50,5.688864443,500,23,Sulphur,65,Maize,107
137,80,40,6.5,500,20,SSP,65,Maize,108
130,72,40,6.5,600,27,MOP,65,Maize,107
135,71,50,7.194809043,700,30,Sulphur,65,Maize,107
147,80,45,7.5,500,30,Urea,65,Maize,108
120,69,55,6.450007556,600,25,SSP,65,Maize,106
150,79,55,6.080227945,500,20,SSP,65,Maize,108
125,79,50,7.479270748,600,25,MOP,65,Maize,106
140,75,55,7.5,500,20,Urea,65,Maize,107
126,75,50,7,600,30,SSP,65,Maize,107
124,75,40,6.521599557,600,25,MOP,65,Maize,107
146,61,40,5.823230096,500,20,MOP,65,Maize,108
147,80,40,6.98252095,500,20,SSP,65,Maize,108
130,75,45,7,500,20,Magnesium Sulphate,65,Maize,107
120,64,60,5.958357794,500,25,MOP,65,Maize,107
120,75,50,7.5,700,30,SSP,65,Maize,108
123,65,55,7.5,700,30,MOP,65,Maize,108
142,80,40,7.5,600,20,SSP,65,Maize,108
131,70,50,6.5,500,30,MOP,65,Maize,107
145,70,55,7.5,600,25,SSP,65,Maize,106
141,78,60,7.390648025,500,26,MOP,65,Maize,107
120,74,40,6.556732301,600,25,MOP,65,Maize,107
120,75,40,7,600,25,Urea,65,Maize,107
144,60,40,6,500,20,Urea,65,Maize,108
120,70,55,7.5,600,25,SSP,65,Maize,106
130,64,40,6.472064423,500,20,SSP,65,Maize,108
138,80,55,6,500,20,SSP,65,Maize,108
122,62,60,5.772957885,500,27,MOP,65,Maize,108
131,75,40,6.852915742,600,25,SSP,65,Maize,106
150,64,45,6.468651944,600,25,Sulphur,65,Maize,106
143,80,45,7,700,30,MOP,65,Maize,108
140,75,50,7,600,30,SSP,65,Maize,107
145,74,40,6.933434353,600,25,Sulphur,65,Maize,107
145,75,50,7.080759618,600,29,SSP,65,Maize,107
147,70,50,6.5,500,30,MOP,65,Maize,107
130,62,43,6.5,700,30,SSP,65,Maize,108
130,70,48,6.5,500,28,MOP,65,Maize,106
135,80,50,7.5,600,25,Urea,65,Maize,106
130,70,49,6.5,500,29,MOP,65,Maize,106
120,67,57,6.256663084,600,25,SSP,65,Maize,107
133,60,60,5.5,500,30,SSP,65,Maize,108
125,65,57,6,600,27,Urea,65,Maize,107
140,75,50,7.5,700,30,SSP,65,Maize,107
144,75,45,7,500,20,Sulphur,65,Maize,107
150,68,56,6.381657403,600,25,SSP,65,Maize,106
120,70,45,6.546153147,500,24,Magnesium Sulphate,65,Maize,106
132,75,45,7,500,20,Urea,65,Maize,107
140,60,40,5.824890877,500,20,SSP,65,Maize,108
120,80,55,7.062271793,500,20,SSP,65,Maize,108
147,80,60,6,600,25,Urea,65,Maize,107
121,70,60,6.311006205,500,20,SSP,65,Maize,108
120,68,51,7.147457818,700,30,SSP,65,Maize,108
126,70,40,6.5,700,30,Urea,65,Maize,108
121,80,40,6.5,500,20,SSP,65,Maize,108
130,62,40,6.217225922,500,20,Sulphur,65,Maize,108
148,65,50,7,500,20,SSP,65,Maize,107
127,70,45,7,600,25,SSP,65,Maize,106
120,80,42,6.928526975,500,24,SSP,65,Maize,107
123,65,56,6,600,28,Urea,65,Maize,107
143,60,40,5.5,500,20,MOP,65,Maize,108
150,70,44,7,600,25,SSP,65,Maize,106
143,70,50,7,700,30,Urea,65,Maize,107
148,80,45,7.5,500,30,Urea,65,Maize,108
131,70,50,6.5,500,30,MOP,65,Maize,107
125,70,42,6.700111446,600,27,MOP,65,Maize,107
132,65,60,6,500,25,MOP,65,Maize,107
134,79,45,7.041445661,700,30,MOP,65,Maize,108
122,70,45,7,600,25,SSP,65,Maize,106
147,62,40,6.218167916,500,20,Sulphur,65,Maize,108
145,60,45,6.5,700,30,SSP,65,Maize,108
130,65,50,6.977900669,500,20,SSP,65,Maize,107
127,60,60,5.5,500,30,SSP,65,Maize,108
131,60,55,5.5,600,20,MOP,65,Maize,107
129,80,60,7.5,500,25,MOP,65,Maize,107
129,80,60,7.5,500,25,MOP,65,Maize,107
134,60,50,6.878673573,600,24,MOP,65,Maize,106
123,65,60,6,600,25,Urea,65,Maize,107
128,70,55,7.195411123,600,25,SSP,65,Maize,106
149,70,40,6.5,600,30,MOP,65,Maize,107
120,60,59,6.249323148,700,30,Magnesium Sulphate,65,Maize,109
133,65,55,7.5,700,30,MOP,65,Maize,108
143,61,58,6.44174092,700,30,Magnesium Sulphate,65,Maize,108
120,60,50,5.5,500,25,Sulphur,65,Maize,107
136,80,60,6,600,25,Urea,65,Maize,107
146,60,45,6.5,700,30,SSP,65,Maize,108
138,75,55,7,600,20,MOP,65,Maize,107
135,70,55,6.584745658,600,25,SSP,65,Maize,106
134,75,50,7.5,700,30,SSP,65,Maize,107
149,65,55,6,600,29,Urea,65,Maize,107
120,75,40,6.697260899,600,25,Magnesium Sulphate,65,Maize,107
135,70,40,6.5,600,30,MOP,65,Maize,107
136,65,55,6,600,30,Urea,65,Maize,107
120,80,59,7.5,500,24,MOP,65,Maize,108
126,80,30,7.5,500,20,SSP,65,Maize,109
136,75,60,6,700,30,SSP,65,Maize,108
150,78,41,7.385302627,500,20,SSP,65,Maize,108
136,61,58,6.398906887,700,30,Magnesium Sulphate,65,Maize,108
141,80,40,6.5,500,20,SSP,65,Maize,108
121,60,40,5.629974931,500,20,Magnesium Sulphate,65,Maize,108
147,60,45,5.5,600,30,SSP,65,Maize,107
139,70,45,7,600,25,SSP,65,Maize,106
126,65,50,7,500,20,SSP,65,Maize,107
145,62,40,6.088793279,500,20,Magnesium Sulphate,65,Maize,108
136,60,45,6.5,700,30,SSP,65,Maize,108
145,60,48,6.593563536,600,26,MOP,65,Maize,106
120,79,45,7.066592563,700,30,MOP,65,Maize,108
130,60,45,5.614300569,600,29,Magnesium Sulphate,65,Maize,107
140,75,60,7,500,30,SSP,65,Maize,108
127,60,40,5.791680471,500,20,SSP,65,Maize,108
142,65,45,6.209418689,600,25,Magnesium Sulphate,65,Maize,106
145,80,45,7,700,30,MOP,65,Maize,108
120,79,45,7.45862579,500,29,Urea,65,Maize,108
145,70,55,7.376661486,600,25,SSP,65,Maize,106
137,75,45,7,500,20,Urea,65,Maize,107
145,70,40,6.5,600,30,MOP,65,Maize,107
122,65,50,6,500,20,SSP,65,Maize,107
125,78,60,7.388801142,500,26,MOP,65,Maize,107
137,75,45,7,500,20,MOP,65,Maize,107
150,69,55,6.492643025,600,25,SSP,65,Maize,106
123,65,55,7.5,700,30,MOP,65,Maize,108
135,78,50,7.37478915,600,26,Sulphur,65,Maize,106
148,63,56,6.910515827,700,30,MOP,65,Maize,108
125,75,51,7.243746331,700,30,SSP,65,Maize,108
145,60,52,6.146377796,600,22,MOP,65,Maize,107
124,75,45,7,500,20,MOP,65,Maize,107
140,65,50,6.963178132,500,20,SSP,65,Maize,107
120,79,60,7.433073941,500,25,MOP,65,Maize,107
125,65,45,6.493164018,600,25,Sulphur,65,Maize,106
120,60,45,5.53767953,600,29,Magnesium Sulphate,65,Maize,107
141,78,55,6.462428404,500,20,SSP,65,Maize,107
142,60,45,6.5,700,30,SSP,65,Maize,108
125,73,41,7,600,25,Sulphur,65,Maize,106
139,65,45,6.456582876,600,25,Sulphur,65,Maize,106
127,60,45,5.5,600,30,SSP,65,Maize,107
143,60,45,5.5,600,30,SSP,65,Maize,107
130,76,48,7.378540601,700,30,Magnesium Sulphate,65,Maize,107
141,65,55,7.5,700,30,MOP,65,Maize,108
140,61,60,5.620542416,500,28,Magnesium Sulphate,65,Maize,108
150,71,43,6.897477336,600,25,Magnesium Sulphate,65,Maize,106
146,71,50,7.12572122,700,30,Sulphur,65,Maize,107
133,80,50,7.5,600,25,SSP,65,Maize,106
146,60,60,6,700,30,SSP,65,Maize,109
150,80,50,7.5,600,25,Sulphur,65,Maize,106
131,70,50,6.5,500,30,MOP,65,Maize,107
135,70,40,6.5,700,30,Urea,65,Maize,108
136,70,40,6.5,600,30,MOP,65,Maize,107
130,75,45,7,500,20,Urea,65,Maize,107
130,80,57,6.75275222,500,22,MOP,65,Maize,107
137,60,50,5.5,500,25,Urea,65,Maize,106
130,75,49,7.415685745,700,30,Magnesium Sulphate,65,Maize,107
150,63,40,6.34611138,500,20,SSP,65,Maize,108
130,60,59,6.275421397,700,30,Magnesium Sulphate,65,Maize,108
145,80,55,6,500,20,SSP,65,Maize,108
140,70,44,7,600,25,SSP,65,Maize,106
125,61,58,6.312273241,700,30,Magnesium Sulphate,65,Maize,108
144,60,45,6.5,700,30,SSP,65,Maize,108
140,80,57,6.779931049,500,22,MOP,65,Maize,107
122,62,60,5.710267889,500,27,Magnesium Sulphate,65,Maize,108
131,60,40,5.5,500,20,MOP,65,Maize,108
130,73,40,6.819680678,600,26,SSP,65,Maize,107
150,70,54,6.597477666,600,25,SSP,65,Maize,106
135,64,60,5.951575529,500,25,MOP,65,Maize,107
140,80,58,6.925895568,500,23,MOP,65,Maize,107
125,60,40,6.009768637,500,20,Sulphur,65,Maize,108
123,65,58,6,600,26,Urea,65,Maize,107
120,68,56,6.954966482,600,25,SSP,65,Maize,106
122,80,60,7.5,500,25,MOP,65,Maize,107
145,70,50,7,700,30,Urea,65,Maize,107
141,75,40,6.863198516,600,25,SSP,65,Maize,107
147,60,55,5.5,600,20,MOP,65,Maize,107
140,65,50,6.549089553,500,20,SSP,65,Maize,107
130,60,40,5.589528722,500,20,MOP,65,Maize,108
150,71,45,6.648979726,500,23,Magnesium Sulphate,65,Maize,107
122,77,40,6.976397724,600,22,MOP,65,Maize,107
131,60,55,7.5,500,20,Urea,65,Maize,108
125,60,48,6.694707664,600,26,MOP,65,Maize,106
150,75,47,7,700,30,Magnesium Sulphate,65,Maize,108
149,79,60,7.421045708,500,25,MOP,65,Maize,107
125,80,37,6.731082259,500,20,SSP,65,Maize,108
125,65,55,6,600,30,Urea,65,Maize,107
140,65,50,6.045861266,500,20,SSP,65,Maize,107
135,65,56,6,600,28,Urea,65,Maize,107
133,80,50,7.5,600,25,Urea,65,Maize,106
150,60,53,7.081738418,500,21,Urea,65,Maize,108
140,62,60,5.789824967,500,27,MOP,65,Maize,107
150,73,55,6.829218395,600,21,MOP,65,Maize,107
135,75,45,7,500,20,Magnesium Sulphate,65,Maize,107
142,70,45,7,600,25,SSP,65,Maize,106
120,62,45,5.792383053,600,27,MOP,65,Maize,107
150,67,42,6.400300489,600,22,SSP,65,Maize,107
120,60,53,5.5,500,26,Sulphur,65,Maize,107
150,74,40,7,600,25,Sulphur,65,Maize,107
143,75,40,6.651749267,600,25,Magnesium Sulphate,65,Maize,107
135,72,45,6.705830607,500,22,SSP,65,Maize,106
135,75,45,7,500,20,Sulphur,65,Maize,107
127,80,45,7.5,500,30,Urea,65,Maize,108
140,70,40,6.5,600,30,MOP,65,Maize,107
145,63,50,6.402903093,500,21,SSP,65,Maize,107
130,62,43,6.5,700,30,SSP,65,Maize,108
140,64,50,5.910895318,500,20,SSP,65,Maize,107
126,60,53,6.017623942,600,21,MOP,65,Maize,107
121,60,55,5.5,600,20,MOP,65,Maize,108
129,70,60,6.5,500,20,Urea,65,Maize,107
122,75,45,7,500,20,Magnesium Sulphate,65,Maize,107
150,70,45,6.767211752,700,30,Urea,65,Maize,108
145,70,48,6.5,500,28,MOP,65,Maize,107
140,65,59,6,600,25,Urea,65,Maize,107
133,80,45,7.5,500,30,Urea,65,Maize,107
123,61,58,6.49514927,700,30,Magnesium Sulphate,65,Maize,108
125,71,40,6.660791382,600,28,Magnesium Sulphate,65,Maize,107
149,60,55,5.5,600,20,MOP,65,Maize,108
137,75,45,7,500,20,SSP,65,Maize,107
120,76,43,6.843892359,500,20,MOP,65,Maize,108
137,75,50,7,600,30,SSP,65,Maize,107
140,60,50,5.578488841,500,24,Sulphur,65,Maize,106
150,61,50,5.688642983,500,23,Sulphur,65,Maize,107
134,80,50,7.5,600,25,Sulphur,65,Maize,106
150,70,45,6.565849446,500,24,SSP,65,Maize,106
150,79,45,7.457741496,500,29,Urea,65,Maize,108
137,75,50,7,600,30,SSP,65,Maize,107
135,65,40,6,600,20,SSP,65,Maize,107
147,70,40,6.5,600,30,MOP,65,Maize,107
150,60,54,7.348083518,500,20,Urea,65,Maize,108
120,80,55,7.1458252,500,20,SSP,65,Maize,108
131,70,55,6.5,600,25,SSP,65,Maize,106
135,75,45,7,500,20,SSP,65,Maize,107
143,70,60,6,500,20,MOP,65,Maize,107
120,65,59,6.093512044,600,25,Sulphur,65,Maize,107
150,65,55,6,600,29,Urea,65,Maize,107
145,75,45,7,500,20,MOP,65,Maize,107
121,60,51,6.530748258,600,23,MOP,65,Maize,107
125,60,55,5.5,600,20,MOP,65,Maize,107
131,70,55,6.5,600,25,SSP,65,Maize,106
145,65,40,6,600,20,SSP,65,Maize,107
120,74,45,6.933607491,500,20,MOP,65,Maize,107
123,70,50,6.5,500,30,MOP,65,Maize,107
133,65,50,6.397163833,500,20,SSP,65,Maize,107
150,79,50,7.447565417,600,25,Sulphur,65,Maize,106
125,78,55,6.393892191,500,20,SSP,65,Maize,108
120,60,40,6,500,20,Urea,65,Maize,108
127,75,45,7,500,20,Urea,65,Maize,107
120,65,50,6.159290014,500,20,SSP,65,Maize,107
130,60,60,5.544602164,500,29,Magnesium Sulphate,65,Maize,108
132,77,55,6.803003346,500,20,Sulphur,65,Maize,107
140,61,50,5.616608206,500,23,Sulphur,65,Maize,107
150,61,48,6.828536568,600,25,Magnesium Sulphate,65,Maize,106
147,60,55,5.5,600,20,MOP,65,Maize,107
136,70,45,6.5,500,25,SSP,65,Maize,106
150,73,55,6.82441142,600,21,MOP,65,Maize,107
147,60,45,5.5,600,30,SSP,65,Maize,107
145,77,50,7.292099742,600,27,MOP,65,Maize,106
141,63,56,7.105233713,700,30,MOP,65,Maize,108
137,75,50,7,600,30,SSP,65,Maize,107
137,80,35,7.5,500,20,SSP,65,Maize,108
122,67,60,6,500,22,MOP,65,Maize,107
121,70,55,7.5,600,25,SSP,65,Maize,106
148,75,50,7.5,700,30,SSP,65,Maize,108
145,69,60,6,500,20,MOP,65,Maize,108
138,60,45,6.5,700,30,SSP,65,Maize,108
135,78,40,7.377823422,600,21,SSP,65,Maize,107
135,77,55,6.752628453,500,20,Sulphur,65,Maize,107
136,65,55,7.5,700,30,MOP,65,Maize,108
150,60,40,6.033154088,500,20,Sulphur,65,Maize,108
130,75,60,6,700,30,SSP,65,Maize,108
150,68,56,7.162000803,600,25,SSP,65,Maize,106
125,61,40,5.86535682,500,20,MOP,65,Maize,108
140,65,42,6.2439049,600,22,SSP,65,Maize,107
131,60,45,6.5,700,30,SSP,65,Maize,108
120,74,55,7.043943812,600,20,MOP,65,Maize,107
140,75,45,7,500,20,Sulphur,65,Maize,107
134,65,40,6.5,500,20,SSP,65,Maize,107
120,80,51,7.263471053,600,25,Urea,65,Maize,106
130,70,40,6.5,700,30,Urea,65,Maize,108
149,79,40,7.481757519,600,20,Magnesium Sulphate,65,Maize,108
141,70,55,6.5,600,25,SSP,65,Maize,106
134,60,45,6.5,700,30,SSP,65,Maize,108
139,75,40,6.551694869,600,25,MOP,65,Maize,106
127,75,40,6.787999209,600,25,SSP,65,Maize,107
134,80,45,7.5,500,30,Urea,65,Maize,107
144,75,45,7,500,20,Sulphur,65,Maize,107
145,60,40,5.524932837,500,20,MOP,65,Maize,108
122,70,47,6.5,500,27,MOP,65,Maize,107
135,61,58,6.415655855,700,30,Magnesium Sulphate,65,Maize,108
120,80,40,6.679138527,500,21,SSP,65,Maize,108
141,75,45,7,500,20,SSP,65,Maize,107
127,80,60,6,600,25,Urea,65,Maize,107
137,75,60,7,500,30,SSP,65,Maize,108
140,80,59,7.257873838,500,24,MOP,65,Maize,107
133,80,32,7.29492244,500,20,SSP,65,Maize,108
150,70,40,6.5,600,29,MOP,65,Maize,107
135,68,45,6.710952479,600,25,Magnesium Sulphate,65,Maize,106
135,70,45,6.599753464,500,24,SSP,65,Maize,106
141,60,55,7.5,500,20,Urea,65,Maize,108
142,80,40,6.5,500,20,SSP,65,Maize,108
150,76,55,7.060845143,500,20,Sulphur,65,Maize,108
130,75,45,7,500,20,MOP,65,Maize,107
135,75,40,6.5,600,25,MOP,65,Maize,106
127,80,60,6,600,25,Urea,65,Maize,107
120,69,60,6.466007171,500,20,Sulphur,65,Maize,108
143,70,60,6.5,500,20,Urea,65,Maize,107
140,67,42,6.593883098,600,22,SSP,65,Maize,107
136,70,55,7.5,600,25,SSP,65,Maize,106
120,80,55,6.681401958,600,25,Urea,65,Maize,107
150,80,40,7.048603118,500,20,SSP,65,Maize,108
145,70,45,6.77446099,700,30,Urea,65,Maize,108
120,80,58,7.5,500,23,MOP,65,Maize,108
136,60,60,5.5,500,30,SSP,65,Maize,108
125,60,40,5.543934056,500,20,MOP,65,Maize,108
120,60,40,6,500,20,Urea,65,Maize,108
139,60,40,5.5,500,20,MOP,65,Maize,108
149,70,60,6.441651968,500,20,Sulphur,65,Maize,108
127,70,55,7.026833799,600,25,SSP,65,Maize,106
146,70,45,6.5,500,25,SSP,65,Maize,106
146,70,60,6.397144725,500,20,Sulphur,65,Maize,108
130,60,45,5.5,600,30,SSP,65,Maize,107
149,79,60,7.42536373,500,25,MOP,65,Maize,107
146,71,55,7.372987263,600,23,Magnesium Sulphate,65,Maize,106
125,62,40,6.204259146,500,20,Sulphur,65,Maize,108
150,60,54,7.365876134,500,20,Urea,65,Maize,108
124,70,55,7.490929476,600,25,SSP,65,Maize,106
120,76,50,7.102500905,600,28,Magnesium Sulphate,65,Maize,107
131,75,50,7.5,700,30,SSP,65,Maize,107
150,69,40,6.5,700,30,Sulphur,65,Maize,108
150,66,58,6.139201725,600,25,Sulphur,65,Maize,107
135,65,54,7.475952678,700,30,MOP,65,Maize,108
133,80,60,6,600,25,Urea,65,Maize,107
135,69,45,6.913970444,600,25,SSP,65,Maize,106
136,70,55,7.250501925,600,25,SSP,65,Maize,106
131,75,50,7,600,30,SSP,65,Maize,107
150,70,48,6.912566338,700,30,Urea,65,Maize,107
145,65,60,6,600,25,Urea,65,Maize,107
120,71,45,6.617845873,500,23,Magnesium Sulphate,65,Maize,107
125,61,60,5.683120718,500,28,Magnesium Sulphate,65,Maize,108
125,65,60,6,500,25,MOP,65,Maize,107
150,68,51,7.158098291,700,30,SSP,65,Maize,108
127,70,55,6.911693324,600,25,SSP,65,Maize,106
148,60,50,5.5,500,25,Urea,65,Maize,107
135,70,55,6.951948601,600,25,SSP,65,Maize,106
138,76,48,7.356891227,700,30,Magnesium Sulphate,65,Maize,107
140,70,40,6.5,600,30,MOP,65,Maize,107
148,73,50,7.312050772,700,30,SSP,65,Maize,107
130,77,57,6.539781062,600,22,Magnesium Sulphate,65,Maize,107
122,65,45,6.219372338,600,25,Magnesium Sulphate,65,Maize,106
120,62,40,6.077486271,500,20,Magnesium Sulphate,65,Maize,108
141,80,40,6.5,500,20,SSP,65,Maize,108
131,80,33,7.10851789,500,20,SSP,65,Maize,108
132,75,50,7.5,700,30,SSP,65,Maize,107
150,75,60,7.033309556,500,29,Magnesium Sulphate,65,Maize,108
143,80,40,7.270974609,500,20,SSP,65,Maize,108
127,70,50,6.5,500,30,MOP,65,Maize,107
140,72,47,7,600,27,SSP,65,Maize,106
141,80,60,6,600,25,Urea,65,Maize,107
141,63,60,5.865274568,500,26,MOP,65,Maize,107
146,70,45,7,600,25,SSP,65,Maize,106
130,64,55,7.24990386,700,30,MOP,65,Maize,108
125,70,60,6.060685442,500,20,MOP,65,Maize,108
132,75,50,7.5,700,30,SSP,65,Maize,107
136,75,45,7,500,20,MOP,65,Maize,107
132,60,55,5.5,600,20,MOP,65,Maize,107
129,75,60,7,500,30,SSP,65,Maize,108
145,76,40,6.74759688,600,23,MOP,65,Maize,107
138,65,55,7.5,700,30,MOP,65,Maize,108
121,75,45,7,500,20,MOP,65,Maize,107
125,60,45,5.5,600,30,SSP,65,Maize,107
141,80,50,7.5,600,25,Urea,65,Maize,106
120,71,43,6.857032041,600,25,Magnesium Sulphate,65,Maize,106
122,70,47,6.5,500,27,MOP,65,Maize,107
126,75,40,6.877317646,600,25,Sulphur,65,Maize,107
150,80,44,7.5,500,28,Sulphur,65,Maize,108
147,80,60,7.5,500,25,MOP,65,Maize,107
131,63,40,6.310589217,500,20,SSP,65,Maize,108
130,77,50,7.22850011,600,27,SSP,65,Maize,106
120,68,45,6.801978936,600,25,SSP,65,Maize,106
132,65,50,6.497711653,500,20,SSP,65,Maize,107
145,80,45,7.5,500,30,Urea,65,Maize,108
120,67,57,6.243178741,600,25,Sulphur,65,Maize,107
132,70,60,6,500,20,MOP,65,Maize,107
126,70,60,6.5,500,20,Urea,65,Maize,108
144,60,40,6,500,20,Urea,65,Maize,108
135,65,50,6.401557299,500,20,SSP,65,Maize,107
125,70,60,6.217245826,500,20,Magnesium Sulphate,65,Maize,108
145,66,45,6.641910463,600,25,Sulphur,65,Maize,106
140,65,42,6,600,22,MOP,65,Maize,107
124,75,51,7.240198242,700,30,SSP,65,Maize,108
124,60,40,5.979537397,500,20,Sulphur,65,Maize,108
128,70,48,6.5,500,28,MOP,65,Maize,106
148,71,40,6.5,600,28,MOP,65,Maize,107
147,70,60,6.211798431,500,20,Magnesium Sulphate,65,Maize,108
121,78,60,7.356035192,500,26,MOP,65,Maize,108
133,75,50,7.5,700,30,SSP,65,Maize,107
149,75,45,7,500,20,MOP,65,Maize,107
150,75,44,6.930441903,500,20,MOP,65,Maize,108
139,60,55,7.5,500,20,Urea,65,Maize,108
143,80,40,7.5,600,20,SSP,65,Maize,108
140,63,45,5.863047793,600,26,MOP,65,Maize,106
150,75,45,7,500,20,SSP,65,Maize,107
134,60,40,6,500,20,Urea,65,Maize,108
120,80,40,7.5,600,20,SSP,65,Maize,108
135,63,50,5.895042319,500,21,SSP,65,Maize,107
135,79,59,6.023022605,600,24,Sulphur,65,Maize,107
143,75,40,6.5,600,25,MOP,65,Maize,107
135,60,48,6.656870003,600,26,MOP,65,Maize,106
146,80,45,7.5,500,30,Urea,65,Maize,108
145,79,45,7.03446077,700,30,MOP,65,Maize,108
145,70,50,7.038660533,700,30,Sulphur,65,Maize,107
130,60,45,5.5,600,30,SSP,65,Maize,107
150,65,59,6.239340552,600,25,Sulphur,65,Maize,107
134,80,45,7.5,500,30,Urea,65,Maize,107
125,80,45,7,700,30,MOP,65,Maize,108
138,75,60,6,700,30,SSP,65,Maize,108
124,60,45,6.5,700,30,SSP,65,Maize,108
129,70,40,6.5,700,30,Urea,65,Maize,108
124,70,55,7.337490789,600,25,SSP,65,Maize,106
148,78,50,7.333926794,600,26,Sulphur,65,Maize,106
130,73,55,7.155722132,600,21,MOP,65,Maize,107
136,70,55,6.727395621,600,25,SSP,65,Maize,106
138,60,45,6.5,700,30,SSP,65,Maize,108
123,70,55,7.5,600,25,SSP,65,Maize,106
123,75,55,7,600,20,MOP,65,Maize,107
136,65,45,6,600,25,MOP,65,Maize,106
141,78,60,7.393894944,500,26,MOP,65,Maize,107
135,68,55,6.905582298,600,26,SSP,65,Maize,106
134,75,40,7,600,25,Urea,65,Maize,106
140,77,55,6.878243124,500,20,Sulphur,65,Maize,107
139,60,40,6,500,20,Urea,65,Maize,108
120,65,60,6,600,25,Urea,65,Maize,107
125,67,57,6.698550183,600,25,Sulphur,65,Maize,106
132,75,40,7,600,25,Urea,65,Maize,106
140,80,50,7.5,600,25,MOP,65,Maize,106
147,70,40,6.5,700,30,Urea,65,Maize,108
134,70,60,6.5,500,20,Urea,65,Maize,107
125,75,55,7.369124194,500,20,Sulphur,65,Maize,107
123,75,50,7,600,30,SSP,65,Maize,107
137,70,50,6.5,500,30,MOP,65,Maize,107
135,70,45,6.5,500,25,Magnesium Sulphate,65,Maize,106
130,80,60,6,600,25,Urea,65,Maize,107
150,73,41,6.655736586,600,25,MOP,65,Maize,107
121,60,51,6.670743561,600,23,MOP,65,Maize,107
130,71,43,7,600,25,SSP,65,Maize,106
126,70,55,6.5,600,25,SSP,65,Maize,106
136,60,55,5.5,600,20,MOP,65,Maize,107
120,70,55,6.984826318,600,25,SSP,65,Maize,106
120,75,40,7.012229342,600,24,Sulphur,65,Maize,107
130,62,45,5.729494494,600,27,Magnesium Sulphate,65,Maize,107
147,70,40,6.5,600,30,MOP,65,Maize,107
140,75,50,7,600,30,SSP,65,Maize,107
140,62,40,5.964930281,500,20,MOP,65,Maize,108
130,60,54,7.131074257,500,20,Urea,65,Maize,107
130,65,45,6.149797956,600,25,Magnesium Sulphate,65,Maize,106
140,63,56,7.035094611,700,30,MOP,65,Maize,108
150,76,46,7,700,30,Magnesium Sulphate,65,Maize,108
140,72,50,7.286605547,700,30,SSP,65,Maize,107
136,75,45,7,500,20,Sulphur,65,Maize,107
143,60,40,5.5,500,20,MOP,65,Maize,108
120,65,45,6.265884086,600,25,SSP,65,Maize,106
138,80,50,7.5,600,25,Magnesium Sulphate,65,Maize,106
133,60,40,5.811137026,500,20,SSP,65,Maize,108
129,80,40,6.5,500,20,SSP,65,Maize,108
137,80,45,7,700,30,MOP,65,Maize,108
128,63,56,7.058932981,700,30,MOP,65,Maize,108
143,75,45,7,500,20,Magnesium Sulphate,65,Maize,107
142,70,50,6.5,500,30,MOP,65,Maize,107
135,75,40,6.767227946,600,25,SSP,65,Maize,106
132,75,60,7,500,30,SSP,65,Maize,108
150,65,50,6.497011949,500,20,SSP,65,Maize,107
122,80,45,7.5,500,30,Urea,65,Maize,108
144,74,50,7.44850926,700,30,SSP,65,Maize,107
143,60,60,6,700,30,SSP,65,Maize,109
129,79,55,6.113255046,500,20,SSP,65,Maize,108
135,65,45,6.12337689,600,25,MOP,65,Maize,106
125,76,50,7.136150927,600,28,SSP,65,Maize,106
133,80,30,7.5,500,20,SSP,65,Maize,109
130,67,57,6.7898677,600,25,SSP,65,Maize,106
140,75,40,6.699250229,600,24,MOP,65,Maize,107
140,70,55,7.478931436,600,25,SSP,65,Maize,106
125,80,51,7.259683289,600,25,Urea,65,Maize,106
145,75,51,7.30049064,700,30,SSP,65,Maize,108
125,67,57,6.611976743,600,25,Sulphur,65,Maize,106
122,80,45,7.5,500,30,Urea,65,Maize,108
140,75,57,6.380832846,700,30,SSP,65,Maize,108
120,80,55,7.20583035,500,20,SSP,65,Maize,108
132,80,50,7.5,600,25,Urea,65,Maize,106
147,72,50,7.20247551,700,30,Sulphur,65,Maize,107
145,61,45,5.669635623,600,28,Magnesium Sulphate,65,Maize,107
140,72,55,6.715278241,600,22,Magnesium Sulphate,65,Maize,106
144,70,60,6.443730241,500,20,Sulphur,65,Maize,108
140,70,40,6.5,700,30,Urea,65,Maize,108
130,71,55,7.360406548,600,23,Magnesium Sulphate,65,Maize,106
139,70,55,6.694685033,600,25,SSP,65,Maize,106
149,60,45,5.5,600,30,SSP,65,Maize,108
136,60,60,5.5,500,30,SSP,65,Maize,108
140,70,55,7.403425074,600,24,Magnesium Sulphate,65,Maize,106
150,69,44,6.962649319,600,24,SSP,65,Maize,106
124,64,40,6.472204863,500,20,SSP,65,Maize,108
124,70,55,6.5,600,25,SSP,65,Maize,106
142,77,40,7.296803846,600,22,SSP,65,Maize,107
120,71,43,7,600,25,SSP,65,Maize,106
120,60,40,5.5,500,20,MOP,65,Maize,108
133,75,55,7,600,20,MOP,65,Maize,107
125,63,40,6.235904613,500,20,Magnesium Sulphate,65,Maize,108
125,75,45,7.075935952,500,21,Urea,65,Maize,107
129,65,45,6.5,600,25,Urea,65,Maize,106
140,80,55,6,500,20,SSP,65,Maize,108
135,71,50,7.178537218,700,30,Sulphur,65,Maize,107
145,65,45,6.351973068,600,25,SSP,65,Maize,106
145,75,45,7,500,20,MOP,65,Maize,107
143,70,55,6.875238729,600,25,SSP,65,Maize,106
135,60,48,6.496201214,600,26,MOP,65,Maize,106
125,75,45,7,500,20,MOP,65,Maize,107
126,70,55,6.863059212,600,25,SSP,65,Maize,106
130,75,50,7.017114055,600,29,SSP,65,Maize,106
120,79,50,7.415327253,600,25,MOP,65,Maize,106
143,75,45,7,500,20,Urea,65,Maize,107
126,78,55,6.339248215,500,20,SSP,65,Maize,108
146,75,50,7.5,700,30,SSP,65,Maize,108
135,65,44,6,600,24,MOP,65,Maize,106
150,61,45,5.609755263,600,28,Magnesium Sulphate,65,Maize,107
120,80,40,6.525452735,500,20,SSP,65,Maize,108
121,65,40,6.5,500,20,SSP,65,Maize,108
145,70,40,6.5,600,29,MOP,65,Maize,107
132,75,55,7.5,500,20,Urea,65,Maize,107
144,70,45,7,600,25,SSP,65,Maize,106
150,70,55,6.971065453,600,25,SSP,65,Maize,106
135,60,55,5.5,600,20,MOP,65,Maize,107
150,72,55,6.757610816,600,22,MOP,65,Maize,107
135,72,45,6.756228828,500,22,MOP,65,Maize,106
150,63,45,5.870843472,600,26,MOP,65,Maize,107
120,78,41,6.650577073,500,20,SSP,65,Maize,108
140,77,47,7.201275022,700,30,MOP,65,Maize,108
150,68,45,6.890988446,600,25,SSP,65,Maize,106
150,61,53,6.967581252,500,20,Sulphur,65,Maize,108
137,70,45,6.5,500,25,SSP,65,Maize,106
139,70,55,6.5,600,25,SSP,65,Maize,106
145,60,50,5.698855398,500,24,Urea,65,Maize,107
130,68,43,6.691221858,600,23,SSP,65,Maize,106
146,75,40,6.841591928,600,25,SSP,65,Maize,107
124,65,55,6,600,30,Urea,65,Maize,107
137,60,40,5.5,500,20,MOP,65,Maize,108
120,70,60,6.092472786,500,20,MOP,65,Maize,108
140,77,40,7.250954623,600,22,SSP,65,Maize,107
120,60,60,6,700,30,SSP,65,Maize,109
122,70,40,6.5,600,30,MOP,65,Maize,107
142,65,60,6,600,25,Urea,65,Maize,107
135,73,41,7,600,25,Sulphur,65,Maize,106
139,80,55,6,500,20,SSP,65,Maize,108
120,70,55,7.5,600,25,SSP,65,Maize,106
131,65,50,6.263683803,500,20,SSP,65,Maize,107
127,80,60,6,600,25,Urea,65,Maize,107
150,66,41,6.5,500,21,SSP,65,Maize,108
140,63,60,5.87463467,500,26,MOP,65,Maize,107
131,75,55,7,600,20,MOP,65,Maize,107
142,65,50,6.49427385,500,20,SSP,65,Maize,107
147,80,50,7.5,600,25,Urea,65,Maize,106
125,70,60,6.080946518,500,20,MOP,65,Maize,108
135,62,50,5.702190751,500,22,Sulphur,65,Maize,107
121,65,50,6,500,20,SSP,65,Maize,107
137,60,45,5.5,600,30,SSP,65,Maize,107
145,73,55,6.823064312,600,21,MOP,65,Maize,107
144,74,50,7.479313589,700,30,SSP,65,Maize,107
130,70,49,6.5,500,29,MOP,65,Maize,106
150,74,55,7.04516848,600,20,MOP,65,Maize,107
146,70,60,6.385492963,500,20,Sulphur,65,Maize,108
120,60,50,5.534124853,500,24,Sulphur,65,Maize,107
124,65,45,6,600,25,MOP,65,Maize,106
122,65,50,7,500,20,SSP,65,Maize,107
139,75,40,6.957756839,600,25,Sulphur,65,Maize,106
133,70,60,6,500,20,MOP,65,Maize,107
145,80,40,7.110404667,500,20,SSP,65,Maize,108
140,60,55,7.5,500,20,Urea,65,Maize,108
143,65,40,6,600,20,SSP,65,Maize,107
139,70,60,6.5,500,20,Urea,65,Maize,107
135,65,55,6,600,29,Urea,65,Maize,107
122,60,50,7,600,25,MOP,65,Maize,106
138,60,40,6,500,20,Urea,65,Maize,108
150,77,47,7.269921389,700,30,Magnesium Sulphate,65,Maize,108
120,69,55,6.418993061,600,25,SSP,65,Maize,106
150,65,45,6.57923517,600,25,Sulphur,65,Maize,106
130,75,40,6.653592151,600,24,MOP,65,Maize,107
135,60,50,5.5,500,25,Urea,65,Maize,106
145,65,40,6.5,500,20,SSP,65,Maize,108
120,78,50,7.311666275,600,26,MOP,65,Maize,106
142,70,60,6,500,20,MOP,65,Maize,107
138,65,40,6,600,20,SSP,65,Maize,107
148,63,40,6.324229919,500,20,SSP,65,Maize,108
122,80,60,7.5,500,25,MOP,65,Maize,107
131,75,40,6.647537225,600,25,Magnesium Sulphate,65,Maize,106
142,80,45,7,700,30,MOP,65,Maize,108
137,77,60,7.270159244,500,27,MOP,65,Maize,107
139,70,45,7,600,25,SSP,65,Maize,106
140,80,40,6.577765344,500,20,SSP,65,Maize,108
130,70,55,7.5,600,25,SSP,65,Maize,106
129,80,45,7,700,30,MOP,65,Maize,108
140,60,40,5.502626909,500,20,MOP,65,Maize,108
136,80,60,6,600,25,Urea,65,Maize,107
145,70,41,6.657298278,600,28,MOP,65,Maize,107
134,80,55,6,500,20,SSP,65,Maize,107
125,79,50,7.481049393,600,25,MOP,65,Maize,106
136,80,50,7.5,600,25,MOP,65,Maize,106
135,78,50,7.345280116,600,26,Sulphur,65,Maize,106
145,60,47,6.218048999,600,27,Magnesium Sulphate,65,Maize,107
145,80,50,7.5,600,25,MOP,65,Maize,106
125,70,50,6.5,500,30,MOP,65,Maize,107
145,80,50,7.5,600,25,MOP,65,Maize,106
138,65,60,6,500,25,MOP,65,Maize,107
148,65,40,6,600,20,SSP,65,Maize,108
150,65,58,6,600,26,Urea,65,Maize,107
141,60,60,5.5,500,30,SSP,65,Maize,108
129,65,60,6,500,25,MOP,65,Maize,107
120,75,40,7.048318094,600,24,Sulphur,65,Maize,107
131,60,45,5.5,600,30,SSP,65,Maize,107
120,60,53,5.5,500,26,Sulphur,65,Maize,107
120,74,59,6.051595807,700,30,SSP,65,Maize,108
126,65,55,7.5,700,30,MOP,65,Maize,108
130,60,40,6,500,20,Urea,65,Maize,108
142,65,40,6,600,20,SSP,65,Maize,107
150,70,60,6.00032325,500,20,MOP,65,Maize,108
132,65,55,6,600,30,Urea,65,Maize,107
127,77,47,7.236605059,700,30,MOP,65,Maize,108
135,63,40,6.187145143,500,20,Magnesium Sulphate,65,Maize,108
149,60,40,6.060261289,500,20,Sulphur,65,Maize,108
141,60,60,6,700,30,SSP,65,Maize,109
125,79,55,6.288898542,500,20,SSP,65,Maize,108
135,70,50,7.057641011,700,30,Sulphur,65,Maize,107
122,70,45,7,600,25,SSP,65,Maize,106
128,70,47,6.897670919,700,30,Urea,65,Maize,107
143,70,46,6.5,500,26,Magnesium Sulphate,65,Maize,106
134,65,40,6,600,20,SSP,65,Maize,107
127,80,60,7.5,500,25,MOP,65,Maize,107
150,67,52,7.238782712,700,30,SSP,65,Maize,108
121,78,55,7.5,500,20,SSP,65,Maize,108
136,70,40,6.5,700,30,Urea,65,Maize,108
143,78,40,7.317651375,600,21,SSP,65,Maize,107
137,75,50,7.5,700,30,SSP,65,Maize,107
132,75,45,7,500,20,Magnesium Sulphate,65,Maize,107
120,65,40,6.5,500,20,SSP,65,Maize,108
127,75,45,7,500,20,MOP,65,Maize,107
127,65,50,6.441032162,500,20,SSP,65,Maize,107
145,62,57,6.893271825,700,30,MOP,65,Maize,108
150,80,42,6.927572241,500,24,SSP,65,Maize,107
125,60,60,5.59801151,500,29,Magnesium Sulphate,65,Maize,108
147,62,57,6.807602236,700,30,MOP,65,Maize,108
125,70,60,6.169172412,500,20,Magnesium Sulphate,65,Maize,108
121,80,60,7.5,500,25,MOP,65,Maize,108
142,65,40,6.5,500,20,SSP,65,Maize,108
130,80,50,7.5,600,25,SSP,65,Maize,106
135,60,50,6.814998067,600,24,MOP,65,Maize,106
122,75,40,6.5,600,25,MOP,65,Maize,107
122,65,45,6.230971425,600,25,Magnesium Sulphate,65,Maize,106
130,60,45,6.5,700,30,SSP,65,Maize,108
41,20,21,6,600,20,SSP,60,Masoor,97
45,25,20,6.5,700,25,DAP,60,Masoor,97
47,25,25,6.5,700,25,Urea,60,Masoor,97
49,20,20,6,600,20,Sulphur,60,Masoor,97
47,20,22,6,600,20,MOP,60,Masoor,96
45,20,22,6,600,20,MOP,60,Masoor,96
40,25,25,6.5,700,25,Urea,60,Masoor,97
43,20,23,6,600,20,Hydrated Lime,60,Masoor,96
45,25,24,6.5,700,25,SSP,60,Masoor,96
49,25,25,6.5,700,25,Urea,60,Masoor,97
45,25,24,6.5,700,25,Sulphur,60,Masoor,96
46,20,20,6,600,20,Urea,60,Masoor,97
47,20,20,6,600,20,Urea,60,Masoor,97
42,25,22,6.5,700,25,MOP,60,Masoor,96
45,25,22,6.5,700,25,Hydrated Lime,60,Masoor,96
41,20,25,6,600,20,DAP,60,Masoor,97
48,20,21,6,600,20,Magnesium Sulphate,60,Masoor,97
40,25,20,6.5,700,25,Ferrous Sulphate,60,Masoor,97
44,20,24,6,600,20,DAP,60,Masoor,97
48,25,25,6.5,700,25,Urea,60,Masoor,97
45,25,24,6.5,700,25,Sulphur,60,Masoor,96
40,20,23,6,600,20,Hydrated Lime,60,Masoor,97
41,25,21,6.5,700,25,Hydrated Lime,60,Masoor,97
44,20,25,6,600,20,DAP,60,Masoor,97
49,25,24,6.5,700,25,Sulphur,60,Masoor,97
45,20,21,6,600,20,SSP,60,Masoor,96
40,20,22,6,600,20,MOP,60,Masoor,97
45,25,22,6.5,700,25,MOP,60,Masoor,96
40,25,25,6.5,700,25,Urea,60,Masoor,97
41,20,23,6,600,20,Hydrated Lime,60,Masoor,97
50,20,22,6,600,20,MOP,60,Masoor,97
46,25,23,6.5,700,25,Magnesium Sulphate,60,Masoor,96
48,25,25,6.5,700,25,Urea,60,Masoor,97
45,20,25,6,600,20,DAP,60,Masoor,97
49,25,20,6.5,700,25,Ferrous Sulphate,60,Masoor,97
47,25,20,6.5,700,25,DAP,60,Masoor,97
50,25,24,6.5,700,25,Sulphur,60,Masoor,97
49,25,20,6.5,700,25,DAP,60,Masoor,97
50,20,21,6,600,20,Magnesium Sulphate,60,Masoor,97
48,25,23,6.5,700,25,Magnesium Sulphate,60,Masoor,97
47,25,21,6.5,700,25,Ferrous Sulphate,60,Masoor,97
42,25,25,6.5,700,25,Urea,60,Masoor,97
46,20,21,6,600,20,Magnesium Sulphate,60,Masoor,97
40,25,22,6.5,700,25,MOP,60,Masoor,97
42,25,20,6.5,700,25,DAP,60,Masoor,97
44,20,25,6,600,20,DAP,60,Masoor,97
42,25,22,6.5,700,25,Hydrated Lime,60,Masoor,96
48,25,20,6.5,700,25,DAP,60,Masoor,97
50,25,20,6.5,700,25,Ferrous Sulphate,60,Masoor,97
43,20,23,6,600,20,Hydrated Lime,60,Masoor,96
47,20,25,6,600,20,DAP,60,Masoor,97
40,25,20,6.5,700,25,DAP,60,Masoor,97
47,20,20,6,600,20,Urea,60,Masoor,97
40,25,25,6.5,700,25,Urea,60,Masoor,97
48,20,23,6,600,20,Hydrated Lime,60,Masoor,97
43,20,23,6,600,20,Ferrous Sulphate,60,Masoor,96
44,25,20,6.5,700,25,Ferrous Sulphate,60,Masoor,97
43,20,20,6,600,20,Urea,60,Masoor,97
46,25,23,6.5,700,25,Magnesium Sulphate,60,Masoor,96
49,25,20,6.5,700,25,DAP,60,Masoor,97
44,20,20,6,600,20,Urea,60,Masoor,97
45,25,22,6.5,700,25,MOP,60,Masoor,96
48,25,21,6.5,700,25,Hydrated Lime,60,Masoor,97
49,20,24,6,600,20,DAP,60,Masoor,97
49,25,25,6.5,700,25,Urea,60,Masoor,97
45,25,21,6.5,700,25,Hydrated Lime,60,Masoor,96
40,20,21,6,600,20,Magnesium Sulphate,60,Masoor,97
40,25,24,6.5,700,25,Sulphur,60,Masoor,97
47,25,22,6.5,700,25,MOP,60,Masoor,96
40,25,23,6.5,700,25,Magnesium Sulphate,60,Masoor,97
44,25,22,6.5,700,25,MOP,60,Masoor,96
45,20,20,6,600,20,Urea,60,Masoor,97
46,20,25,6,600,20,DAP,60,Masoor,97
45,20,20,6,600,20,Sulphur,60,Masoor,97
40,25,24,6.5,700,25,Sulphur,60,Masoor,97
40,20,24,6,600,20,DAP,60,Masoor,97
44,20,20,6,600,20,Urea,60,Masoor,97
40,25,20,6.5,700,25,DAP,60,Masoor,97
42,20,25,6,600,20,DAP,60,Masoor,97
49,25,24,6.5,700,25,Sulphur,60,Masoor,97
46,20,23,6,600,20,Ferrous Sulphate,60,Masoor,96
47,20,20,6,600,20,Urea,60,Masoor,97
40,20,22,6,600,20,MOP,60,Masoor,97
41,20,20,6,600,20,Urea,60,Masoor,97
45,25,20,6.5,700,25,DAP,60,Masoor,97
50,20,24,6,600,20,Ferrous Sulphate,60,Masoor,97
41,20,20,6,600,20,Urea,60,Masoor,97
48,25,23,6.5,700,25,Magnesium Sulphate,60,Masoor,97
41,25,25,6.5,700,25,Urea,60,Masoor,97
43,25,21,6.5,700,25,Ferrous Sulphate,60,Masoor,96
49,25,25,6.5,700,25,Urea,60,Masoor,97
41,20,25,6,600,20,DAP,60,Masoor,97
43,20,25,6,600,20,DAP,60,Masoor,97
43,20,21,6,600,20,Magnesium Sulphate,60,Masoor,97
44,20,25,6,600,20,DAP,60,Masoor,97
42,20,20,6,600,20,Urea,60,Masoor,97
40,20,25,6,600,20,DAP,60,Masoor,97
42,25,22,6.5,700,25,MOP,60,Masoor,96
41,20,24,6,600,20,Ferrous Sulphate,60,Masoor,97
45,20,20,6,600,20,Sulphur,60,Masoor,97
44,20,20,6,600,20,Urea,60,Masoor,97
45,25,23,6.5,700,25,SSP,60,Masoor,96
46,25,21,6.5,700,25,Hydrated Lime,60,Masoor,96
50,25,22,6.5,700,25,MOP,60,Masoor,97
46,20,23,6,600,20,Hydrated Lime,60,Masoor,96
41,25,25,6.5,700,25,Urea,60,Masoor,97
42,25,25,6.5,700,25,Urea,60,Masoor,97
44,20,22,6,600,20,Magnesium Sulphate,60,Masoor,96
43,25,21,6.5,700,25,Ferrous Sulphate,60,Masoor,96
40,25,22,6.5,700,25,MOP,60,Masoor,97
45,25,22,6.5,700,25,Magnesium Sulphate,60,Masoor,96
42,25,22,6.5,700,25,MOP,60,Masoor,96
48,25,25,6.5,700,25,Urea,60,Masoor,97
46,25,23,6.5,700,25,Magnesium Sulphate,60,Masoor,96
41,25,24,6.5,700,25,Sulphur,60,Masoor,97
43,25,23,6.5,700,25,Magnesium Sulphate,60,Masoor,96
47,25,21,6.5,700,25,Ferrous Sulphate,60,Masoor,97
45,20,22,6,600,20,MOP,60,Masoor,96
48,20,25,6,600,20,DAP,60,Masoor,97
40,25,25,6.5,700,25,Urea,60,Masoor,97
49,20,20,6,600,20,Sulphur,60,Masoor,97
47,20,23,6,600,20,Ferrous Sulphate,60,Masoor,97
41,20,20,6,600,20,Urea,60,Masoor,97
47,25,22,6.5,700,25,MOP,60,Masoor,96
49,20,20,6,600,20,Urea,60,Masoor,97
45,20,20,6,600,20,Sulphur,60,Masoor,97
40,25,20,6.5,700,25,Ferrous Sulphate,60,Masoor,97
40,20,20,6,600,20,Urea,60,Masoor,97
41,20,25,6,600,20,DAP,60,Masoor,97
45,20,20,6,600,20,Sulphur,60,Masoor,97
44,25,24,6.5,700,25,Sulphur,60,Masoor,96
46,20,20,6,600,20,Urea,60,Masoor,97
40,25,20,6.5,700,25,DAP,60,Masoor,97
40,25,20,6.5,700,25,DAP,60,Masoor,97
45,20,22,6,600,20,Hydrated Lime,60,Masoor,96
49,20,20,6,600,20,Sulphur,60,Masoor,97
40,20,24,6,600,20,DAP,60,Masoor,97
44,20,20,6,600,20,Sulphur,60,Masoor,97
45,25,20,6.5,700,25,DAP,60,Masoor,97
47,20,23,6,600,20,Ferrous Sulphate,60,Masoor,97
50,20,20,6,600,20,SSP,60,Masoor,97
41,20,21,6,600,20,SSP,60,Masoor,97
47,25,22,6.5,700,25,MOP,60,Masoor,96
47,20,25,6,600,20,DAP,60,Masoor,97
45,25,20,6.5,700,25,Ferrous Sulphate,60,Masoor,97
46,20,20,6,600,20,Urea,60,Masoor,97
49,20,24,6,600,20,DAP,60,Masoor,97
45,20,23,6,600,20,Hydrated Lime,60,Masoor,96
50,20,20,6,600,20,SSP,60,Masoor,97
47,20,25,6,600,20,DAP,60,Masoor,97
42,20,22,6,600,20,MOP,60,Masoor,96
43,25,23,6.5,700,25,Magnesium Sulphate,60,Masoor,96
41,25,23,6.5,700,25,SSP,60,Masoor,97
45,25,24,6.5,700,25,Sulphur,60,Masoor,96
42,25,22,6.5,700,25,MOP,60,Masoor,96
49,20,25,6,600,20,DAP,60,Masoor,97
43,20,23,6,600,20,Hydrated Lime,60,Masoor,96
44,20,25,6,600,20,DAP,60,Masoor,97
46,20,23,6,600,20,Hydrated Lime,60,Masoor,96
47,25,25,6.5,700,25,Urea,60,Masoor,97
50,25,22,6.5,700,25,MOP,60,Masoor,97
45,20,22,6,600,20,MOP,60,Masoor,96
41,20,20,6,600,20,Urea,60,Masoor,97
46,20,21,6,600,20,Magnesium Sulphate,60,Masoor,97
45,20,25,6,600,20,DAP,60,Masoor,97
40,25,20,6.5,700,25,DAP,60,Masoor,97
49,20,20,6,600,20,Urea,60,Masoor,97
40,20,20,6,600,20,Sulphur,60,Masoor,97
42,20,20,6,600,20,Urea,60,Masoor,97
46,20,23,6,600,20,Hydrated Lime,60,Masoor,96
46,25,25,6.5,700,25,Urea,60,Masoor,97
44,25,20,6.5,700,25,DAP,60,Masoor,97
41,20,20,6,600,20,Urea,60,Masoor,97
41,20,21,6,600,20,SSP,60,Masoor,97
50,25,22,6.5,700,25,Magnesium Sulphate,60,Masoor,97
49,20,24,6,600,20,DAP,60,Masoor,97
40,20,24,6,600,20,DAP,60,Masoor,97
47,20,21,6,600,20,SSP,60,Masoor,97
48,25,25,6.5,700,25,Urea,60,Masoor,97
50,20,20,6,600,20,Sulphur,60,Masoor,97
42,25,23,6.5,700,25,SSP,60,Masoor,96
49,20,20,6,600,20,Sulphur,60,Masoor,97
41,25,20,6.5,700,25,DAP,60,Masoor,97
40,20,20,6,600,20,SSP,60,Masoor,97
41,20,21,6,600,20,SSP,60,Masoor,97
47,25,20,6.5,700,25,DAP,60,Masoor,97
49,25,20,6.5,700,25,DAP,60,Masoor,97
40,20,24,6,600,20,Ferrous Sulphate,60,Masoor,97
42,20,20,6,600,20,Urea,60,Masoor,97
43,25,21,6.5,700,25,Hydrated Lime,60,Masoor,96
49,20,25,6,600,20,DAP,60,Masoor,97
45,25,23,6.5,700,25,Magnesium Sulphate,60,Masoor,96
42,20,22,6,600,20,Magnesium Sulphate,60,Masoor,96
43,20,21,6,600,20,Magnesium Sulphate,60,Masoor,97
45,20,22,6,600,20,MOP,60,Masoor,96
46,20,21,6,600,20,Magnesium Sulphate,60,Masoor,97
41,25,25,6.5,700,25,Urea,60,Masoor,97
41,20,25,6,600,20,DAP,60,Masoor,97
47,20,22,6,600,20,MOP,60,Masoor,96
40,20,22,6,600,20,MOP,60,Masoor,97
47,20,20,6,600,20,Urea,60,Masoor,97
46,25,20,6.5,700,25,DAP,60,Masoor,97
43,25,20,6.5,700,25,DAP,60,Masoor,97
47,25,25,6.5,700,25,Urea,60,Masoor,97
49,25,24,6.5,700,25,Sulphur,60,Masoor,97
40,20,21,6,600,20,SSP,60,Masoor,97
50,20,22,6,600,20,MOP,60,Masoor,97
45,20,22,6,600,20,MOP,60,Masoor,96
50,25,21,6.5,700,25,Hydrated Lime,60,Masoor,97
45,25,23,6.5,700,25,SSP,60,Masoor,96
41,20,20,6,600,20,Urea,60,Masoor,97
49,25,24,6.5,700,25,SSP,60,Masoor,97
45,25,20,6.5,700,25,DAP,60,Masoor,97
45,20,25,6,600,20,DAP,60,Masoor,97
42,20,25,6,600,20,DAP,60,Masoor,97
45,25,22,6.5,700,25,Hydrated Lime,60,Masoor,96
40,25,20,6.5,700,25,DAP,60,Masoor,97
46,20,20,6,600,20,Urea,60,Masoor,97
46,25,23,6.5,700,25,Magnesium Sulphate,60,Masoor,96
41,25,23,6.5,700,25,SSP,60,Masoor,97
49,25,24,6.5,700,25,SSP,60,Masoor,97
46,25,23,6.5,700,25,SSP,60,Masoor,96
41,20,21,6,600,20,Magnesium Sulphate,60,Masoor,97
42,20,22,6,600,20,MOP,60,Masoor,96
43,20,20,6,600,20,Urea,60,Masoor,97
50,25,20,6.5,700,25,DAP,60,Masoor,97
50,25,22,6.5,700,25,MOP,60,Masoor,97
50,25,21,6.5,700,25,Hydrated Lime,60,Masoor,97
47,25,20,6.5,700,25,DAP,60,Masoor,97
46,20,23,6,600,20,Hydrated Lime,60,Masoor,96
47,20,25,6,600,20,DAP,60,Masoor,97
42,20,22,6,600,20,MOP,60,Masoor,96
42,20,22,6,600,20,MOP,60,Masoor,96
42,20,20,6,600,20,Urea,60,Masoor,97
45,20,23,6,600,20,Ferrous Sulphate,60,Masoor,96
50,25,24,6.5,700,25,Sulphur,60,Masoor,97
47,20,22,6,600,20,Hydrated Lime,60,Masoor,96
47,20,25,6,600,20,DAP,60,Masoor,97
43,20,21,6,600,20,SSP,60,Masoor,97
42,25,20,6.5,700,25,DAP,60,Masoor,97
50,20,20,6,600,20,SSP,60,Masoor,97
40,20,25,6,600,20,DAP,60,Masoor,97
43,25,23,6.5,700,25,Magnesium Sulphate,60,Masoor,96
47,20,21,6,600,20,SSP,60,Masoor,97
45,25,20,6.5,700,25,DAP,60,Masoor,97
46,25,21,6.5,700,25,Hydrated Lime,60,Masoor,96
40,20,21,6,600,20,Magnesium Sulphate,60,Masoor,97
40,20,20,6,600,20,Sulphur,60,Masoor,97
44,25,24,6.5,700,25,Sulphur,60,Masoor,96
49,20,25,6,600,20,DAP,60,Masoor,97
46,25,20,6.5,700,25,DAP,60,Masoor,97
47,25,20,6.5,700,25,DAP,60,Masoor,97
45,25,20,6.5,700,25,DAP,60,Masoor,97
49,25,20,6.5,700,25,DAP,60,Masoor,97
49,25,20,6.5,700,25,DAP,60,Masoor,97
50,20,23,6,600,20,Ferrous Sulphate,60,Masoor,97
44,20,24,6,600,20,DAP,60,Masoor,97
40,20,23,6,600,20,Hydrated Lime,60,Masoor,97
43,20,23,6,600,20,Ferrous Sulphate,60,Masoor,96
43,25,20,6.5,700,25,DAP,60,Masoor,97
45,20,25,6,600,20,DAP,60,Masoor,97
40,25,20,6.5,700,25,DAP,60,Masoor,97
49,25,20,6.5,700,25,DAP,60,Masoor,97
40,25,20,6.5,700,25,Ferrous Sulphate,60,Masoor,97
40,25,20,6.5,700,25,DAP,60,Masoor,97
41,25,20,6.5,700,25,DAP,60,Masoor,97
40,20,21,6,600,20,SSP,60,Masoor,97
40,20,20,6,600,20,SSP,60,Masoor,97
49,25,24,6.5,700,25,SSP,60,Masoor,97
49,25,24,6.5,700,25,SSP,60,Masoor,97
45,25,23,6.5,700,25,Magnesium Sulphate,60,Masoor,96
46,20,25,6,600,20,DAP,60,Masoor,97
40,20,23,6,600,20,Ferrous Sulphate,60,Masoor,97
43,20,21,6,600,20,Magnesium Sulphate,60,Masoor,97
41,20,20,6,600,20,Urea,60,Masoor,97
47,25,25,6.5,700,25,Urea,60,Masoor,97
40,20,21,6,600,20,SSP,60,Masoor,97
45,25,23,6.5,700,25,SSP,60,Masoor,96
43,20,25,6,600,20,DAP,60,Masoor,97
49,25,25,6.5,700,25,Urea,60,Masoor,97
40,20,22,6,600,20,Hydrated Lime,60,Masoor,97
40,20,20,6,600,20,Urea,60,Masoor,97
40,20,20,6,600,20,Sulphur,60,Masoor,97
42,25,22,6.5,700,25,MOP,60,Masoor,96
44,20,20,6,600,20,Urea,60,Masoor,97
40,25,24,6.5,700,25,Sulphur,60,Masoor,97
47,20,20,6,600,20,Urea,60,Masoor,97
49,25,20,6.5,700,25,DAP,60,Masoor,97
40,25,20,6.5,700,25,DAP,60,Masoor,97
40,25,23,6.5,700,25,SSP,60,Masoor,97
45,20,22,6,600,20,Magnesium Sulphate,60,Masoor,96
44,25,24,6.5,700,25,SSP,60,Masoor,96
40,20,20,6,600,20,Sulphur,60,Masoor,97
46,25,20,6.5,700,25,DAP,60,Masoor,97
47,20,25,6,600,20,DAP,60,Masoor,97
43,20,20,6,600,20,Urea,60,Masoor,97
46,25,25,6.5,700,25,Urea,60,Masoor,97
48,20,20,6,600,20,Urea,60,Masoor,97
42,25,22,6.5,700,25,MOP,60,Masoor,96
44,25,25,6.5,700,25,Urea,60,Masoor,97
42,20,22,6,600,20,MOP,60,Masoor,96
47,20,22,6,600,20,MOP,60,Masoor,96
41,25,24,6.5,700,25,Sulphur,60,Masoor,97
44,25,20,6.5,700,25,DAP,60,Masoor,97
44,20,20,6,600,20,Urea,60,Masoor,97
41,25,25,6.5,700,25,Urea,60,Masoor,97
46,25,25,6.5,700,25,Urea,60,Masoor,97
41,20,21,6,600,20,Magnesium Sulphate,60,Masoor,97
44,25,22,6.5,700,25,Magnesium Sulphate,60,Masoor,96
42,25,23,6.5,700,25,SSP,60,Masoor,96
46,25,20,6.5,700,25,DAP,60,Masoor,97
42,20,25,6,600,20,DAP,60,Masoor,97
46,25,25,6.5,700,25,Urea,60,Masoor,97
48,25,25,6.5,700,25,Urea,60,Masoor,97
44,20,24,6,600,20,Ferrous Sulphate,60,Masoor,97
45,25,25,6.5,700,25,Urea,60,Masoor,97
42,25,23,6.5,700,25,Magnesium Sulphate,60,Masoor,96
40,20,21,6,600,20,Magnesium Sulphate,60,Masoor,97
47,20,20,6,600,20,Urea,60,Masoor,97
47,25,20,6.5,700,25,DAP,60,Masoor,97
47,20,25,6,600,20,DAP,60,Masoor,97
42,20,22,6,600,20,MOP,60,Masoor,96
48,20,21,6,600,20,SSP,60,Masoor,97
44,20,24,6,600,20,DAP,60,Masoor,97
41,25,23,6.5,700,25,Magnesium Sulphate,60,Masoor,97
45,20,24,6,600,20,DAP,60,Masoor,97
43,20,20,6,600,20,Urea,60,Masoor,97
48,20,20,6,600,20,Urea,60,Masoor,97
45,25,20,6.5,700,25,DAP,60,Masoor,97
50,25,22,6.5,700,25,MOP,60,Masoor,97
49,25,20,6.5,700,25,Ferrous Sulphate,60,Masoor,97
49,25,24,6.5,700,25,Sulphur,60,Masoor,97
45,25,20,6.5,700,25,Ferrous Sulphate,60,Masoor,97
44,20,25,6,600,20,DAP,60,Masoor,97
45,25,22,6.5,700,25,Magnesium Sulphate,60,Masoor,96
50,20,22,6,600,20,MOP,60,Masoor,97
42,20,23,6,600,20,Ferrous Sulphate,60,Masoor,97
45,20,20,6,600,20,Urea,60,Masoor,97
44,25,22,6.5,700,25,MOP,60,Masoor,96
42,25,25,6.5,700,25,Urea,60,Masoor,97
48,25,25,6.5,700,25,Urea,60,Masoor,97
42,25,22,6.5,700,25,MOP,60,Masoor,96
50,25,24,6.5,700,25,Sulphur,60,Masoor,97
47,25,20,6.5,700,25,DAP,60,Masoor,97
42,25,23,6.5,700,25,SSP,60,Masoor,96
48,25,20,6.5,700,25,DAP,60,Masoor,97
40,20,24,6,600,20,DAP,60,Masoor,97
43,20,20,6,600,20,Urea,60,Masoor,97
44,25,24,6.5,700,25,SSP,60,Masoor,96
50,20,24,6,600,20,DAP,60,Masoor,97
49,20,24,6,600,20,DAP,60,Masoor,97
45,20,25,6,600,20,DAP,60,Masoor,97
40,20,22,6,600,20,Hydrated Lime,60,Masoor,97
46,25,20,6.5,700,25,DAP,60,Masoor,97
44,25,20,6.5,700,25,DAP,60,Masoor,97
48,20,23,6,600,20,Hydrated Lime,60,Masoor,97
46,20,25,6,600,20,DAP,60,Masoor,97
48,20,20,6,600,20,SSP,60,Masoor,97
41,25,25,6.5,700,25,Urea,60,Masoor,97
44,25,24,6.5,700,25,Sulphur,60,Masoor,96
43,25,25,6.5,700,25,Urea,60,Masoor,97
43,20,23,6,600,20,Hydrated Lime,60,Masoor,96
49,25,20,6.5,700,25,DAP,60,Masoor,97
41,25,21,6.5,700,25,Hydrated Lime,60,Masoor,97
46,25,21,6.5,700,25,Hydrated Lime,60,Masoor,96
45,25,20,6.5,700,25,DAP,60,Masoor,97
41,20,23,6,600,20,Hydrated Lime,60,Masoor,97
44,25,24,6.5,700,25,Sulphur,60,Masoor,96
49,25,20,6.5,700,25,DAP,60,Masoor,97
48,20,20,6,600,20,Urea,60,Masoor,97
47,25,20,6.5,700,25,DAP,60,Masoor,97
45,20,21,6,600,20,Magnesium Sulphate,60,Masoor,96
40,20,25,6,600,20,DAP,60,Masoor,97
45,20,23,6,600,20,Ferrous Sulphate,60,Masoor,96
49,20,20,6,600,20,Sulphur,60,Masoor,97
47,25,21,6.5,700,25,Ferrous Sulphate,60,Masoor,97
41,20,24,6,600,20,DAP,60,Masoor,97
42,25,22,6.5,700,25,MOP,60,Masoor,96
49,25,20,6.5,700,25,DAP,60,Masoor,97
44,20,22,6,600,20,MOP,60,Masoor,96
45,25,24,6.5,700,25,SSP,60,Masoor,96
45,25,25,6.5,700,25,Urea,60,Masoor,97
42,25,22,6.5,700,25,MOP,60,Masoor,96
43,25,20,6.5,700,25,DAP,60,Masoor,97
43,25,21,6.5,700,25,Hydrated Lime,60,Masoor,96
40,20,22,6,600,20,Magnesium Sulphate,60,Masoor,97
46,25,21,6.5,700,25,Ferrous Sulphate,60,Masoor,96
46,20,21,6,600,20,Magnesium Sulphate,60,Masoor,97
42,25,25,6.5,700,25,Urea,60,Masoor,97
49,20,25,6,600,20,DAP,60,Masoor,97
40,20,25,6,600,20,DAP,60,Masoor,97
43,20,21,6,600,20,Magnesium Sulphate,60,Masoor,97
46,20,20,6,600,20,Urea,60,Masoor,97
44,20,20,6,600,20,SSP,60,Masoor,97
44,20,20,6,600,20,Urea,60,Masoor,97
40,25,25,6.5,700,25,Urea,60,Masoor,97
42,25,22,6.5,700,25,MOP,60,Masoor,96
40,25,24,6.5,700,25,Sulphur,60,Masoor,97
47,25,20,6.5,700,25,DAP,60,Masoor,97
45,20,22,6,600,20,MOP,60,Masoor,96
48,20,20,6,600,20,Urea,60,Masoor,97
40,20,20,6,600,20,Sulphur,60,Masoor,97
40,25,24,6.5,700,25,Sulphur,60,Masoor,97
41,20,23,6,600,20,Ferrous Sulphate,60,Masoor,97
41,25,21,6.5,700,25,Ferrous Sulphate,60,Masoor,97
50,20,23,6,600,20,Ferrous Sulphate,60,Masoor,97
47,25,20,6.5,700,25,DAP,60,Masoor,97
41,25,20,6.5,700,25,DAP,60,Masoor,97
47,25,25,6.5,700,25,Urea,60,Masoor,97
42,25,22,6.5,700,25,Magnesium Sulphate,60,Masoor,96
49,25,25,6.5,700,25,Urea,60,Masoor,97
42,25,20,6.5,700,25,DAP,60,Masoor,97
42,25,21,6.5,700,25,Ferrous Sulphate,60,Masoor,97
45,20,22,6,600,20,Hydrated Lime,60,Masoor,96
45,20,23,6,600,20,Hydrated Lime,60,Masoor,96
40,20,20,6,600,20,Sulphur,60,Masoor,97
44,25,20,6.5,700,25,DAP,60,Masoor,97
45,25,20,6.5,700,25,DAP,60,Masoor,97
45,20,23,6,600,20,Ferrous Sulphate,60,Masoor,96
50,25,24,6.5,700,25,Sulphur,60,Masoor,97
50,25,20,6.5,700,25,Ferrous Sulphate,60,Masoor,97
44,20,25,6,600,20,DAP,60,Masoor,97
40,25,25,6.5,700,25,Urea,60,Masoor,97
42,25,21,6.5,700,25,Ferrous Sulphate,60,Masoor,97
43,20,21,6,600,20,Magnesium Sulphate,60,Masoor,97
45,25,20,6.5,700,25,DAP,60,Masoor,97
40,25,21,6.5,700,25,Hydrated Lime,60,Masoor,97
44,20,20,6,600,20,Sulphur,60,Masoor,97
41,20,20,6,600,20,Sulphur,60,Masoor,97
45,25,22,6.5,700,25,MOP,60,Masoor,96
41,25,21,6.5,700,25,Ferrous Sulphate,60,Masoor,97
45,25,25,6.5,700,25,Urea,60,Masoor,97
41,20,20,6,600,20,Urea,60,Masoor,97
48,20,20,6,600,20,SSP,60,Masoor,97
48,25,20,6.5,700,25,DAP,60,Masoor,97
40,25,20,6.5,700,25,DAP,60,Masoor,97
48,20,25,6,600,20,DAP,60,Masoor,97
46,25,21,6.5,700,25,Hydrated Lime,60,Masoor,96
45,25,22,6.5,700,25,MOP,60,Masoor,96
46,25,25,6.5,700,25,Urea,60,Masoor,97
41,25,20,6.5,700,25,DAP,60,Masoor,97
45,25,22,6.5,700,25,Hydrated Lime,60,Masoor,96
41,20,20,6,600,20,Urea,60,Masoor,97
45,20,22,6,600,20,Magnesium Sulphate,60,Masoor,96
45,25,22,6.5,700,25,MOP,60,Masoor,96
49,20,25,6,600,20,DAP,60,Masoor,97
45,20,25,6,600,20,DAP,60,Masoor,97
44,25,24,6.5,700,25,Sulphur,60,Masoor,96
40,25,25,6.5,700,25,Urea,60,Masoor,97
40,25,20,6.5,700,25,DAP,60,Masoor,97
40,25,20,6.5,700,25,DAP,60,Masoor,97
45,25,21,6.5,700,25,Hydrated Lime,60,Masoor,96
44,20,25,6,600,20,DAP,60,Masoor,97
49,20,20,6,600,20,Sulphur,60,Masoor,97
42,25,23,6.5,700,25,SSP,60,Masoor,96
43,20,21,6,600,20,Magnesium Sulphate,60,Masoor,97
47,25,20,6.5,700,25,DAP,60,Masoor,97
44,25,25,6.5,700,25,Urea,60,Masoor,97
40,20,20,6,600,20,Sulphur,60,Masoor,97
45,25,21,6.5,700,25,Ferrous Sulphate,60,Masoor,96
43,20,21,6,600,20,Magnesium Sulphate,60,Masoor,97
43,20,23,6,600,20,Ferrous Sulphate,60,Masoor,96
43,25,21,6.5,700,25,Ferrous Sulphate,60,Masoor,96
48,25,21,6.5,700,25,Hydrated Lime,60,Masoor,97
50,20,20,6,600,20,Sulphur,60,Masoor,97
44,20,25,6,600,20,DAP,60,Masoor,97
48,25,23,6.5,700,25,Magnesium Sulphate,60,Masoor,97
46,25,23,6.5,700,25,Magnesium Sulphate,60,Masoor,96
40,20,20,6,600,20,Sulphur,60,Masoor,97
48,20,21,6,600,20,Magnesium Sulphate,60,Masoor,97
40,25,20,6.5,700,25,DAP,60,Masoor,97
42,25,22,6.5,700,25,Hydrated Lime,60,Masoor,96
49,25,24,6.5,700,25,Sulphur,60,Masoor,97
40,20,22,6,600,20,MOP,60,Masoor,97
40,25,22,6.5,700,25,MOP,60,Masoor,97
46,25,25,6.5,700,25,Urea,60,Masoor,97
45,25,24,6.5,700,25,Sulphur,60,Masoor,96
40,20,23,6,600,20,Ferrous Sulphate,60,Masoor,97
50,25,24,6.5,700,25,SSP,60,Masoor,97
50,20,24,6,600,20,DAP,60,Masoor,97
40,20,22,6,600,20,Magnesium Sulphate,60,Masoor,97
46,25,25,6.5,700,25,Urea,60,Masoor,97
40,25,21,6.5,700,25,Ferrous Sulphate,60,Masoor,97
45,20,24,6,600,20,DAP,60,Masoor,97
42,20,22,6,600,20,MOP,60,Masoor,96
47,20,22,6,600,20,MOP,60,Masoor,96
46,20,21,6,600,20,Magnesium Sulphate,60,Masoor,97
48,25,23,6.5,700,25,Magnesium Sulphate,60,Masoor,97
41,25,21,6.5,700,25,Hydrated Lime,60,Masoor,97
42,20,22,6,600,20,MOP,60,Masoor,96
45,25,25,6.5,700,25,Urea,60,Masoor,97
50,20,20,6,600,20,Sulphur,60,Masoor,97
42,25,22,6.5,700,25,MOP,60,Masoor,96
47,25,25,6.5,700,25,Urea,60,Masoor,97
44,20,22,6,600,20,Hydrated Lime,60,Masoor,96
45,25,22,6.5,700,25,Magnesium Sulphate,60,Masoor,96
49,25,20,6.5,700,25,Ferrous Sulphate,60,Masoor,97
42,25,22,6.5,700,25,MOP,60,Masoor,96
46,20,23,6,600,20,Hydrated Lime,60,Masoor,96
42,25,23,6.5,700,25,SSP,60,Masoor,96
47,25,22,6.5,700,25,MOP,60,Masoor,96
47,20,20,6,600,20,Urea,60,Masoor,97
50,25,24,6.5,700,25,Sulphur,60,Masoor,97
42,20,25,6,600,20,DAP,60,Masoor,97
45,20,22,6,600,20,MOP,60,Masoor,96
49,25,20,6.5,700,25,DAP,60,Masoor,97
40,20,20,6,600,20,Urea,60,Masoor,97
45,20,20,6,600,20,SSP,60,Masoor,97
41,25,20,6.5,700,25,DAP,60,Masoor,97
44,25,25,6.5,700,25,Urea,60,Masoor,97
49,20,20,6,600,20,Urea,60,Masoor,97
50,20,20,6,600,20,Sulphur,60,Masoor,97
44,25,20,6.5,700,25,DAP,60,Masoor,97
45,25,24,6.5,700,25,Sulphur,60,Masoor,96
49,20,20,6,600,20,Sulphur,60,Masoor,97
47,25,22,6.5,700,25,MOP,60,Masoor,96
45,20,25,6,600,20,DAP,60,Masoor,97
40,20,21,6,600,20,SSP,60,Masoor,97
40,20,23,6,600,20,Hydrated Lime,60,Masoor,97
45,25,24,6.5,700,25,Sulphur,60,Masoor,96
46,25,25,6.5,700,25,Urea,60,Masoor,97
42,25,20,6.5,700,25,DAP,60,Masoor,97
48,25,21,6.5,700,25,Ferrous Sulphate,60,Masoor,97
49,25,20,6.5,700,25,DAP,60,Masoor,97
47,25,25,6.5,700,25,Urea,60,Masoor,97
48,25,21,6.5,700,25,Hydrated Lime,60,Masoor,97
45,25,24,6.5,700,25,SSP,60,Masoor,96
48,25,25,6.5,700,25,Urea,60,Masoor,97
45,25,20,6.5,700,25,DAP,60,Masoor,97
46,25,20,6.5,700,25,DAP,60,Masoor,97
50,20,20,6,600,20,Sulphur,60,Masoor,97
44,20,20,6,600,20,Urea,60,Masoor,97
48,20,20,6,600,20,Sulphur,60,Masoor,97
46,25,21,6.5,700,25,Hydrated Lime,60,Masoor,96
49,20,24,6,600,20,DAP,60,Masoor,97
40,25,24,6.5,700,25,Sulphur,60,Masoor,97
48,20,25,6,600,20,DAP,60,Masoor,97
41,20,23,6,600,20,Ferrous Sulphate,60,Masoor,97
45,20,22,6,600,20,Hydrated Lime,60,Masoor,96
45,25,24,6.5,700,25,Sulphur,60,Masoor,96
41,25,24,6.5,700,25,Sulphur,60,Masoor,97
43,20,25,6,600,20,DAP,60,Masoor,97
40,20,25,6,600,20,DAP,60,Masoor,97
49,20,24,6,600,20,DAP,60,Masoor,97
41,20,21,6,600,20,SSP,60,Masoor,97
40,20,20,6,600,20,Urea,60,Masoor,97
42,20,20,6,600,20,Urea,60,Masoor,97
41,20,20,6,600,20,SSP,60,Masoor,97
40,20,23,6,600,20,Ferrous Sulphate,60,Masoor,97
49,25,20,6.5,700,25,DAP,60,Masoor,97
48,25,24,6.5,700,25,Sulphur,60,Masoor,97
40,25,20,6.5,700,25,DAP,60,Masoor,97
43,20,23,6,600,20,Hydrated Lime,60,Masoor,96
44,25,20,6.5,700,25,DAP,60,Masoor,97
49,20,20,6,600,20,Sulphur,60,Masoor,97
49,25,20,6.5,700,25,DAP,60,Masoor,97
44,25,25,6.5,700,25,Urea,60,Masoor,97
46,20,23,6,600,20,Hydrated Lime,60,Masoor,96
42,25,21,6.5,700,25,Ferrous Sulphate,60,Masoor,97
44,25,22,6.5,700,25,MOP,60,Masoor,96
50,20,22,6,600,20,Magnesium Sulphate,60,Masoor,97
44,25,22,6.5,700,25,MOP,60,Masoor,96
42,25,25,6.5,700,25,Urea,60,Masoor,97
40,25,22,6.5,700,25,MOP,60,Masoor,97
47,25,20,6.5,700,25,DAP,60,Masoor,97
49,25,25,6.5,700,25,Urea,60,Masoor,97
45,25,20,6.5,700,25,DAP,60,Masoor,97
47,25,22,6.5,700,25,MOP,60,Masoor,96
41,25,23,6.5,700,25,Magnesium Sulphate,60,Masoor,97
46,25,25,6.5,700,25,Urea,60,Masoor,97
45,20,25,6,600,20,DAP,60,Masoor,97
45,25,25,6.5,700,25,Urea,60,Masoor,97
45,25,24,6.5,700,25,Sulphur,60,Masoor,96
45,25,22,6.5,700,25,MOP,60,Masoor,96
46,20,21,6,600,20,Magnesium Sulphate,60,Masoor,97
50,20,21,6,600,20,SSP,60,Masoor,97
45,25,22,6.5,700,25,MOP,60,Masoor,96
40,20,20,6,600,20,Urea,60,Masoor,97
45,25,24,6.5,700,25,SSP,60,Masoor,96
49,25,20,6.5,700,25,DAP,60,Masoor,97
41,20,20,6,600,20,Urea,60,Masoor,97
40,25,24,6.5,700,25,Sulphur,60,Masoor,97
47,20,25,6,600,20,DAP,60,Masoor,97
40,20,23,6,600,20,Ferrous Sulphate,60,Masoor,97
46,25,21,6.5,700,25,Ferrous Sulphate,60,Masoor,96
40,25,20,6.5,700,25,DAP,60,Masoor,97
48,25,21,6.5,700,25,Hydrated Lime,60,Masoor,97
45,20,24,6,600,20,DAP,60,Masoor,97
44,20,22,6,600,20,MOP,60,Masoor,96
45,25,24,6.5,700,25,Sulphur,60,Masoor,96
40,20,20,6,600,20,Urea,60,Masoor,97
44,25,25,6.5,700,25,Urea,60,Masoor,97
40,20,20,6,600,20,Sulphur,60,Masoor,97
40,20,20,6,600,20,Sulphur,60,Masoor,97
49,25,25,6.5,700,25,Urea,60,Masoor,97
44,25,25,6.5,700,25,Urea,60,Masoor,97
40,25,24,6.5,700,25,Sulphur,60,Masoor,97
42,20,22,6,600,20,MOP,60,Masoor,96
50,20,23,6,600,20,Hydrated Lime,60,Masoor,97
47,25,25,6.5,700,25,Urea,60,Masoor,97
44,25,25,6.5,700,25,Urea,60,Masoor,97
41,25,20,6.5,700,25,DAP,60,Masoor,97
47,20,25,6,600,20,DAP,60,Masoor,97
49,25,25,6.5,700,25,Urea,60,Masoor,97
50,25,21,6.5,700,25,Ferrous Sulphate,60,Masoor,97
48,25,25,6.5,700,25,Urea,60,Masoor,97
48,20,20,6,600,20,Urea,60,Masoor,97
48,25,23,6.5,700,25,Magnesium Sulphate,60,Masoor,97
42,20,21,6,600,20,SSP,60,Masoor,97
40,25,24,6.5,700,25,Sulphur,60,Masoor,97
41,25,20,6.5,700,25,DAP,60,Masoor,97
43,25,21,6.5,700,25,Hydrated Lime,60,Masoor,96
40,25,20,6.5,700,25,DAP,60,Masoor,97
49,25,20,6.5,700,25,DAP,60,Masoor,97
49,20,24,6,600,20,DAP,60,Masoor,97
50,20,22,6,600,20,MOP,60,Masoor,97
44,25,25,6.5,700,25,Urea,60,Masoor,97
49,25,25,6.5,700,25,Urea,60,Masoor,97
45,25,25,6.5,700,25,Urea,60,Masoor,97
41,25,21,6.5,700,25,Ferrous Sulphate,60,Masoor,97
40,25,25,6.5,700,25,Urea,60,Masoor,97
44,20,24,6,600,20,DAP,60,Masoor,97
42,20,25,6,600,20,DAP,60,Masoor,97
43,20,21,6,600,20,SSP,60,Masoor,97
47,25,23,6.5,700,25,SSP,60,Masoor,96
45,20,25,6,600,20,DAP,60,Masoor,97
45,25,24,6.5,700,25,Sulphur,60,Masoor,96
48,25,21,6.5,700,25,Hydrated Lime,60,Masoor,97
42,20,22,6,600,20,MOP,60,Masoor,96
45,25,20,6.5,700,25,DAP,60,Masoor,97
43,20,21,6,600,20,Magnesium Sulphate,60,Masoor,97
44,20,25,6,600,20,DAP,60,Masoor,97
48,20,25,6,600,20,DAP,60,Masoor,97
45,25,20,6.5,700,25,DAP,60,Masoor,97
41,20,25,6,600,20,DAP,60,Masoor,97
44,20,20,6,600,20,Sulphur,60,Masoor,97
47,25,22,6.5,700,25,MOP,60,Masoor,96
48,25,25,6.5,700,25,Urea,60,Masoor,97
48,25,21,6.5,700,25,Hydrated Lime,60,Masoor,97
40,20,24,6,600,20,Ferrous Sulphate,60,Masoor,97
43,20,20,6,600,20,Urea,60,Masoor,97
46,25,20,6.5,700,25,DAP,60,Masoor,97
41,20,20,6,600,20,SSP,60,Masoor,97
42,20,21,6,600,20,SSP,60,Masoor,97
49,20,20,6,600,20,Urea,60,Masoor,97
40,25,25,6.5,700,25,Urea,60,Masoor,97
41,25,21,6.5,700,25,Ferrous Sulphate,60,Masoor,97
43,25,25,6.5,700,25,Urea,60,Masoor,97
42,25,22,6.5,700,25,MOP,60,Masoor,96
40,20,20,6,600,20,Sulphur,60,Masoor,97
40,25,20,6.5,700,25,DAP,60,Masoor,97
45,25,20,6.5,700,25,Ferrous Sulphate,60,Masoor,97
40,20,20,6,600,20,Sulphur,60,Masoor,97
50,25,21,6.5,700,25,Hydrated Lime,60,Masoor,97
44,25,22,6.5,700,25,MOP,60,Masoor,96
41,25,21,6.5,700,25,Hydrated Lime,60,Masoor,97
50,20,22,6,600,20,Hydrated Lime,60,Masoor,97
43,25,21,6.5,700,25,Hydrated Lime,60,Masoor,96
40,20,24,6,600,20,DAP,60,Masoor,97
41,25,24,6.5,700,25,SSP,60,Masoor,97
41,20,23,6,600,20,Hydrated Lime,60,Masoor,97
44,20,20,6,600,20,SSP,60,Masoor,97
43,25,20,6.5,700,25,DAP,60,Masoor,97
49,20,24,6,600,20,DAP,60,Masoor,97
45,20,25,6,600,20,DAP,60,Masoor,97
50,20,22,6,600,20,MOP,60,Masoor,97
44,20,24,6,600,20,DAP,60,Masoor,97
40,20,20,6,600,20,Urea,60,Masoor,97
44,20,20,6,600,20,SSP,60,Masoor,97
47,20,22,6,600,20,MOP,60,Masoor,96
40,20,24,6,600,20,Ferrous Sulphate,60,Masoor,97
48,20,23,6,600,20,Hydrated Lime,60,Masoor,97
41,20,25,6,600,20,DAP,60,Masoor,97
42,25,25,6.5,700,25,Urea,60,Masoor,97
48,20,21,6,600,20,SSP,60,Masoor,97
50,20,20,6,600,20,Sulphur,60,Masoor,97
44,20,25,6,600,20,DAP,60,Masoor,97
44,25,20,6.5,700,25,DAP,60,Masoor,97
40,20,20,6,600,20,Sulphur,60,Masoor,97
41,25,20,6.5,700,25,DAP,60,Masoor,97
49,25,24,6.5,700,25,Sulphur,60,Masoor,97
48,20,20,6,600,20,Sulphur,60,Masoor,97
45,25,20,6.5,700,25,DAP,60,Masoor,97
40,25,21,6.5,700,25,Ferrous Sulphate,60,Masoor,97
47,25,25,6.5,700,25,Urea,60,Masoor,97
45,20,21,6,600,20,Magnesium Sulphate,60,Masoor,96
46,25,25,6.5,700,25,Urea,60,Masoor,97
46,25,25,6.5,700,25,Urea,60,Masoor,97
41,20,23,6,600,20,Ferrous Sulphate,60,Masoor,97
48,25,25,6.5,700,25,Urea,60,Masoor,97
48,20,25,6,600,20,DAP,60,Masoor,97
41,25,20,6.5,700,25,DAP,60,Masoor,97
47,20,25,6,600,20,DAP,60,Masoor,97
47,20,20,6,600,20,Urea,60,Masoor,97
45,20,20,6,600,20,Urea,60,Masoor,97
49,25,20,6.5,700,25,Ferrous Sulphate,60,Masoor,97
45,25,21,6.5,700,25,Ferrous Sulphate,60,Masoor,96
40,25,20,6.5,700,25,DAP,60,Masoor,97
48,20,24,6,600,20,Ferrous Sulphate,60,Masoor,97
47,20,20,6,600,20,Urea,60,Masoor,97
44,25,25,6.5,700,25,Urea,60,Masoor,97
49,25,20,6.5,700,25,DAP,60,Masoor,97
41,20,25,6,600,20,DAP,60,Masoor,97
46,25,23,6.5,700,25,Magnesium Sulphate,60,Masoor,96
40,25,25,6.5,700,25,Urea,60,Masoor,97
50,25,24,6.5,700,25,Sulphur,60,Masoor,97
44,20,25,6,600,20,DAP,60,Masoor,97
42,20,22,6,600,20,MOP,60,Masoor,96
45,20,25,6,600,20,DAP,60,Masoor,97
47,20,22,6,600,20,Hydrated Lime,60,Masoor,96
41,25,21,6.5,700,25,Hydrated Lime,60,Masoor,97
42,20,23,6,600,20,Ferrous Sulphate,60,Masoor,97
45,25,20,6.5,700,25,DAP,60,Masoor,97
42,20,23,6,600,20,Ferrous Sulphate,60,Masoor,97
40,25,20,6.5,700,25,Ferrous Sulphate,60,Masoor,97
41,20,25,6,600,20,DAP,60,Masoor,97
41,25,23,6.5,700,25,Magnesium Sulphate,60,Masoor,97
45,25,20,6.5,700,25,DAP,60,Masoor,97
42,20,22,6,600,20,MOP,60,Masoor,96
40,20,20,6,600,20,Sulphur,60,Masoor,97
44,25,24,6.5,700,25,SSP,60,Masoor,96
45,25,22,6.5,700,25,MOP,60,Masoor,96
40,20,21,6,600,20,Magnesium Sulphate,60,Masoor,97
46,20,25,6,600,20,DAP,60,Masoor,97
50,20,24,6,600,20,DAP,60,Masoor,97
47,25,20,6.5,700,25,DAP,60,Masoor,97
41,25,23,6.5,700,25,Magnesium Sulphate,60,Masoor,97
46,20,23,6,600,20,Ferrous Sulphate,60,Masoor,96
45,25,20,6.5,700,25,DAP,60,Masoor,97
49,25,20,6.5,700,25,DAP,60,Masoor,97
47,20,21,6,600,20,SSP,60,Masoor,97
46,20,25,6,600,20,DAP,60,Masoor,97
48,25,24,6.5,700,25,SSP,60,Masoor,97
40,25,24,6.5,700,25,Sulphur,60,Masoor,97
45,25,20,6.5,700,25,DAP,60,Masoor,97
40,25,24,6.5,700,25,Sulphur,60,Masoor,97
42,25,22,6.5,700,25,MOP,60,Masoor,96
46,25,23,6.5,700,25,SSP,60,Masoor,96
46,25,25,6.5,700,25,Urea,60,Masoor,97
46,20,23,6,600,20,Ferrous Sulphate,60,Masoor,96
40,25,20,6.5,700,25,DAP,60,Masoor,97
40,25,25,6.5,700,25,Urea,60,Masoor,97
45,25,20,6.5,700,25,DAP,60,Masoor,97
40,20,25,6,600,20,DAP,60,Masoor,97
50,20,20,6,600,20,Sulphur,60,Masoor,97
45,20,25,6,600,20,DAP,60,Masoor,97
43,25,25,6.5,700,25,Urea,60,Masoor,97
50,20,21,6,600,20,Magnesium Sulphate,60,Masoor,97
49,20,24,6,600,20,DAP,60,Masoor,97
46,20,20,6,600,20,Urea,60,Masoor,97
46,25,21,6.5,700,25,Hydrated Lime,60,Masoor,96
41,20,20,6,600,20,Urea,60,Masoor,97
40,20,25,6,600,20,DAP,60,Masoor,97
48,25,20,6.5,700,25,DAP,60,Masoor,97
49,25,25,6.5,700,25,Urea,60,Masoor,97
49,25,20,6.5,700,25,DAP,60,Masoor,97
40,25,24,6.5,700,25,Sulphur,60,Masoor,97
42,25,25,6.5,700,25,Urea,60,Masoor,97
45,25,23,6.5,700,25,Magnesium Sulphate,60,Masoor,96
46,20,23,6,600,20,Hydrated Lime,60,Masoor,96
42,20,23,6,600,20,Hydrated Lime,60,Masoor,97
50,20,24,6,600,20,DAP,60,Masoor,97
49,25,20,6.5,700,25,DAP,60,Masoor,97
48,25,20,6.5,700,25,DAP,60,Masoor,97
42,25,20,6.5,700,25,DAP,60,Masoor,97
41,25,25,6.5,700,25,Urea,60,Masoor,97
42,20,25,6,600,20,DAP,60,Masoor,97
45,25,23,6.5,700,25,Magnesium Sulphate,60,Masoor,96
45,25,22,6.5,700,25,MOP,60,Masoor,96
42,25,25,6.5,700,25,Urea,60,Masoor,97
50,25,23,6.5,700,25,SSP,60,Masoor,97
42,20,22,6,600,20,MOP,60,Masoor,96
49,20,24,6,600,20,DAP,60,Masoor,97
45,25,20,6.5,700,25,Ferrous Sulphate,60,Masoor,97
50,20,22,6,600,20,MOP,60,Masoor,97
46,25,23,6.5,700,25,SSP,60,Masoor,96
42,20,22,6,600,20,Magnesium Sulphate,60,Masoor,96
43,20,20,6,600,20,Urea,60,Masoor,97
42,20,25,6,600,20,DAP,60,Masoor,97
46,25,23,6.5,700,25,Magnesium Sulphate,60,Masoor,96
43,20,21,6,600,20,Magnesium Sulphate,60,Masoor,97
44,20,22,6,600,20,MOP,60,Masoor,96
45,25,21,6.5,700,25,Ferrous Sulphate,60,Masoor,96
41,25,25,6.5,700,25,Urea,60,Masoor,97
47,20,22,6,600,20,MOP,60,Masoor,96
49,20,20,6,600,20,Urea,60,Masoor,97
40,25,24,6.5,700,25,SSP,60,Masoor,97
40,25,20,6.5,700,25,DAP,60,Masoor,97
50,20,23,6,600,20,Hydrated Lime,60,Masoor,97
46,20,21,6,600,20,Magnesium Sulphate,60,Masoor,97
42,20,22,6,600,20,MOP,60,Masoor,96
47,25,22,6.5,700,25,MOP,60,Masoor,96
49,20,25,6,600,20,DAP,60,Masoor,97
40,25,22,6.5,700,25,Magnesium Sulphate,60,Masoor,97
45,20,23,6,600,20,Ferrous Sulphate,60,Masoor,96
47,20,20,6,600,20,Urea,60,Masoor,97
41,25,20,6.5,700,25,DAP,60,Masoor,97
45,20,24,6,600,20,Ferrous Sulphate,60,Masoor,97
45,20,24,6,600,20,Ferrous Sulphate,60,Masoor,97
50,20,20,6,600,20,Sulphur,60,Masoor,97
47,20,22,6,600,20,Magnesium Sulphate,60,Masoor,96
48,25,24,6.5,700,25,SSP,60,Masoor,97
50,25,21,6.5,700,25,Hydrated Lime,60,Masoor,97
46,25,23,6.5,700,25,SSP,60,Masoor,96
40,20,23,6,600,20,Ferrous Sulphate,60,Masoor,97
45,20,22,6,600,20,MOP,60,Masoor,96
44,25,25,6.5,700,25,Urea,60,Masoor,97
47,20,25,6,600,20,DAP,60,Masoor,97
45,20,22,6,600,20,Magnesium Sulphate,60,Masoor,96
40,25,25,6.5,700,25,Urea,60,Masoor,97
45,20,21,6,600,20,Magnesium Sulphate,60,Masoor,96
43,25,23,6.5,700,25,Magnesium Sulphate,60,Masoor,96
44,20,22,6,600,20,Magnesium Sulphate,60,Masoor,96
43,20,20,6,600,20,Urea,60,Masoor,97
48,25,25,6.5,700,25,Urea,60,Masoor,97
49,25,20,6.5,700,25,DAP,60,Masoor,97
40,25,23,6.5,700,25,SSP,60,Masoor,97
46,20,20,6,600,20,Urea,60,Masoor,97
46,25,23,6.5,700,25,Magnesium Sulphate,60,Masoor,96
45,20,22,6,600,20,MOP,60,Masoor,96
48,20,20,6,600,20,Urea,60,Masoor,97
43,20,25,6,600,20,DAP,60,Masoor,97
41,20,20,6,600,20,Urea,60,Masoor,97
45,25,22,6.5,700,25,Hydrated Lime,60,Masoor,96
43,20,25,6,600,20,DAP,60,Masoor,97
46,25,25,6.5,700,25,Urea,60,Masoor,97
46,20,25,6,600,20,DAP,60,Masoor,97
47,25,22,6.5,700,25,MOP,60,Masoor,96
42,20,22,6,600,20,Hydrated Lime,60,Masoor,96
50,25,24,6.5,700,25,Sulphur,60,Masoor,97
42,20,22,6,600,20,MOP,60,Masoor,96
49,25,25,6.5,700,25,Urea,60,Masoor,97
44,25,25,6.5,700,25,Urea,60,Masoor,97
42,20,22,6,600,20,Magnesium Sulphate,60,Masoor,96
42,20,22,6,600,20,Hydrated Lime,60,Masoor,96
43,20,21,6,600,20,Magnesium Sulphate,60,Masoor,97
49,20,20,6,600,20,Sulphur,60,Masoor,97
46,25,23,6.5,700,25,Magnesium Sulphate,60,Masoor,96
48,25,23,6.5,700,25,Magnesium Sulphate,60,Masoor,97
48,25,21,6.5,700,25,Hydrated Lime,60,Masoor,97
48,25,20,6.5,700,25,DAP,60,Masoor,97
49,25,24,6.5,700,25,Sulphur,60,Masoor,97
45,20,22,6,600,20,Hydrated Lime,60,Masoor,96
47,20,25,6,600,20,DAP,60,Masoor,97
43,20,23,6,600,20,Hydrated Lime,60,Masoor,96
41,20,20,6,600,20,Urea,60,Masoor,97
41,20,21,6,600,20,SSP,60,Masoor,97
45,20,24,6,600,20,DAP,60,Masoor,97
47,25,22,6.5,700,25,MOP,60,Masoor,96
50,25,21,6.5,700,25,Hydrated Lime,60,Masoor,97
45,25,22,6.5,700,25,MOP,60,Masoor,96
46,25,20,6.5,700,25,DAP,60,Masoor,97
45,25,24,6.5,700,25,SSP,60,Masoor,96
47,25,20,6.5,700,25,DAP,60,Masoor,97
42,20,22,6,600,20,Magnesium Sulphate,60,Masoor,96
45,20,20,6,600,20,Sulphur,60,Masoor,97
45,25,21,6.5,700,25,Ferrous Sulphate,60,Masoor,96
43,20,20,6,600,20,Urea,60,Masoor,97
48,25,21,6.5,700,25,Hydrated Lime,60,Masoor,97
43,20,25,6,600,20,DAP,60,Masoor,97
46,20,23,6,600,20,Hydrated Lime,60,Masoor,96
40,20,22,6,600,20,MOP,60,Masoor,97
42,20,21,6,600,20,SSP,60,Masoor,97
40,25,23,6.5,700,25,Magnesium Sulphate,60,Masoor,97
42,25,25,6.5,700,25,Urea,60,Masoor,97
44,25,25,6.5,700,25,Urea,60,Masoor,97
47,25,22,6.5,700,25,MOP,60,Masoor,96
42,25,25,6.5,700,25,Urea,60,Masoor,97
49,20,20,6,600,20,Urea,60,Masoor,97
40,25,24,6.5,700,25,Sulphur,60,Masoor,97
45,20,25,6,600,20,DAP,60,Masoor,97
43,20,25,6,600,20,DAP,60,Masoor,97
40,20,24,6,600,20,DAP,60,Masoor,97
46,25,25,6.5,700,25,Urea,60,Masoor,97
42,25,23,6.5,700,25,SSP,60,Masoor,96
50,25,20,6.5,700,25,Ferrous Sulphate,60,Masoor,97
40,25,24,6.5,700,25,Sulphur,60,Masoor,97
40,25,20,6.5,700,25,DAP,60,Masoor,97
47,20,25,6,600,20,DAP,60,Masoor,97
46,25,20,6.5,700,25,DAP,60,Masoor,97
46,20,20,6,600,20,Urea,60,Masoor,97
45,20,22,6,600,20,MOP,60,Masoor,96
43,20,25,6,600,20,DAP,60,Masoor,97
40,20,20,6,600,20,Urea,60,Masoor,97
45,25,21,6.5,700,25,Hydrated Lime,60,Masoor,96
49,25,24,6.5,700,25,Sulphur,60,Masoor,97
47,25,22,6.5,700,25,Magnesium Sulphate,60,Masoor,96
41,20,21,6,600,20,SSP,60,Masoor,97
42,25,25,6.5,700,25,Urea,60,Masoor,97
45,25,23,6.5,700,25,Magnesium Sulphate,60,Masoor,96
50,25,22,6.5,700,25,MOP,60,Masoor,97
49,20,20,6,600,20,Urea,60,Masoor,97
50,20,20,6,600,20,Sulphur,60,Masoor,97
44,20,20,6,600,20,SSP,60,Masoor,97
40,20,20,6,600,20,Sulphur,60,Masoor,97
43,25,25,6.5,700,25,Urea,60,Masoor,97
45,20,20,6,600,20,SSP,60,Masoor,97
45,20,24,6,600,20,Ferrous Sulphate,60,Masoor,97
50,20,23,6,600,20,Ferrous Sulphate,60,Masoor,97
44,25,24,6.5,700,25,SSP,60,Masoor,96
48,25,23,6.5,700,25,SSP,60,Masoor,97
45,25,24,6.5,700,25,Sulphur,60,Masoor,96
45,20,21,6,600,20,SSP,60,Masoor,96
46,25,23,6.5,700,25,Magnesium Sulphate,60,Masoor,96
45,25,20,6.5,700,25,DAP,60,Masoor,97
43,20,25,6,600,20,DAP,60,Masoor,97
49,25,25,6.5,700,25,Urea,60,Masoor,97
45,20,21,6,600,20,SSP,60,Masoor,96
45,25,24,6.5,700,25,SSP,60,Masoor,96
41,25,24,6.5,700,25,Sulphur,60,Masoor,97
47,25,23,6.5,700,25,SSP,60,Masoor,96
49,25,24,6.5,700,25,Sulphur,60,Masoor,97
46,25,21,6.5,700,25,Ferrous Sulphate,60,Masoor,96
49,20,25,6,600,20,DAP,60,Masoor,97
46,20,25,6,600,20,DAP,60,Masoor,97
40,20,25,6,600,20,DAP,60,Masoor,97
50,25,20,6.5,700,25,Ferrous Sulphate,60,Masoor,97
48,25,23,6.5,700,25,Magnesium Sulphate,60,Masoor,97
40,25,22,6.5,700,25,Hydrated Lime,60,Masoor,97
46,20,21,6,600,20,Magnesium Sulphate,60,Masoor,97
40,20,24,6,600,20,Ferrous Sulphate,60,Masoor,97
45,25,23,6.5,700,25,Magnesium Sulphate,60,Masoor,96
43,25,23,6.5,700,25,Magnesium Sulphate,60,Masoor,96
45,20,24,6,600,20,DAP,60,Masoor,97
45,25,20,6.5,700,25,DAP,60,Masoor,97
43,25,23,6.5,700,25,SSP,60,Masoor,96
49,25,25,6.5,700,25,Urea,60,Masoor,97
48,20,21,6,600,20,Magnesium Sulphate,60,Masoor,97
40,25,20,6.5,700,25,DAP,60,Masoor,97
46,20,21,6,600,20,Magnesium Sulphate,60,Masoor,97
41,20,20,6,600,20,Urea,60,Masoor,97
44,25,20,6.5,700,25,DAP,60,Masoor,97
42,25,20,6.5,700,25,DAP,60,Masoor,97
49,20,24,6,600,20,DAP,60,Masoor,97
40,25,24,6.5,700,25,Sulphur,60,Masoor,97
46,25,23,6.5,700,25,Magnesium Sulphate,60,Masoor,96
40,20,24,6,600,20,DAP,60,Masoor,97
43,20,21,6,600,20,Magnesium Sulphate,60,Masoor,97
48,25,20,6.5,700,25,DAP,60,Masoor,97
43,25,21,6.5,700,25,Hydrated Lime,60,Masoor,96
43,25,21,6.5,700,25,Hydrated Lime,60,Masoor,96
43,25,20,6.5,700,25,DAP,60,Masoor,97
43,20,21,6,600,20,Magnesium Sulphate,60,Masoor,97
45,20,22,6,600,20,MOP,60,Masoor,96
43,25,21,6.5,700,25,Hydrated Lime,60,Masoor,96
47,25,20,6.5,700,25,DAP,60,Masoor,97
42,20,22,6,600,20,Magnesium Sulphate,60,Masoor,96
47,25,22,6.5,700,25,MOP,60,Masoor,96
42,20,20,6,600,20,Urea,60,Masoor,97
40,25,24,6.5,700,25,Sulphur,60,Masoor,97
40,20,22,6,600,20,Magnesium Sulphate,60,Masoor,97
40,25,20,6.5,700,25,Ferrous Sulphate,60,Masoor,97
46,25,20,6.5,700,25,DAP,60,Masoor,97
46,20,20,6,600,20,Urea,60,Masoor,97
42,25,25,6.5,700,25,Urea,60,Masoor,97
47,25,25,6.5,700,25,Urea,60,Masoor,97
49,25,20,6.5,700,25,DAP,60,Masoor,97
49,25,25,6.5,700,25,Urea,60,Masoor,97
40,25,20,6.5,700,25,DAP,60,Masoor,97
50,25,20,6.5,700,25,Ferrous Sulphate,60,Masoor,97
41,25,20,6.5,700,25,DAP,60,Masoor,97
49,20,20,6,600,20,SSP,60,Masoor,97
42,20,22,6,600,20,MOP,60,Masoor,96
42,20,25,6,600,20,DAP,60,Masoor,97
47,20,25,6,600,20,DAP,60,Masoor,97
43,20,23,6,600,20,Hydrated Lime,60,Masoor,96
42,20,20,6,600,20,Urea,60,Masoor,97
41,25,25,6.5,700,25,Urea,60,Masoor,97
43,25,23,6.5,700,25,SSP,60,Masoor,96
42,25,22,6.5,700,25,MOP,60,Masoor,96
40,20,20,6,600,20,Urea,60,Masoor,97
47,25,22,6.5,700,25,MOP,60,Masoor,96
40,25,20,6.5,700,25,DAP,60,Masoor,97
40,20,20,6,600,20,Sulphur,60,Masoor,97
44,20,25,6,600,20,DAP,60,Masoor,97
46,20,23,6,600,20,Hydrated Lime,60,Masoor,96
45,20,23,6,600,20,Hydrated Lime,60,Masoor,96
40,20,20,6,600,20,SSP,60,Masoor,97
45,25,22,6.5,700,25,MOP,60,Masoor,96
45,25,24,6.5,700,25,SSP,60,Masoor,96
45,20,25,6,600,20,DAP,60,Masoor,97
45,25,23,6.5,700,25,Magnesium Sulphate,60,Masoor,96
47,20,25,6,600,20,DAP,60,Masoor,97
41,20,23,6,600,20,Hydrated Lime,60,Masoor,97
40,20,24,6,600,20,DAP,60,Masoor,97
45,25,25,6.5,700,25,Urea,60,Masoor,97
40,25,22,6.5,700,25,Hydrated Lime,60,Masoor,97
44,25,25,6.5,700,25,Urea,60,Masoor,97
42,20,20,6,600,20,Urea,60,Masoor,97
46,20,21,6,600,20,Magnesium Sulphate,60,Masoor,97
44,25,20,6.5,700,25,DAP,60,Masoor,97
44,20,20,6,600,20,Urea,60,Masoor,97
42,25,20,6.5,700,25,DAP,60,Masoor,97
48,20,24,6,600,20,DAP,60,Masoor,97
45,20,24,6,600,20,DAP,60,Masoor,97
47,20,20,6,600,20,Urea,60,Masoor,97
40,20,20,6,600,20,Urea,60,Masoor,97
42,25,20,6.5,700,25,DAP,60,Masoor,97
27,10,12,6,600,25,Sulphur,60,Moong,80
43,30,20,7.5,600,35,Urea,60,Moong,76
70,40,21,7,700,35,Sulphur,60,Moong,79
72,40,20,7,700,35,Urea,60,Moong,79
20,15,8,6.5,700,30,MOP,60,Moong,81
30,15,12,6.5,700,30,Magnesium Sulphate,60,Moong,79
69,40,30,7,700,35,MOP,60,Moong,80
25,15,10,6.5,700,30,MOP,60,Moong,80
28,10,13,6,600,25,SSP,60,Moong,80
20,20,14,7,800,35,MOP,60,Moong,80
40,25,24,7,500,30,MOP,60,Moong,77
62,30,22,6,500,25,SSP,60,Moong,77
76,35,20,6.5,600,30,SSP,60,Moong,77
46,20,28,6.5,400,25,SSP,60,Moong,79
29,20,5,7,800,35,Sulphur,60,Moong,81
47,20,22,6.5,400,25,Magnesium Sulphate,60,Moong,78
26,10,13,6,600,25,SSP,60,Moong,80
77,40,27,7,700,35,MOP,60,Moong,80
74,30,20,6,500,25,MOP,60,Moong,78
25,20,10,7,800,35,SSP,60,Moong,80
74,30,24,6,500,25,Sulphur,60,Moong,78
73,30,30,6,500,25,SSP,60,Moong,79
77,35,27,6.5,600,30,Magnesium Sulphate,60,Moong,78
65,40,26,7,700,35,Magnesium Sulphate,60,Moong,79
50,30,20,7.5,600,35,Sulphur,60,Moong,76
45,20,21,6.5,400,25,Magnesium Sulphate,60,Moong,78
64,30,29,6,500,25,SSP,60,Moong,78
45,25,25,7,500,30,MOP,60,Moong,77
69,40,30,7,700,35,MOP,60,Moong,80
40,30,24,7.5,600,35,SSP,60,Moong,77
78,40,20,7,700,35,Urea,60,Moong,79
63,35,25,6.5,600,30,MOP,60,Moong,77
42,20,27,6.5,400,25,SSP,60,Moong,79
69,35,20,6.5,600,30,SSP,60,Moong,77
20,15,10,6.5,700,30,MOP,60,Moong,80
75,35,29,6.5,600,30,Sulphur,60,Moong,78
60,35,30,6.5,600,30,Urea,60,Moong,78
63,40,23,7,700,35,SSP,60,Moong,78
24,10,14,6,600,25,SSP,60,Moong,80
40,25,24,7,500,30,MOP,60,Moong,77
29,10,10,6,600,25,Sulphur,60,Moong,80
62,35,22,6.5,600,30,Magnesium Sulphate,60,Moong,77
48,25,20,7,500,30,SSP,60,Moong,76
64,40,25,7,700,35,Magnesium Sulphate,60,Moong,79
41,20,30,6.5,400,25,SSP,60,Moong,79
74,40,20,7,700,35,Urea,60,Moong,79
60,40,25,7,700,35,Magnesium Sulphate,60,Moong,79
47,30,20,7.5,600,35,Urea,60,Moong,76
68,35,23,6.5,600,30,MOP,60,Moong,77
49,30,20,7.5,600,35,Urea,60,Moong,76
29,10,10,6,600,25,Urea,60,Moong,80
48,20,20,6.5,400,25,MOP,60,Moong,78
20,10,14,6,600,25,SSP,60,Moong,80
60,35,25,6.5,600,30,MOP,60,Moong,77
67,35,22,6.5,600,30,MOP,60,Moong,77
26,20,10,7,800,35,SSP,60,Moong,80
44,30,20,7.5,600,35,Sulphur,60,Moong,76
80,30,25,6,500,25,Sulphur,60,Moong,79
28,20,8,7,800,35,SSP,60,Moong,81
27,15,10,6.5,700,30,MOP,60,Moong,80
74,35,20,6.5,600,30,Magnesium Sulphate,60,Moong,77
69,35,25,6.5,600,30,MOP,60,Moong,78
66,40,23,7,700,35,SSP,60,Moong,79
50,25,26,7,500,30,MOP,60,Moong,77
23,20,5,7,800,35,Urea,60,Moong,81
61,35,20,6.5,600,30,SSP,60,Moong,77
26,10,5,6,600,25,MOP,60,Moong,81
65,35,30,6.5,600,30,Urea,60,Moong,78
60,40,26,7,700,35,Magnesium Sulphate,60,Moong,79
67,40,25,7,700,35,SSP,60,Moong,79
25,10,13,6,600,25,SSP,60,Moong,80
47,25,25,7,500,30,MOP,60,Moong,77
64,40,20,7,700,35,Sulphur,60,Moong,78
20,10,12,6,600,25,Sulphur,60,Moong,80
47,20,20,6.5,400,25,MOP,60,Moong,78
40,30,24,7.5,600,35,SSP,60,Moong,77
40,20,25,6.5,400,25,Magnesium Sulphate,60,Moong,79
45,25,29,7,500,30,Sulphur,60,Moong,77
60,40,20,7,700,35,Urea,60,Moong,78
46,25,30,7,500,30,Urea,60,Moong,77
20,20,8,7,800,35,SSP,60,Moong,81
76,40,30,7,700,35,MOP,60,Moong,80
23,20,5,7,800,35,Urea,60,Moong,81
49,20,24,6.5,400,25,Sulphur,60,Moong,78
20,10,9,6,600,25,Sulphur,60,Moong,81
78,40,26,7,700,35,Magnesium Sulphate,60,Moong,80
50,25,27,7,500,30,SSP,60,Moong,77
20,10,6,6,600,25,Magnesium Sulphate,60,Moong,81
47,25,27,7,500,30,Magnesium Sulphate,60,Moong,77
25,10,5,6,600,25,MOP,60,Moong,81
21,15,5,6.5,700,30,SSP,60,Moong,81
80,35,24,6.5,600,30,SSP,60,Moong,78
80,30,22,6,500,25,MOP,60,Moong,78
50,25,21,7,500,30,Magnesium Sulphate,60,Moong,76
61,40,30,7,700,35,MOP,60,Moong,79
50,30,25,7.5,600,35,Magnesium Sulphate,60,Moong,77
65,30,29,6,500,25,SSP,60,Moong,78
28,20,15,7,800,35,MOP,60,Moong,79
60,35,20,6.5,600,30,Magnesium Sulphate,60,Moong,77
77,40,30,7,700,35,MOP,60,Moong,80
48,30,20,7.5,600,35,Urea,60,Moong,76
42,30,27,7.5,600,35,Magnesium Sulphate,60,Moong,77
69,40,24,7,700,35,SSP,60,Moong,79
72,40,25,7,700,35,SSP,60,Moong,79
73,30,28,6,500,25,SSP,60,Moong,79
73,40,20,7,700,35,Urea,60,Moong,79
46,20,30,6.5,400,25,SSP,60,Moong,79
50,20,29,6.5,400,25,SSP,60,Moong,79
60,30,24,6,500,25,Sulphur,60,Moong,77
75,35,30,6.5,600,30,Urea,60,Moong,79
60,40,28,7,700,35,MOP,60,Moong,79
69,30,30,6,500,25,SSP,60,Moong,79
60,30,21,6,500,25,Magnesium Sulphate,60,Moong,77
79,40,29,7,700,35,MOP,60,Moong,80
60,35,28,6.5,600,30,SSP,60,Moong,77
60,40,29,7,700,35,MOP,60,Moong,79
47,20,20,6.5,400,25,MOP,60,Moong,78
25,10,13,6,600,25,SSP,60,Moong,80
75,40,20,7,700,35,Sulphur,60,Moong,79
40,20,24,6.5,400,25,Sulphur,60,Moong,78
64,30,25,6,500,25,Urea,60,Moong,78
75,35,30,6.5,600,30,Urea,60,Moong,79
61,40,28,7,700,35,MOP,60,Moong,79
40,25,25,7,500,30,MOP,60,Moong,77
50,30,25,7.5,600,35,Magnesium Sulphate,60,Moong,77
29,20,15,7,800,35,MOP,60,Moong,79
80,30,22,6,500,25,Magnesium Sulphate,60,Moong,78
30,10,7,6,600,25,MOP,60,Moong,81
73,30,30,6,500,25,SSP,60,Moong,79
20,15,9,6.5,700,30,SSP,60,Moong,80
61,40,21,7,700,35,Sulphur,60,Moong,78
75,35,20,6.5,600,30,SSP,60,Moong,77
21,10,8,6,600,25,Sulphur,60,Moong,81
65,40,28,7,700,35,MOP,60,Moong,79
25,20,10,7,800,35,Magnesium Sulphate,60,Moong,80
50,30,20,7.5,600,35,Sulphur,60,Moong,76
64,30,20,6,500,25,MOP,60,Moong,77
44,25,20,7,500,30,SSP,60,Moong,76
21,15,13,6.5,700,30,SSP,60,Moong,80
68,30,20,6,500,25,MOP,60,Moong,77
21,20,5,7,800,35,Urea,60,Moong,81
40,30,29,7.5,600,35,MOP,60,Moong,78
60,35,26,6.5,600,30,MOP,60,Moong,77
48,20,26,6.5,400,25,Sulphur,60,Moong,78
64,30,30,6,500,25,SSP,60,Moong,78
43,25,21,7,500,30,Magnesium Sulphate,60,Moong,76
61,40,20,7,700,35,Urea,60,Moong,78
42,30,22,7.5,600,35,SSP,60,Moong,77
76,30,25,6,500,25,Urea,60,Moong,78
29,20,15,7,800,35,MOP,60,Moong,79
30,15,11,6.5,700,30,Magnesium Sulphate,60,Moong,80
26,20,6,7,800,35,Sulphur,60,Moong,81
70,40,30,7,700,35,MOP,60,Moong,80
75,35,22,6.5,600,30,MOP,60,Moong,77
65,40,22,7,700,35,SSP,60,Moong,78
50,20,24,6.5,400,25,Sulphur,60,Moong,78
22,20,12,7,800,35,MOP,60,Moong,80
20,10,7,6,600,25,Magnesium Sulphate,60,Moong,81
40,20,26,6.5,400,25,Sulphur,60,Moong,79
20,15,13,6.5,700,30,SSP,60,Moong,80
66,30,25,6,500,25,Urea,60,Moong,78
65,30,29,6,500,25,SSP,60,Moong,78
23,10,13,6,600,25,SSP,60,Moong,80
68,35,25,6.5,600,30,MOP,60,Moong,77
78,40,26,7,700,35,Magnesium Sulphate,60,Moong,80
60,30,25,6,500,25,Sulphur,60,Moong,77
40,25,24,7,500,30,MOP,60,Moong,77
20,20,9,7,800,35,SSP,60,Moong,81
43,30,20,7.5,600,35,Urea,60,Moong,76
78,30,25,6,500,25,Urea,60,Moong,78
27,10,15,6,600,25,SSP,60,Moong,80
49,25,30,7,500,30,Urea,60,Moong,77
50,20,27,6.5,400,25,Sulphur,60,Moong,78
27,20,10,7,800,35,SSP,60,Moong,80
80,35,26,6.5,600,30,Magnesium Sulphate,60,Moong,78
20,10,9,6,600,25,MOP,60,Moong,81
65,30,25,6,500,25,Sulphur,60,Moong,78
76,35,28,6.5,600,30,SSP,60,Moong,78
45,30,28,7.5,600,35,MOP,60,Moong,77
76,40,21,7,700,35,Sulphur,60,Moong,79
77,40,22,7,700,35,SSP,60,Moong,79
41,30,28,7.5,600,35,MOP,60,Moong,77
80,40,25,7,700,35,Magnesium Sulphate,60,Moong,80
30,10,11,6,600,25,Magnesium Sulphate,60,Moong,80
68,40,25,7,700,35,SSP,60,Moong,79
30,20,14,7,800,35,MOP,60,Moong,80
40,25,25,7,500,30,MOP,60,Moong,77
48,20,30,6.5,400,25,SSP,60,Moong,79
75,35,25,6.5,600,30,MOP,60,Moong,78
20,15,14,6.5,700,30,Sulphur,60,Moong,80
76,40,25,7,700,35,SSP,60,Moong,80
79,30,25,6,500,25,Urea,60,Moong,79
60,35,30,6.5,600,30,Urea,60,Moong,78
24,10,10,6,600,25,Urea,60,Moong,81
27,10,15,6,600,25,SSP,60,Moong,80
50,25,27,7,500,30,Magnesium Sulphate,60,Moong,77
74,30,25,6,500,25,Urea,60,Moong,78
40,30,24,7.5,600,35,SSP,60,Moong,77
40,20,26,6.5,400,25,Sulphur,60,Moong,79
75,30,25,6,500,25,Urea,60,Moong,78
60,35,25,6.5,600,30,MOP,60,Moong,77
65,30,24,6,500,25,Sulphur,60,Moong,78
71,35,25,6.5,600,30,MOP,60,Moong,78
29,15,9,6.5,700,30,MOP,60,Moong,80
28,20,15,7,800,35,MOP,60,Moong,79
25,10,9,6,600,25,Sulphur,60,Moong,81
80,30,25,6,500,25,Magnesium Sulphate,60,Moong,79
77,35,20,6.5,600,30,SSP,60,Moong,78
60,40,28,7,700,35,MOP,60,Moong,79
65,35,26,6.5,600,30,MOP,60,Moong,77
29,20,5,7,800,35,Urea,60,Moong,81
76,40,20,7,700,35,Urea,60,Moong,79
27,15,15,6.5,700,30,Urea,60,Moong,79
62,35,22,6.5,600,30,Magnesium Sulphate,60,Moong,77
30,20,12,7,800,35,MOP,60,Moong,80
20,15,14,6.5,700,30,Sulphur,60,Moong,80
48,30,20,7.5,600,35,Urea,60,Moong,76
28,20,11,7,800,35,Magnesium Sulphate,60,Moong,80
74,40,20,7,700,35,Urea,60,Moong,79
30,15,10,6.5,700,30,MOP,60,Moong,80
22,15,7,6.5,700,30,Magnesium Sulphate,60,Moong,81
24,20,15,7,800,35,MOP,60,Moong,80
60,40,24,7,700,35,SSP,60,Moong,78
61,30,30,6,500,25,SSP,60,Moong,78
49,30,20,7.5,600,35,Urea,60,Moong,76
79,35,20,6.5,600,30,SSP,60,Moong,78
25,20,5,7,800,35,Sulphur,60,Moong,81
70,40,26,7,700,35,Magnesium Sulphate,60,Moong,79
45,25,24,7,500,30,MOP,60,Moong,77
78,30,25,6,500,25,Urea,60,Moong,78
60,40,23,7,700,35,SSP,60,Moong,78
73,30,28,6,500,25,SSP,60,Moong,79
47,25,22,7,500,30,Magnesium Sulphate,60,Moong,76
40,25,22,7,500,30,MOP,60,Moong,77
77,40,22,7,700,35,Sulphur,60,Moong,79
48,30,20,7.5,600,35,Urea,60,Moong,76
24,20,10,7,800,35,SSP,60,Moong,80
25,15,5,6.5,700,30,SSP,60,Moong,81
45,20,30,6.5,400,25,SSP,60,Moong,79
80,30,24,6,500,25,Sulphur,60,Moong,78
72,35,30,6.5,600,30,Urea,60,Moong,78
75,40,20,7,700,35,Sulphur,60,Moong,79
70,40,29,7,700,35,MOP,60,Moong,80
45,20,30,6.5,400,25,SSP,60,Moong,79
41,20,25,6.5,400,25,Urea,60,Moong,78
60,30,22,6,500,25,SSP,60,Moong,77
65,35,24,6.5,600,30,MOP,60,Moong,77
60,35,25,6.5,600,30,MOP,60,Moong,77
73,30,28,6,500,25,SSP,60,Moong,79
80,30,28,6,500,25,SSP,60,Moong,79
79,30,25,6,500,25,Sulphur,60,Moong,79
69,35,25,6.5,600,30,MOP,60,Moong,78
70,30,20,6,500,25,MOP,60,Moong,78
46,20,26,6.5,400,25,Sulphur,60,Moong,78
60,35,25,6.5,600,30,Sulphur,60,Moong,77
46,20,20,6.5,400,25,MOP,60,Moong,78
80,30,28,6,500,25,Magnesium Sulphate,60,Moong,79
26,10,15,6,600,25,SSP,60,Moong,80
40,25,20,7,500,30,SSP,60,Moong,76
80,30,22,6,500,25,SSP,60,Moong,78
73,35,23,6.5,600,30,MOP,60,Moong,77
25,15,7,6.5,700,30,Magnesium Sulphate,60,Moong,80
65,35,21,6.5,600,30,Magnesium Sulphate,60,Moong,77
41,30,20,7.5,600,35,Urea,60,Moong,77
22,10,10,6,600,25,Urea,60,Moong,81
65,40,21,7,700,35,Sulphur,60,Moong,78
69,30,25,6,500,25,Sulphur,60,Moong,78
48,25,25,7,500,30,MOP,60,Moong,77
50,25,22,7,500,30,Magnesium Sulphate,60,Moong,76
25,15,9,6.5,700,30,MOP,60,Moong,80
26,10,15,6,600,25,SSP,60,Moong,80
25,15,5,6.5,700,30,Magnesium Sulphate,60,Moong,81
40,30,29,7.5,600,35,MOP,60,Moong,78
21,20,5,7,800,35,Urea,60,Moong,81
60,40,28,7,700,35,MOP,60,Moong,79
25,15,5,6.5,700,30,Magnesium Sulphate,60,Moong,81
20,10,8,6,600,25,Sulphur,60,Moong,81
28,20,6,7,800,35,Sulphur,60,Moong,81
67,30,27,6,500,25,SSP,60,Moong,78
25,10,5,6,600,25,MOP,60,Moong,81
65,40,21,7,700,35,Sulphur,60,Moong,78
40,30,24,7.5,600,35,SSP,60,Moong,77
70,30,23,6,500,25,SSP,60,Moong,78
71,30,26,6,500,25,Sulphur,60,Moong,78
48,25,21,7,500,30,Magnesium Sulphate,60,Moong,76
49,30,29,7.5,600,35,MOP,60,Moong,77
22,20,10,7,800,35,SSP,60,Moong,81
28,20,6,7,800,35,Sulphur,60,Moong,81
25,10,14,6,600,25,SSP,60,Moong,80
68,35,25,6.5,600,30,MOP,60,Moong,77
65,30,29,6,500,25,SSP,60,Moong,78
80,30,21,6,500,25,MOP,60,Moong,78
70,40,25,7,700,35,Magnesium Sulphate,60,Moong,79
49,20,25,6.5,400,25,Urea,60,Moong,78
71,35,30,6.5,600,30,Urea,60,Moong,78
66,35,23,6.5,600,30,MOP,60,Moong,77
41,30,20,7.5,600,35,Urea,60,Moong,77
75,40,28,7,700,35,MOP,60,Moong,80
76,35,21,6.5,600,30,Magnesium Sulphate,60,Moong,77
20,20,6,7,800,35,Sulphur,60,Moong,81
46,30,30,7.5,600,35,MOP,60,Moong,77
78,35,26,6.5,600,30,Magnesium Sulphate,60,Moong,78
62,30,27,6,500,25,Sulphur,60,Moong,78
76,40,21,7,700,35,Sulphur,60,Moong,79
71,35,21,6.5,600,30,Magnesium Sulphate,60,Moong,77
50,20,20,6.5,400,25,MOP,60,Moong,77
25,10,10,6,600,25,Sulphur,60,Moong,80
70,40,27,7,700,35,Magnesium Sulphate,60,Moong,79
40,25,24,7,500,30,SSP,60,Moong,77
40,30,25,7.5,600,35,Magnesium Sulphate,60,Moong,77
60,35,20,6.5,600,30,SSP,60,Moong,77
64,30,20,6,500,25,MOP,60,Moong,77
22,10,15,6,600,25,SSP,60,Moong,80
72,40,30,7,700,35,MOP,60,Moong,80
23,20,13,7,800,35,MOP,60,Moong,80
60,40,29,7,700,35,MOP,60,Moong,79
70,35,20,6.5,600,30,SSP,60,Moong,77
40,20,30,6.5,400,25,SSP,60,Moong,79
70,40,22,7,700,35,Sulphur,60,Moong,79
73,35,30,6.5,600,30,Urea,60,Moong,79
70,30,24,6,500,25,Sulphur,60,Moong,78
78,35,30,6.5,600,30,Urea,60,Moong,79
45,30,20,7.5,600,35,Sulphur,60,Moong,76
47,20,22,6.5,400,25,Magnesium Sulphate,60,Moong,78
46,30,26,7.5,600,35,Magnesium Sulphate,60,Moong,77
67,40,25,7,700,35,SSP,60,Moong,79
43,20,30,6.5,400,25,SSP,60,Moong,79
65,30,20,6,500,25,MOP,60,Moong,77
70,30,24,6,500,25,Sulphur,60,Moong,78
77,40,25,7,700,35,SSP,60,Moong,80
69,40,29,7,700,35,MOP,60,Moong,80
75,30,25,6,500,25,Sulphur,60,Moong,78
45,30,29,7.5,600,35,MOP,60,Moong,77
50,20,25,6.5,400,25,Sulphur,60,Moong,78
49,25,30,7,500,30,Urea,60,Moong,77
25,20,5,7,800,35,Sulphur,60,Moong,81
27,20,12,7,800,35,Magnesium Sulphate,60,Moong,80
60,40,27,7,700,35,MOP,60,Moong,79
78,40,26,7,700,35,Magnesium Sulphate,60,Moong,80
25,20,10,7,800,35,Magnesium Sulphate,60,Moong,80
66,40,20,7,700,35,Urea,60,Moong,78
45,25,20,7,500,30,SSP,60,Moong,76
45,30,20,7.5,600,35,Urea,60,Moong,76
45,25,21,7,500,30,Magnesium Sulphate,60,Moong,76
46,25,30,7,500,30,Urea,60,Moong,77
77,30,20,6,500,25,MOP,60,Moong,78
49,20,29,6.5,400,25,SSP,60,Moong,79
48,25,21,7,500,30,Magnesium Sulphate,60,Moong,76
70,30,28,6,500,25,SSP,60,Moong,78
21,10,11,6,600,25,Sulphur,60,Moong,81
62,40,22,7,700,35,Sulphur,60,Moong,78
76,35,30,6.5,600,30,Urea,60,Moong,79
62,30,22,6,500,25,Magnesium Sulphate,60,Moong,77
69,40,25,7,700,35,SSP,60,Moong,79
25,15,5,6.5,700,30,SSP,60,Moong,81
27,10,7,6,600,25,SSP,60,Moong,81
47,20,22,6.5,400,25,Magnesium Sulphate,60,Moong,78
20,10,9,6,600,25,Sulphur,60,Moong,81
46,25,23,7,500,30,MOP,60,Moong,76
72,30,27,6,500,25,Sulphur,60,Moong,78
71,35,26,6.5,600,30,Magnesium Sulphate,60,Moong,78
60,30,20,6,500,25,MOP,60,Moong,77
43,20,26,6.5,400,25,Sulphur,60,Moong,79
24,20,15,7,800,35,MOP,60,Moong,80
80,30,29,6,500,25,Magnesium Sulphate,60,Moong,79
24,10,5,6,600,25,MOP,60,Moong,81
80,30,22,6,500,25,SSP,60,Moong,78
24,10,14,6,600,25,SSP,60,Moong,80
65,30,20,6,500,25,MOP,60,Moong,77
72,30,27,6,500,25,Sulphur,60,Moong,78
77,40,27,7,700,35,Magnesium Sulphate,60,Moong,80
29,20,10,7,800,35,SSP,60,Moong,80
42,30,30,7.5,600,35,MOP,60,Moong,78
73,30,20,6,500,25,MOP,60,Moong,78
25,10,5,6,600,25,MOP,60,Moong,81
30,15,7,6.5,700,30,SSP,60,Moong,80
60,35,25,6.5,600,30,MOP,60,Moong,77
40,20,24,6.5,400,25,Sulphur,60,Moong,78
27,15,5,6.5,700,30,SSP,60,Moong,81
30,15,9,6.5,700,30,SSP,60,Moong,80
25,15,5,6.5,700,30,Magnesium Sulphate,60,Moong,81
48,20,30,6.5,400,25,SSP,60,Moong,79
47,20,22,6.5,400,25,SSP,60,Moong,78
40,25,27,7,500,30,Magnesium Sulphate,60,Moong,77
25,10,15,6,600,25,SSP,60,Moong,80
62,40,22,7,700,35,SSP,60,Moong,78
72,35,27,6.5,600,30,Magnesium Sulphate,60,Moong,78
75,30,25,6,500,25,Urea,60,Moong,78
25,15,5,6.5,700,30,SSP,60,Moong,81
45,25,24,7,500,30,MOP,60,Moong,77
20,10,10,6,600,25,Sulphur,60,Moong,81
75,30,21,6,500,25,Magnesium Sulphate,60,Moong,78
70,40,23,7,700,35,SSP,60,Moong,79
50,30,26,7.5,600,35,Magnesium Sulphate,60,Moong,77
45,25,27,7,500,30,Magnesium Sulphate,60,Moong,77
44,20,20,6.5,400,25,MOP,60,Moong,78
60,40,25,7,700,35,Magnesium Sulphate,60,Moong,79
61,40,26,7,700,35,Magnesium Sulphate,60,Moong,79
80,30,23,6,500,25,MOP,60,Moong,78
60,35,25,6.5,600,30,MOP,60,Moong,77
78,40,28,7,700,35,MOP,60,Moong,80
46,30,21,7.5,600,35,Sulphur,60,Moong,76
65,35,28,6.5,600,30,SSP,60,Moong,78
40,30,25,7.5,600,35,Magnesium Sulphate,60,Moong,77
60,35,25,6.5,600,30,MOP,60,Moong,77
25,15,11,6.5,700,30,MOP,60,Moong,80
61,30,30,6,500,25,SSP,60,Moong,78
45,30,26,7.5,600,35,Magnesium Sulphate,60,Moong,77
76,40,20,7,700,35,Urea,60,Moong,79
74,30,29,6,500,25,SSP,60,Moong,79
47,30,30,7.5,600,35,MOP,60,Moong,77
45,25,28,7,500,30,SSP,60,Moong,77
40,30,25,7.5,600,35,Magnesium Sulphate,60,Moong,77
25,20,5,7,800,35,Sulphur,60,Moong,81
66,40,28,7,700,35,MOP,60,Moong,79
46,30,30,7.5,600,35,MOP,60,Moong,77
25,20,8,7,800,35,SSP,60,Moong,81
21,20,13,7,800,35,MOP,60,Moong,80
79,35,25,6.5,600,30,MOP,60,Moong,78
44,20,29,6.5,400,25,SSP,60,Moong,79
45,30,20,7.5,600,35,Sulphur,60,Moong,76
48,20,20,6.5,400,25,MOP,60,Moong,78
40,25,20,7,500,30,SSP,60,Moong,76
50,20,21,6.5,400,25,MOP,60,Moong,77
22,15,10,6.5,700,30,MOP,60,Moong,80
62,35,27,6.5,600,30,SSP,60,Moong,77
75,30,24,6,500,25,Sulphur,60,Moong,78
25,20,10,7,800,35,Magnesium Sulphate,60,Moong,80
76,30,26,6,500,25,Sulphur,60,Moong,79
40,20,22,6.5,400,25,MOP,60,Moong,78
26,10,10,6,600,25,Urea,60,Moong,80
42,30,22,7.5,600,35,SSP,60,Moong,77
62,40,20,7,700,35,Urea,60,Moong,78
76,40,23,7,700,35,SSP,60,Moong,79
30,15,7,6.5,700,30,MOP,60,Moong,80
72,30,25,6,500,25,Urea,60,Moong,78
77,40,20,7,700,35,Urea,60,Moong,79
61,30,30,6,500,25,SSP,60,Moong,78
20,10,15,6,600,25,SSP,60,Moong,80
72,40,20,7,700,35,Urea,60,Moong,79
45,20,20,6.5,400,25,MOP,60,Moong,78
45,30,24,7.5,600,35,SSP,60,Moong,77
42,30,25,7.5,600,35,SSP,60,Moong,77
44,20,25,6.5,400,25,Sulphur,60,Moong,78
68,35,20,6.5,600,30,SSP,60,Moong,77
72,30,27,6,500,25,SSP,60,Moong,78
69,30,20,6,500,25,MOP,60,Moong,77
22,10,5,6,600,25,MOP,60,Moong,81
20,20,9,7,800,35,SSP,60,Moong,81
68,40,30,7,700,35,MOP,60,Moong,80
21,10,11,6,600,25,Sulphur,60,Moong,81
20,15,9,6.5,700,30,MOP,60,Moong,80
65,35,25,6.5,600,30,MOP,60,Moong,77
69,30,29,6,500,25,SSP,60,Moong,79
77,30,22,6,500,25,SSP,60,Moong,78
50,25,20,7,500,30,Magnesium Sulphate,60,Moong,76
21,10,10,6,600,25,Urea,60,Moong,81
49,20,20,6.5,400,25,MOP,60,Moong,78
20,10,5,6,600,25,MOP,60,Moong,82
24,10,14,6,600,25,SSP,60,Moong,80
42,25,27,7,500,30,SSP,60,Moong,77
80,30,23,6,500,25,SSP,60,Moong,78
22,20,15,7,800,35,MOP,60,Moong,80
78,40,23,7,700,35,SSP,60,Moong,79
70,40,20,7,700,35,Sulphur,60,Moong,79
76,30,30,6,500,25,SSP,60,Moong,79
79,35,25,6.5,600,30,MOP,60,Moong,78
20,10,13,6,600,25,Magnesium Sulphate,60,Moong,80
20,10,10,6,600,25,Sulphur,60,Moong,81
64,40,25,7,700,35,Magnesium Sulphate,60,Moong,79
42,30,25,7.5,600,35,SSP,60,Moong,77
26,15,5,6.5,700,30,SSP,60,Moong,81
61,40,30,7,700,35,MOP,60,Moong,79
75,35,29,6.5,600,30,Sulphur,60,Moong,78
49,25,20,7,500,30,SSP,60,Moong,76
47,20,25,6.5,400,25,Urea,60,Moong,78
46,25,20,7,500,30,SSP,60,Moong,76
62,35,25,6.5,600,30,MOP,60,Moong,77
79,35,30,6.5,600,30,Urea,60,Moong,79
70,35,20,6.5,600,30,Magnesium Sulphate,60,Moong,77
25,20,6,7,800,35,Sulphur,60,Moong,81
20,15,10,6.5,700,30,MOP,60,Moong,80
76,40,20,7,700,35,Urea,60,Moong,79
43,30,23,7.5,600,35,SSP,60,Moong,77
70,30,26,6,500,25,Sulphur,60,Moong,78
25,10,8,6,600,25,SSP,60,Moong,81
30,10,8,6,600,25,SSP,60,Moong,80
70,35,23,6.5,600,30,MOP,60,Moong,77
78,40,26,7,700,35,Magnesium Sulphate,60,Moong,80
70,35,27,6.5,600,30,SSP,60,Moong,78
77,40,22,7,700,35,Sulphur,60,Moong,79
28,15,8,6.5,700,30,MOP,60,Moong,80
64,30,25,6,500,25,Sulphur,60,Moong,78
46,25,30,7,500,30,Urea,60,Moong,77
63,40,25,7,700,35,SSP,60,Moong,79
75,30,20,6,500,25,MOP,60,Moong,78
50,30,22,7.5,600,35,SSP,60,Moong,76
27,20,10,7,800,35,SSP,60,Moong,80
75,30,20,6,500,25,MOP,60,Moong,78
42,30,22,7.5,600,35,SSP,60,Moong,77
47,25,25,7,500,30,MOP,60,Moong,77
46,25,21,7,500,30,Magnesium Sulphate,60,Moong,76
70,40,23,7,700,35,SSP,60,Moong,79
28,10,15,6,600,25,SSP,60,Moong,80
50,20,25,6.5,400,25,Sulphur,60,Moong,78
43,30,26,7.5,600,35,Magnesium Sulphate,60,Moong,77
67,30,27,6,500,25,SSP,60,Moong,78
66,35,30,6.5,600,30,Urea,60,Moong,78
77,35,25,6.5,600,30,MOP,60,Moong,78
26,20,13,7,800,35,MOP,60,Moong,80
50,25,24,7,500,30,MOP,60,Moong,76
61,35,21,6.5,600,30,Magnesium Sulphate,60,Moong,77
73,35,30,6.5,600,30,Urea,60,Moong,79
28,15,10,6.5,700,30,MOP,60,Moong,80
77,40,27,7,700,35,MOP,60,Moong,80
78,30,30,6,500,25,SSP,60,Moong,79
40,20,25,6.5,400,25,Sulphur,60,Moong,79
40,20,20,6.5,400,25,MOP,60,Moong,78
29,10,5,6,600,25,MOP,60,Moong,81
60,35,20,6.5,600,30,SSP,60,Moong,77
42,30,30,7.5,600,35,MOP,60,Moong,78
60,35,20,6.5,600,30,Magnesium Sulphate,60,Moong,77
27,20,15,7,800,35,MOP,60,Moong,80
70,35,20,6.5,600,30,Magnesium Sulphate,60,Moong,77
23,15,13,6.5,700,30,SSP,60,Moong,80
65,35,20,6.5,600,30,SSP,60,Moong,77
66,40,20,7,700,35,Urea,60,Moong,78
46,30,28,7.5,600,35,MOP,60,Moong,77
49,30,25,7.5,600,35,Magnesium Sulphate,60,Moong,77
66,30,20,6,500,25,MOP,60,Moong,77
42,20,27,6.5,400,25,SSP,60,Moong,79
48,20,20,6.5,400,25,MOP,60,Moong,78
49,25,20,7,500,30,SSP,60,Moong,76
65,30,24,6,500,25,Sulphur,60,Moong,78
20,10,14,6,600,25,SSP,60,Moong,80
75,40,21,7,700,35,Sulphur,60,Moong,79
74,35,20,6.5,600,30,SSP,60,Moong,77
60,30,29,6,500,25,SSP,60,Moong,78
62,30,22,6,500,25,Magnesium Sulphate,60,Moong,77
50,30,24,7.5,600,35,SSP,60,Moong,76
64,40,25,7,700,35,SSP,60,Moong,79
28,10,10,6,600,25,Urea,60,Moong,80
75,30,21,6,500,25,Magnesium Sulphate,60,Moong,78
64,40,30,7,700,35,MOP,60,Moong,80
24,15,10,6.5,700,30,MOP,60,Moong,80
60,40,20,7,700,35,Sulphur,60,Moong,78
22,20,7,7,800,35,SSP,60,Moong,81
74,30,24,6,500,25,Sulphur,60,Moong,78
68,35,20,6.5,600,30,SSP,60,Moong,77
30,10,8,6,600,25,SSP,60,Moong,80
60,40,25,7,700,35,SSP,60,Moong,79
75,30,29,6,500,25,SSP,60,Moong,79
72,35,22,6.5,600,30,Magnesium Sulphate,60,Moong,77
63,35,23,6.5,600,30,MOP,60,Moong,77
74,35,20,6.5,600,30,SSP,60,Moong,77
70,40,20,7,700,35,Urea,60,Moong,79
25,10,6,6,600,25,Magnesium Sulphate,60,Moong,81
48,30,25,7.5,600,35,SSP,60,Moong,77
41,30,23,7.5,600,35,SSP,60,Moong,77
29,10,15,6,600,25,SSP,60,Moong,80
41,30,25,7.5,600,35,SSP,60,Moong,77
65,40,20,7,700,35,Urea,60,Moong,78
25,10,13,6,600,25,SSP,60,Moong,80
28,10,8,6,600,25,SSP,60,Moong,81
50,30,21,7.5,600,35,Sulphur,60,Moong,76
24,15,9,6.5,700,30,MOP,60,Moong,80
20,10,11,6,600,25,Magnesium Sulphate,60,Moong,81
28,10,13,6,600,25,SSP,60,Moong,80
70,40,30,7,700,35,MOP,60,Moong,80
60,40,24,7,700,35,SSP,60,Moong,78
40,20,20,6.5,400,25,MOP,60,Moong,78
50,25,28,7,500,30,Sulphur,60,Moong,77
50,20,22,6.5,400,25,SSP,60,Moong,78
65,40,20,7,700,35,Sulphur,60,Moong,78
20,10,13,6,600,25,SSP,60,Moong,80
79,40,29,7,700,35,MOP,60,Moong,80
61,35,20,6.5,600,30,SSP,60,Moong,77
47,25,30,7,500,30,Urea,60,Moong,77
77,30,27,6,500,25,SSP,60,Moong,79
62,30,22,6,500,25,Magnesium Sulphate,60,Moong,77
61,40,23,7,700,35,SSP,60,Moong,78
40,20,24,6.5,400,25,Sulphur,60,Moong,78
24,20,14,7,800,35,MOP,60,Moong,80
23,15,5,6.5,700,30,SSP,60,Moong,81
77,30,22,6,500,25,Magnesium Sulphate,60,Moong,78
67,30,20,6,500,25,MOP,60,Moong,77
68,30,23,6,500,25,SSP,60,Moong,78
30,15,7,6.5,700,30,SSP,60,Moong,80
64,35,20,6.5,600,30,Magnesium Sulphate,60,Moong,77
71,40,21,7,700,35,Sulphur,60,Moong,79
20,10,13,6,600,25,SSP,60,Moong,80
30,10,8,6,600,25,SSP,60,Moong,80
42,30,20,7.5,600,35,Urea,60,Moong,76
69,40,25,7,700,35,SSP,60,Moong,79
75,30,24,6,500,25,Sulphur,60,Moong,78
49,25,24,7,500,30,MOP,60,Moong,76
30,15,7,6.5,700,30,Magnesium Sulphate,60,Moong,80
65,35,21,6.5,600,30,Magnesium Sulphate,60,Moong,77
71,40,23,7,700,35,SSP,60,Moong,79
26,20,10,7,800,35,SSP,60,Moong,80
44,30,25,7.5,600,35,Magnesium Sulphate,60,Moong,77
48,30,30,7.5,600,35,MOP,60,Moong,77
25,20,10,7,800,35,Magnesium Sulphate,60,Moong,80
30,10,7,6,600,25,SSP,60,Moong,81
20,20,14,7,800,35,MOP,60,Moong,80
24,10,5,6,600,25,MOP,60,Moong,81
64,35,30,6.5,600,30,Urea,60,Moong,78
60,30,23,6,500,25,MOP,60,Moong,77
25,10,15,6,600,25,SSP,60,Moong,80
20,20,10,7,800,35,SSP,60,Moong,81
28,15,6,6.5,700,30,Magnesium Sulphate,60,Moong,80
20,10,5,6,600,25,MOP,60,Moong,82
23,20,5,7,800,35,Urea,60,Moong,81
45,30,21,7.5,600,35,Sulphur,60,Moong,76
60,35,27,6.5,600,30,Magnesium Sulphate,60,Moong,77
48,20,21,6.5,400,25,MOP,60,Moong,77
45,25,24,7,500,30,MOP,60,Moong,77
68,40,20,7,700,35,Urea,60,Moong,79
61,40,30,7,700,35,MOP,60,Moong,79
48,30,25,7.5,600,35,SSP,60,Moong,77
66,40,30,7,700,35,MOP,60,Moong,80
50,30,20,7.5,600,35,Sulphur,60,Moong,76
29,15,10,6.5,700,30,MOP,60,Moong,80
75,40,24,7,700,35,SSP,60,Moong,79
70,40,20,7,700,35,Sulphur,60,Moong,79
74,35,30,6.5,600,30,Urea,60,Moong,79
40,20,30,6.5,400,25,SSP,60,Moong,79
21,20,5,7,800,35,Urea,60,Moong,81
71,30,23,6,500,25,Sulphur,60,Moong,78
61,30,23,6,500,25,SSP,60,Moong,77
50,25,28,7,500,30,Sulphur,60,Moong,77
44,30,20,7.5,600,35,Sulphur,60,Moong,76
28,20,5,7,800,35,Urea,60,Moong,81
78,35,26,6.5,600,30,MOP,60,Moong,78
80,40,25,7,700,35,Magnesium Sulphate,60,Moong,80
50,20,27,6.5,400,25,Sulphur,60,Moong,78
67,30,27,6,500,25,SSP,60,Moong,78
25,15,14,6.5,700,30,Sulphur,60,Moong,79
20,10,14,6,600,25,SSP,60,Moong,80
22,10,15,6,600,25,SSP,60,Moong,80
60,35,29,6.5,600,30,Sulphur,60,Moong,78
45,30,20,7.5,600,35,Urea,60,Moong,76
44,20,25,6.5,400,25,Sulphur,60,Moong,78
70,40,25,7,700,35,Magnesium Sulphate,60,Moong,79
49,30,25,7.5,600,35,Magnesium Sulphate,60,Moong,77
65,30,28,6,500,25,SSP,60,Moong,78
47,25,22,7,500,30,MOP,60,Moong,76
50,25,29,7,500,30,Sulphur,60,Moong,77
67,40,25,7,700,35,SSP,60,Moong,79
26,20,13,7,800,35,MOP,60,Moong,80
26,10,13,6,600,25,SSP,60,Moong,80
67,30,30,6,500,25,SSP,60,Moong,79
72,35,27,6.5,600,30,SSP,60,Moong,78
70,30,25,6,500,25,Urea,60,Moong,78
80,40,26,7,700,35,Magnesium Sulphate,60,Moong,80
25,15,6,6.5,700,30,Magnesium Sulphate,60,Moong,81
70,35,29,6.5,600,30,Sulphur,60,Moong,78
29,10,9,6,600,25,Sulphur,60,Moong,80
67,35,30,6.5,600,30,Urea,60,Moong,78
72,35,22,6.5,600,30,Magnesium Sulphate,60,Moong,77
27,10,12,6,600,25,Sulphur,60,Moong,80
60,30,21,6,500,25,MOP,60,Moong,77
73,35,23,6.5,600,30,MOP,60,Moong,77
70,30,28,6,500,25,SSP,60,Moong,78
45,30,30,7.5,600,35,MOP,60,Moong,78
71,35,28,6.5,600,30,SSP,60,Moong,78
65,30,20,6,500,25,MOP,60,Moong,77
41,30,20,7.5,600,35,Urea,60,Moong,77
28,10,15,6,600,25,SSP,60,Moong,80
80,35,25,6.5,600,30,MOP,60,Moong,78
74,35,24,6.5,600,30,MOP,60,Moong,78
50,30,28,7.5,600,35,MOP,60,Moong,77
28,10,5,6,600,25,MOP,60,Moong,81
23,15,10,6.5,700,30,MOP,60,Moong,80
78,40,23,7,700,35,SSP,60,Moong,79
63,40,25,7,700,35,SSP,60,Moong,79
73,35,30,6.5,600,30,Urea,60,Moong,79
79,35,29,6.5,600,30,Sulphur,60,Moong,79
45,25,20,7,500,30,SSP,60,Moong,76
45,25,29,7,500,30,Sulphur,60,Moong,77
80,30,20,6,500,25,MOP,60,Moong,78
40,25,24,7,500,30,MOP,60,Moong,77
60,40,24,7,700,35,SSP,60,Moong,78
73,30,20,6,500,25,MOP,60,Moong,78
48,30,30,7.5,600,35,MOP,60,Moong,77
75,35,24,6.5,600,30,MOP,60,Moong,78
60,35,29,6.5,600,30,Sulphur,60,Moong,78
44,25,29,7,500,30,Sulphur,60,Moong,77
22,20,12,7,800,35,Magnesium Sulphate,60,Moong,80
50,20,25,6.5,400,25,Sulphur,60,Moong,78
46,30,21,7.5,600,35,Sulphur,60,Moong,76
75,35,28,6.5,600,30,SSP,60,Moong,78
40,25,30,7,500,30,Urea,60,Moong,78
26,10,15,6,600,25,SSP,60,Moong,80
65,40,21,7,700,35,Sulphur,60,Moong,78
70,35,23,6.5,600,30,MOP,60,Moong,77
20,15,9,6.5,700,30,SSP,60,Moong,80
50,20,28,6.5,400,25,SSP,60,Moong,78
65,35,24,6.5,600,30,MOP,60,Moong,77
78,35,23,6.5,600,30,MOP,60,Moong,78
27,20,12,7,800,35,Magnesium Sulphate,60,Moong,80
20,20,15,7,800,35,MOP,60,Moong,80
80,40,23,7,700,35,SSP,60,Moong,79
41,30,30,7.5,600,35,MOP,60,Moong,78
30,10,9,6,600,25,Sulphur,60,Moong,80
20,10,13,6,600,25,Magnesium Sulphate,60,Moong,80
79,30,30,6,500,25,SSP,60,Moong,79
46,25,25,7,500,30,MOP,60,Moong,77
75,35,29,6.5,600,30,Sulphur,60,Moong,78
66,35,30,6.5,600,30,Urea,60,Moong,78
20,20,7,7,800,35,SSP,60,Moong,81
60,30,24,6,500,25,Sulphur,60,Moong,77
60,40,22,7,700,35,Sulphur,60,Moong,78
30,20,8,7,800,35,SSP,60,Moong,80
66,40,20,7,700,35,Urea,60,Moong,78
20,10,14,6,600,25,SSP,60,Moong,80
44,20,20,6.5,400,25,MOP,60,Moong,78
45,20,25,6.5,400,25,Sulphur,60,Moong,78
30,20,14,7,800,35,MOP,60,Moong,80
50,20,21,6.5,400,25,Magnesium Sulphate,60,Moong,77
24,15,5,6.5,700,30,Magnesium Sulphate,60,Moong,81
30,10,7,6,600,25,MOP,60,Moong,81
40,30,30,7.5,600,35,MOP,60,Moong,78
70,40,30,7,700,35,MOP,60,Moong,80
63,35,20,6.5,600,30,SSP,60,Moong,77
27,15,7,6.5,700,30,Magnesium Sulphate,60,Moong,80
50,30,28,7.5,600,35,MOP,60,Moong,77
30,15,8,6.5,700,30,SSP,60,Moong,80
45,20,27,6.5,400,25,Sulphur,60,Moong,79
41,25,25,7,500,30,MOP,60,Moong,77
45,20,20,6.5,400,25,MOP,60,Moong,78
62,30,25,6,500,25,Urea,60,Moong,78
77,40,20,7,700,35,Urea,60,Moong,79
69,35,29,6.5,600,30,Sulphur,60,Moong,78
63,35,21,6.5,600,30,Magnesium Sulphate,60,Moong,77
46,30,30,7.5,600,35,MOP,60,Moong,77
80,40,26,7,700,35,Magnesium Sulphate,60,Moong,80
44,20,30,6.5,400,25,SSP,60,Moong,79
40,20,21,6.5,400,25,Magnesium Sulphate,60,Moong,78
68,40,30,7,700,35,MOP,60,Moong,80
76,30,25,6,500,25,Urea,60,Moong,78
70,35,25,6.5,600,30,MOP,60,Moong,78
24,10,14,6,600,25,SSP,60,Moong,80
27,20,15,7,800,35,MOP,60,Moong,80
44,25,20,7,500,30,SSP,60,Moong,76
47,30,25,7.5,600,35,SSP,60,Moong,77
28,10,15,6,600,25,SSP,60,Moong,80
73,30,20,6,500,25,MOP,60,Moong,78
76,30,20,6,500,25,MOP,60,Moong,78
60,40,20,7,700,35,Sulphur,60,Moong,78
70,30,22,6,500,25,SSP,60,Moong,78
20,20,15,7,800,35,MOP,60,Moong,80
65,40,21,7,700,35,Sulphur,60,Moong,78
46,20,21,6.5,400,25,MOP,60,Moong,78
80,35,25,6.5,600,30,MOP,60,Moong,78
26,10,8,6,600,25,SSP,60,Moong,81
73,40,21,7,700,35,Sulphur,60,Moong,79
60,30,25,6,500,25,Urea,60,Moong,77
77,40,27,7,700,35,Magnesium Sulphate,60,Moong,80
44,20,20,6.5,400,25,MOP,60,Moong,78
60,30,30,6,500,25,SSP,60,Moong,78
70,40,24,7,700,35,SSP,60,Moong,79
48,20,23,6.5,400,25,Sulphur,60,Moong,78
20,15,11,6.5,700,30,MOP,60,Moong,80
20,20,9,7,800,35,SSP,60,Moong,81
45,20,23,6.5,400,25,Sulphur,60,Moong,78
61,30,25,6,500,25,Urea,60,Moong,78
64,40,25,7,700,35,SSP,60,Moong,79
44,30,30,7.5,600,35,MOP,60,Moong,78
60,40,25,7,700,35,Magnesium Sulphate,60,Moong,79
23,15,6,6.5,700,30,Magnesium Sulphate,60,Moong,81
71,35,25,6.5,600,30,MOP,60,Moong,78
27,10,12,6,600,25,SSP,60,Moong,80
45,30,30,7.5,600,35,MOP,60,Moong,78
45,30,20,7.5,600,35,Sulphur,60,Moong,76
80,30,21,6,500,25,Magnesium Sulphate,60,Moong,78
47,30,27,7.5,600,35,MOP,60,Moong,77
21,20,5,7,800,35,Urea,60,Moong,81
60,40,24,7,700,35,SSP,60,Moong,78
40,20,29,6.5,400,25,Magnesium Sulphate,60,Moong,79
74,40,20,7,700,35,Urea,60,Moong,79
78,40,30,7,700,35,MOP,60,Moong,80
70,30,28,6,500,25,SSP,60,Moong,78
45,25,26,7,500,30,Magnesium Sulphate,60,Moong,77
22,10,10,6,600,25,Urea,60,Moong,81
60,40,25,7,700,35,Magnesium Sulphate,60,Moong,79
45,20,20,6.5,400,25,MOP,60,Moong,78
63,30,21,6,500,25,Magnesium Sulphate,60,Moong,77
47,20,22,6.5,400,25,Magnesium Sulphate,60,Moong,78
28,15,11,6.5,700,30,Magnesium Sulphate,60,Moong,80
23,10,13,6,600,25,SSP,60,Moong,80
48,30,30,7.5,600,35,MOP,60,Moong,77
29,15,5,6.5,700,30,Magnesium Sulphate,60,Moong,80
43,30,20,7.5,600,35,Urea,60,Moong,76
40,25,24,7,500,30,MOP,60,Moong,77
44,25,20,7,500,30,SSP,60,Moong,76
40,30,25,7.5,600,35,Magnesium Sulphate,60,Moong,77
25,10,11,6,600,25,Sulphur,60,Moong,80
79,30,20,6,500,25,MOP,60,Moong,78
64,30,20,6,500,25,MOP,60,Moong,77
30,10,12,6,600,25,Sulphur,60,Moong,80
28,20,11,7,800,35,Magnesium Sulphate,60,Moong,80
27,15,5,6.5,700,30,SSP,60,Moong,81
77,35,25,6.5,600,30,MOP,60,Moong,78
30,20,14,7,800,35,MOP,60,Moong,80
61,40,30,7,700,35,MOP,60,Moong,79
42,25,27,7,500,30,Magnesium Sulphate,60,Moong,77
45,30,29,7.5,600,35,MOP,60,Moong,77
70,30,26,6,500,25,Sulphur,60,Moong,78
20,20,10,7,800,35,Magnesium Sulphate,60,Moong,81
30,20,9,7,800,35,SSP,60,Moong,80
60,35,26,6.5,600,30,Magnesium Sulphate,60,Moong,77
60,30,24,6,500,25,Sulphur,60,Moong,77
67,30,25,6,500,25,Urea,60,Moong,78
76,30,21,6,500,25,Magnesium Sulphate,60,Moong,78
75,35,20,6.5,600,30,SSP,60,Moong,77
71,30,20,6,500,25,MOP,60,Moong,78
61,35,30,6.5,600,30,Urea,60,Moong,78
20,20,5,7,800,35,Urea,60,Moong,81
21,10,8,6,600,25,SSP,60,Moong,81
22,15,15,6.5,700,30,Urea,60,Moong,79
44,30,20,7.5,600,35,Urea,60,Moong,76
50,30,20,7.5,600,35,Sulphur,60,Moong,76
49,30,30,7.5,600,35,MOP,60,Moong,77
75,35,27,6.5,600,30,Magnesium Sulphate,60,Moong,78
78,30,28,6,500,25,SSP,60,Moong,79
29,10,5,6,600,25,MOP,60,Moong,81
70,35,28,6.5,600,30,SSP,60,Moong,78
60,30,20,6,500,25,MOP,60,Moong,77
65,35,23,6.5,600,30,MOP,60,Moong,77
60,35,20,6.5,600,30,Magnesium Sulphate,60,Moong,77
40,30,29,7.5,600,35,MOP,60,Moong,78
41,25,30,7,500,30,Urea,60,Moong,78
77,40,22,7,700,35,SSP,60,Moong,79
20,20,14,7,800,35,MOP,60,Moong,80
62,40,27,7,700,35,MOP,60,Moong,79
20,10,11,6,600,25,Magnesium Sulphate,60,Moong,81
27,15,7,6.5,700,30,Magnesium Sulphate,60,Moong,80
63,35,28,6.5,600,30,SSP,60,Moong,78
40,25,29,7,500,30,Sulphur,60,Moong,78
60,40,25,7,700,35,Magnesium Sulphate,60,Moong,79
61,30,20,6,500,25,MOP,60,Moong,77
40,20,21,6.5,400,25,MOP,60,Moong,78
65,35,20,6.5,600,30,SSP,60,Moong,77
63,40,25,7,700,35,SSP,60,Moong,79
69,30,24,6,500,25,Sulphur,60,Moong,78
76,35,20,6.5,600,30,SSP,60,Moong,77
64,30,25,6,500,25,Urea,60,Moong,78
71,30,30,6,500,25,SSP,60,Moong,79
30,20,13,7,800,35,MOP,60,Moong,80
67,30,30,6,500,25,SSP,60,Moong,79
22,15,12,6.5,700,30,Magnesium Sulphate,60,Moong,80
78,35,30,6.5,600,30,Urea,60,Moong,79
46,20,26,6.5,400,25,Sulphur,60,Moong,78
74,40,24,7,700,35,SSP,60,Moong,79
49,30,24,7.5,600,35,SSP,60,Moong,76
46,20,20,6.5,400,25,MOP,60,Moong,78
80,35,24,6.5,600,30,MOP,60,Moong,78
68,35,25,6.5,600,30,MOP,60,Moong,77
20,10,15,6,600,25,SSP,60,Moong,80
75,40,30,7,700,35,MOP,60,Moong,80
68,40,25,7,700,35,SSP,60,Moong,79
22,15,7,6.5,700,30,MOP,60,Moong,81
29,20,10,7,800,35,Magnesium Sulphate,60,Moong,80
21,20,10,7,800,35,SSP,60,Moong,81
43,20,30,6.5,400,25,SSP,60,Moong,79
70,35,22,6.5,600,30,MOP,60,Moong,77
63,30,20,6,500,25,MOP,60,Moong,77
66,35,30,6.5,600,30,Urea,60,Moong,78
69,30,29,6,500,25,SSP,60,Moong,79
24,20,10,7,800,35,SSP,60,Moong,80
30,10,5,6,600,25,MOP,60,Moong,81
70,30,22,6,500,25,SSP,60,Moong,78
47,25,20,7,500,30,SSP,60,Moong,76
48,20,30,6.5,400,25,SSP,60,Moong,79
67,35,20,6.5,600,30,SSP,60,Moong,77
45,25,20,7,500,30,Magnesium Sulphate,60,Moong,76
44,20,20,6.5,400,25,MOP,60,Moong,78
42,25,27,7,500,30,SSP,60,Moong,77
21,10,5,6,600,25,MOP,60,Moong,81
50,25,22,7,500,30,Magnesium Sulphate,60,Moong,76
45,20,30,6.5,400,25,SSP,60,Moong,79
70,40,26,7,700,35,Magnesium Sulphate,60,Moong,79
60,40,23,7,700,35,SSP,60,Moong,78
61,40,30,7,700,35,MOP,60,Moong,79
48,20,23,6.5,400,25,SSP,60,Moong,78
40,20,25,6.5,400,25,Sulphur,60,Moong,79
60,35,23,6.5,600,30,MOP,60,Moong,77
50,20,29,6.5,400,25,SSP,60,Moong,79
40,25,29,7,500,30,Sulphur,60,Moong,78
30,15,6,6.5,700,30,Magnesium Sulphate,60,Moong,80
25,20,14,7,800,35,MOP,60,Moong,80
30,10,9,6,600,25,Sulphur,60,Moong,80
21,20,15,7,800,35,MOP,60,Moong,80
70,35,22,6.5,600,30,MOP,60,Moong,77
80,30,22,6,500,25,MOP,60,Moong,78
70,35,20,6.5,600,30,Magnesium Sulphate,60,Moong,77
67,35,20,6.5,600,30,SSP,60,Moong,77
75,30,27,6,500,25,Sulphur,60,Moong,79
68,30,21,6,500,25,Magnesium Sulphate,60,Moong,77
20,20,10,7,800,35,Magnesium Sulphate,60,Moong,81
48,20,20,6.5,400,25,MOP,60,Moong,78
60,30,23,6,500,25,SSP,60,Moong,77
75,40,25,7,700,35,Magnesium Sulphate,60,Moong,79
76,35,30,6.5,600,30,Urea,60,Moong,79
75,30,21,6,500,25,Magnesium Sulphate,60,Moong,78
61,35,23,6.5,600,30,MOP,60,Moong,77
78,30,25,6,500,25,Urea,60,Moong,78
69,30,20,6,500,25,MOP,60,Moong,77
24,15,14,6.5,700,30,Sulphur,60,Moong,79
47,30,20,7.5,600,35,Urea,60,Moong,76
107,40,60,6,1200,35,Urea,75,Rice,124
110,60,54,6.5,900,35,Sulphur,75,Rice,124
113,60,45,7,1200,35,Urea,75,Rice,124
95,57,56,6,1000,21,Urea,75,Rice,124
110,40,60,6,1200,35,Urea,75,Rice,124
81,40,60,6,1200,35,Urea,75,Rice,124
110,45,49,7,1000,25,50:26:26 NPK,75,Rice,123
25,25,39,6.487845525,700,25,50:26:26 NPK,75,Rice,129
89,45,50,7,1000,25,50:26:26 NPK,75,Rice,122
85,54,50,7.5,1500,35,Urea,75,Rice,123
84,55,55,7.5,1300,25,Urea,75,Rice,123
110,50,54,5.5,700,35,Urea,75,Rice,124
30,20,25,6.003517602,800,30,Urea,75,Rice,130
100,50,55,5.5,700,40,50:26:26 NPK,75,Rice,125
110,40,60,6,1200,35,Urea,75,Rice,124
89,40,55,7.5,1300,25,50:26:26 NPK,75,Rice,123
32,25,40,6.5,700,25,50:26:26 NPK,75,Rice,129
116,50,50,5.5,700,35,Urea,75,Rice,124
110,56,56,6,1000,21,Urea,75,Rice,124
85,55,55,7.5,1300,25,Urea,75,Rice,123
116,55,50,6,800,40,Urea,75,Rice,125
109,55,60,6,800,35,50:26:26 NPK,75,Rice,125
100,55,40,6.5,1100,30,Urea,75,Rice,122
90,60,60,6,1400,30,Urea,75,Rice,124
111,50,45,7,1400,30,Urea,75,Rice,123
115,45,60,6,1400,30,50:26:26 NPK,75,Rice,124
110,45,45,6.5,1100,30,Urea,75,Rice,122
120,49,46,6.955656753,1300,25,Urea,75,Rice,123
118,46,41,6.5,1500,35,50:26:26 NPK,75,Rice,125
112,50,50,5.5,700,35,Urea,75,Rice,124
25,20,25,6,800,30,Urea,75,Rice,130
94,45,45,6.5,1100,30,Urea,75,Rice,121
86,50,60,6,1000,25,Urea,75,Rice,123
112,60,45,7,1200,35,Urea,75,Rice,124
84,45,49,7,1000,25,50:26:26 NPK,75,Rice,122
119,60,50,7.5,1100,30,50:26:26 NPK,75,Rice,123
84,50,55,7.5,1100,30,50:26:26 NPK,75,Rice,121
106,55,53,6,800,40,Urea,75,Rice,125
82,50,52,7.5,1500,35,Urea,75,Rice,123
93,50,40,6.5,1500,35,50:26:26 NPK,75,Rice,123
25,25,39,6.31379502,700,25,50:26:26 NPK,75,Rice,129
109,45,60,6,1400,30,50:26:26 NPK,75,Rice,123
118,40,50,7,1400,30,Urea,75,Rice,123
106,45,60,6,1400,30,50:26:26 NPK,75,Rice,123
93,55,60,6,1200,35,50:26:26 NPK,75,Rice,123
105,55,50,7.5,1500,35,Urea,75,Rice,124
88,60,45,7,1200,35,Urea,75,Rice,123
101,60,58,6.5,900,35,Urea,75,Rice,124
96,45,40,6.5,1300,25,Urea,75,Rice,123
105,55,54,6,800,40,Urea,75,Rice,125
88,40,50,7,1400,30,Urea,75,Rice,122
24,20,25,6,800,30,Urea,75,Rice,130
95,60,45,7,1200,35,Urea,75,Rice,123
25,23,31,6.311768317,1000,30,50:26:26 NPK,75,Rice,128
91,60,55,6,1000,20,Urea,75,Rice,124
80,60,60,6,1400,30,Urea,75,Rice,124
80,60,40,6.5,1300,25,50:26:26 NPK,75,Rice,124
107,50,50,7,1200,35,Urea,75,Rice,122
28,16,23,5.690445428,700,25,Urea,75,Rice,132
89,45,45,6.5,1100,30,Urea,75,Rice,121
111,50,60,6,1000,25,Urea,75,Rice,124
111,55,50,6,800,40,Urea,75,Rice,125
85,52,55,6.46869316,1200,35,Ferrous Sulphate,75,Rice,122
109,40,55,7.5,1300,25,50:26:26 NPK,75,Rice,124
113,55,53,6,800,40,Urea,75,Rice,125
25,30,40,5.5,900,25,Sulphur,75,Rice,128
115,60,60,6.5,900,35,Urea,75,Rice,125
115,45,60,6,1400,30,50:26:26 NPK,75,Rice,124
114,50,60,5.5,700,35,Urea,75,Rice,125
100,60,50,6.5,900,40,50:26:26 NPK,75,Rice,124
117,50,47,7,1000,25,50:26:26 NPK,75,Rice,123
116,50,60,6,1000,25,Urea,75,Rice,124
24,29,39,5.55523427,900,25,Urea,75,Rice,128
94,40,40,6,1000,25,Urea,75,Rice,123
88,40,60,6,1200,35,Urea,75,Rice,123
117,50,55,5.5,700,40,50:26:26 NPK,75,Rice,125
100,55,45,7,1000,25,50:26:26 NPK,75,Rice,123
99,55,45,7,1000,25,50:26:26 NPK,75,Rice,123
115,50,51,5.5,700,36,MOP,75,Rice,124
88,55,60,6,1200,35,50:26:26 NPK,75,Rice,123
110,46,53,6.671700684,1200,35,Urea,75,Rice,123
101,55,50,6,800,40,Urea,75,Rice,124
86,45,55,7.5,1500,35,Urea,75,Rice,124
104,60,60,6,1400,30,Urea,75,Rice,124
118,51,51,7.5,1500,35,Urea,75,Rice,124
29,20,40,6,900,25,50:26:26 NPK,75,Rice,129
88,40,40,6,1000,25,Urea,75,Rice,123
117,50,40,6.5,1500,35,50:26:26 NPK,75,Rice,125
105,53,40,6.5,1100,30,Urea,75,Rice,122
112,55,40,6.5,1100,30,Urea,75,Rice,123
95,54,57,6,1000,22,Urea,75,Rice,123
110,40,45,6.5,1500,35,50:26:26 NPK,75,Rice,124
117,50,60,5.5,700,35,Urea,75,Rice,125
80,60,55,6,1000,20,Urea,75,Rice,125
89,55,45,7,1000,25,50:26:26 NPK,75,Rice,123
86,50,50,7,1200,35,Urea,75,Rice,122
105,51,51,7.5,1500,35,Urea,75,Rice,124
92,55,55,7.5,1300,25,Urea,75,Rice,123
88,40,55,7.5,1300,25,50:26:26 NPK,75,Rice,123
105,60,50,7.5,1100,30,50:26:26 NPK,75,Rice,122
90,55,40,6.5,1100,30,Urea,75,Rice,122
101,40,40,6,1000,25,Urea,75,Rice,123
110,50,60,6,1000,25,Urea,75,Rice,124
30,28,36,5.892244045,700,25,50:26:26 NPK,75,Rice,129
80,55,53,6.437474922,1400,30,Urea,75,Rice,123
95,45,50,7,1000,25,50:26:26 NPK,75,Rice,122
90,56,51,7.5,1100,30,50:26:26 NPK,75,Rice,121
117,45,40,6.5,1300,25,Urea,75,Rice,124
33,18,27,5.891826506,700,25,Urea,75,Rice,131
23,18,26,5.801728609,700,25,Urea,75,Rice,132
86,50,55,7.5,1100,30,50:26:26 NPK,75,Rice,121
115,55,50,6,800,40,Urea,75,Rice,125
99,45,40,6.5,1300,25,Urea,75,Rice,123
80,41,49,7,1400,30,Urea,75,Rice,123
100,55,54,6,800,40,Urea,75,Rice,125
112,60,50,7.5,1100,30,50:26:26 NPK,75,Rice,123
102,45,40,6.5,1300,25,Urea,75,Rice,123
102,60,57,6.5,900,35,Urea,75,Rice,124
105,55,60,6,1200,35,50:26:26 NPK,75,Rice,124
92,60,60,6,1400,30,Urea,75,Rice,124
120,55,60,6,1400,30,MOP,75,Rice,124
83,56,46,7,1200,35,Urea,75,Rice,123
80,56,60,6,1400,30,Magnesium Sulphate,75,Rice,124
115,55,50,6,800,40,Urea,75,Rice,125
114,40,40,6,1000,25,Urea,75,Rice,124
88,55,45,7,1000,25,50:26:26 NPK,75,Rice,123
29,15,25,6.5,900,25,Urea,75,Rice,131
81,60,50,7.5,1100,30,50:26:26 NPK,75,Rice,122
28,28,36,5.859125255,700,25,50:26:26 NPK,75,Rice,129
84,40,40,6,1000,25,Urea,75,Rice,123
114,50,60,6,1000,25,Urea,75,Rice,124
103,45,60,6,1400,30,50:26:26 NPK,75,Rice,123
82,60,50,7.5,1100,30,50:26:26 NPK,75,Rice,122
96,60,50,7.5,1100,30,50:26:26 NPK,75,Rice,122
113,45,50,7,1000,25,50:26:26 NPK,75,Rice,123
110,60,60,6,1400,30,Urea,75,Rice,124
100,54,40,6.5,1100,30,Urea,75,Rice,122
30,28,40,5.584467532,900,25,SSP,75,Rice,128
115,42,48,7,1400,30,Urea,75,Rice,123
115,45,55,7.5,1500,35,Urea,75,Rice,124
80,50,40,6.5,1500,35,50:26:26 NPK,75,Rice,124
88,60,40,6.5,1300,25,50:26:26 NPK,75,Rice,124
117,50,60,5.5,700,35,Urea,75,Rice,125
116,60,40,6.5,1300,25,50:26:26 NPK,75,Rice,125
96,55,45,7,1000,25,50:26:26 NPK,75,Rice,123
92,55,50,7.5,1500,35,Urea,75,Rice,123
108,45,50,7,1000,25,50:26:26 NPK,75,Rice,123
110,50,60,6,1000,25,Urea,75,Rice,124
107,60,60,6,1400,30,Urea,75,Rice,124
83,40,55,7.5,1300,25,50:26:26 NPK,75,Rice,123
90,54,40,6.5,1100,30,Urea,75,Rice,122
86,60,60,6,1400,30,Urea,75,Rice,124
85,40,40,6,1000,25,Urea,75,Rice,123
109,55,45,7,1000,25,50:26:26 NPK,75,Rice,123
98,40,55,7.5,1300,25,50:26:26 NPK,75,Rice,123
118,50,60,5.5,700,35,Urea,75,Rice,125
115,52,48,7,1200,35,Urea,75,Rice,123
86,50,60,6,1000,25,Urea,75,Rice,123
110,52,51,7.5,1500,35,Urea,75,Rice,124
90,55,60,6,1200,35,50:26:26 NPK,75,Rice,123
92,55,45,7,1000,25,50:26:26 NPK,75,Rice,123
26,30,40,5.5,900,25,Urea,75,Rice,128
95,48,48,7,1000,25,50:26:26 NPK,75,Rice,122
112,55,60,6,800,35,50:26:26 NPK,75,Rice,125
111,40,40,6,1000,25,Urea,75,Rice,124
90,50,60,6,1000,25,Urea,75,Rice,123
83,47,46,7,1400,30,Urea,75,Rice,122
106,50,55,7.5,1100,30,50:26:26 NPK,75,Rice,122
80,51,54,7.5,1100,30,50:26:26 NPK,75,Rice,122
90,55,52,7.5,1100,30,50:26:26 NPK,75,Rice,121
120,52,40,6.5,1300,25,Ferrous Sulphate,75,Rice,124
114,55,50,7.5,1500,35,Urea,75,Rice,124
90,44,55,6.447412367,1200,35,Urea,75,Rice,122
94,55,60,6,1200,35,50:26:26 NPK,75,Rice,123
116,40,50,7,1400,30,Urea,75,Rice,123
82,55,60,6,1200,35,50:26:26 NPK,75,Rice,123
88,55,45,7,1000,25,50:26:26 NPK,75,Rice,123
80,40,50,7,1400,30,Urea,75,Rice,123
93,55,40,6.5,1100,30,Urea,75,Rice,122
82,60,50,7.5,1100,30,50:26:26 NPK,75,Rice,122
113,55,53,6,800,40,Urea,75,Rice,125
105,55,54,6,800,40,Urea,75,Rice,125
109,60,59,6.5,900,35,Urea,75,Rice,125
102,60,60,6.5,900,35,Urea,75,Rice,125
103,55,50,6,800,40,Urea,75,Rice,124
100,47,53,7.5,1500,35,Urea,75,Rice,123
27,27,37,5.998442199,700,25,50:26:26 NPK,75,Rice,129
95,55,50,7.5,1500,35,Urea,75,Rice,123
104,50,55,5.5,700,40,50:26:26 NPK,75,Rice,125
102,50,55,5.5,700,40,50:26:26 NPK,75,Rice,125
113,60,55,6,1000,20,Urea,75,Rice,125
114,60,40,6.5,1300,25,50:26:26 NPK,75,Rice,125
103,60,40,6.5,1300,25,50:26:26 NPK,75,Rice,124
87,50,40,6.5,1500,35,50:26:26 NPK,75,Rice,124
88,60,55,6,1000,20,Urea,75,Rice,124
110,60,56,6.5,900,35,Urea,75,Rice,125
95,50,52,7.5,1500,35,Urea,75,Rice,123
106,50,56,5.5,700,35,Urea,75,Rice,124
110,55,55,6,800,39,Sulphur,75,Rice,125
83,46,46,7,1400,30,Urea,75,Rice,122
112,50,50,7,1200,35,Urea,75,Rice,122
96,55,50,7.5,1500,35,Urea,75,Rice,123
106,55,50,7.5,1500,35,Urea,75,Rice,124
115,42,48,7,1400,30,Urea,75,Rice,123
96,40,50,7,1400,30,Urea,75,Rice,122
100,50,54,5.5,700,39,Ammonium Sulphate,75,Rice,124
100,55,51,6,800,40,Urea,75,Rice,124
104,55,50,7.5,1500,35,Urea,75,Rice,124
111,40,60,6,1200,35,Urea,75,Rice,124
100,60,55,6.5,900,35,Urea,75,Rice,124
102,40,45,6.5,1500,35,50:26:26 NPK,75,Rice,124
91,55,60,6,1200,35,50:26:26 NPK,75,Rice,123
90,60,55,6,1000,20,Urea,75,Rice,124
110,60,55,6.5,900,35,Urea,75,Rice,124
110,50,56,5.5,700,38,DAP,75,Rice,125
110,50,55,5.5,700,40,50:26:26 NPK,75,Rice,125
111,40,60,6,1200,35,Urea,75,Rice,124
119,45,60,6,1400,30,50:26:26 NPK,75,Rice,124
88,40,60,6,1200,35,Urea,75,Rice,123
85,46,54,7.5,1500,35,Urea,75,Rice,123
30,23,31,6.33432161,1000,30,50:26:26 NPK,75,Rice,128
29,15,20,5.5,700,25,Urea,75,Rice,132
114,60,40,6.5,1300,25,50:26:26 NPK,75,Rice,125
91,40,40,6,1000,25,Urea,75,Rice,123
105,57,46,7,1200,35,Urea,75,Rice,123
102,55,50,7.5,1500,35,Urea,75,Rice,124
85,57,60,6,1400,30,SSP,75,Rice,124
106,55,60,6,800,35,50:26:26 NPK,75,Rice,125
85,45,40,6.5,1300,25,Urea,75,Rice,123
107,60,50,7.5,1100,30,50:26:26 NPK,75,Rice,122
116,47,53,7.5,1500,35,Urea,75,Rice,124
115,55,59,6,800,35,Ammonium Sulphate,75,Rice,125
88,45,45,6.5,1100,30,Urea,75,Rice,121
91,60,45,7,1200,35,Urea,75,Rice,123
109,60,50,6.5,900,40,50:26:26 NPK,75,Rice,125
86,40,40,6,1000,25,Urea,75,Rice,123
104,50,45,7,1400,30,Urea,75,Rice,122
27,27,37,5.967410567,700,25,50:26:26 NPK,75,Rice,129
105,60,60,6,1400,30,Urea,75,Rice,124
111,50,60,6,1000,25,Urea,75,Rice,124
85,51,49,7,1200,35,Urea,75,Rice,122
114,45,44,6.5,1100,30,Urea,75,Rice,122
80,40,55,7.5,1300,25,50:26:26 NPK,75,Rice,124
84,40,40,6,1000,25,Urea,75,Rice,123
104,50,40,6.5,1500,35,50:26:26 NPK,75,Rice,124
108,60,56,6.5,900,35,Urea,75,Rice,124
91,50,60,6,1000,25,Urea,75,Rice,123
26,26,33,6.26022786,800,30,Magnesium Sulphate,75,Rice,129
93,60,40,6.5,1300,25,50:26:26 NPK,75,Rice,124
112,45,47,7,1400,30,Urea,75,Rice,123
89,45,40,6.5,1300,25,Urea,75,Rice,123
31,30,35,5.5,700,25,50:26:26 NPK,75,Rice,129
109,55,50,6,800,40,Urea,75,Rice,125
115,48,40,6.5,1500,35,50:26:26 NPK,75,Rice,124
104,60,55,6.5,900,35,Urea,75,Rice,124
90,41,49,7,1400,30,Urea,75,Rice,122
112,50,60,6,1000,25,Urea,75,Rice,124
115,40,50,6.938340457,1400,30,Sulphur,75,Rice,123
103,60,60,6,1400,30,Urea,75,Rice,124
119,55,54,6,800,40,Urea,75,Rice,126
106,60,58,6.5,900,35,Urea,75,Rice,125
29,30,30,5.5,800,30,50:26:26 NPK,75,Rice,128
105,45,40,6.5,1300,25,Urea,75,Rice,123
115,58,45,7,1200,35,Urea,75,Rice,124
92,45,50,7,1000,25,50:26:26 NPK,75,Rice,122
87,45,60,6,1400,30,50:26:26 NPK,75,Rice,123
119,50,55,7.5,1100,30,50:26:26 NPK,75,Rice,122
86,55,55,7.5,1300,25,Urea,75,Rice,123
88,40,55,7.5,1300,25,50:26:26 NPK,75,Rice,123
116,60,40,6.5,1300,25,50:26:26 NPK,75,Rice,125
90,45,50,7,1000,25,50:26:26 NPK,75,Rice,122
26,20,40,6,900,25,50:26:26 NPK,75,Rice,129
115,55,55,6,800,39,SSP,75,Rice,125
100,50,53,5.5,700,35,Urea,75,Rice,124
108,45,45,6.5,1100,30,Urea,75,Rice,122
27,27,32,5.939134909,800,30,Ferrous Sulphate,75,Rice,129
93,55,55,7.5,1300,25,Urea,75,Rice,123
104,60,40,6.5,1300,25,50:26:26 NPK,75,Rice,124
88,55,45,7,1000,25,50:26:26 NPK,75,Rice,123
86,40,55,7.5,1300,25,50:26:26 NPK,75,Rice,123
25,15,20,5.5,700,25,Urea,75,Rice,132
103,40,55,7.5,1300,25,50:26:26 NPK,75,Rice,124
113,50,50,5.5,700,35,Urea,75,Rice,124
86,45,45,6.5,1100,30,Urea,75,Rice,121
115,40,45,6.5,1500,35,50:26:26 NPK,75,Rice,125
85,60,50,7.5,1100,30,50:26:26 NPK,75,Rice,122
120,54,40,6.5,1300,25,DAP,75,Rice,124
85,53,45,7,1000,25,50:26:26 NPK,75,Rice,123
29,19,29,5.969916062,700,25,Urea,75,Rice,131
101,55,50,7.5,1500,35,Urea,75,Rice,124
101,40,60,6,1200,35,Urea,75,Rice,123
114,55,40,6.5,1100,30,Urea,75,Rice,123
97,40,40,6,1000,25,Urea,75,Rice,123
99,45,40,6.5,1300,25,Urea,75,Rice,123
110,60,60,6,1400,30,Urea,75,Rice,124
33,20,40,6,900,25,50:26:26 NPK,75,Rice,129
28,23,27,6.288597211,1000,30,Chilated Micronutrient,75,Rice,129
80,47,40,6.5,1300,25,SSP,75,Rice,123
101,60,40,6.5,1300,25,50:26:26 NPK,75,Rice,124
108,55,60,6,1200,35,50:26:26 NPK,75,Rice,124
116,55,56,6,800,38,Magnesium Sulphate,75,Rice,125
100,60,50,6.5,900,40,50:26:26 NPK,75,Rice,124
29,30,40,5.5,900,25,Hydrated Lime,75,Rice,128
82,45,45,6.5,1100,30,Urea,75,Rice,121
104,55,50,7.5,1500,35,Urea,75,Rice,124
118,40,60,6,1200,35,Urea,75,Rice,124
107,45,50,7,1000,25,50:26:26 NPK,75,Rice,123
100,55,50,6,800,40,Urea,75,Rice,124
34,21,40,5.923226146,900,25,Ammonium Sulphate,75,Rice,128
26,21,40,5.936255669,900,25,50:26:26 NPK,75,Rice,129
120,45,55,7.5,1300,25,DAP,75,Rice,124
92,40,55,7.5,1300,25,50:26:26 NPK,75,Rice,123
86,55,55,7.5,1300,25,Urea,75,Rice,123
117,55,40,6.5,1100,30,Urea,75,Rice,123
87,50,45,7,1400,30,Urea,75,Rice,122
112,45,60,6,1400,30,50:26:26 NPK,75,Rice,124
31,20,40,6,900,25,50:26:26 NPK,75,Rice,129
96,55,40,6.5,1100,30,Urea,75,Rice,122
105,60,60,6,1400,30,Urea,75,Rice,124
103,60,55,6,1000,20,Urea,75,Rice,125
113,55,40,6.5,1100,30,Urea,75,Rice,123
104,60,55,6.5,900,35,Urea,75,Rice,124
115,50,55,5.5,700,40,50:26:26 NPK,75,Rice,125
100,45,40,6.5,1300,25,Urea,75,Rice,123
105,50,45,7,1400,30,Urea,75,Rice,122
107,60,60,6,1400,30,Urea,75,Rice,124
115,45,40,6.5,1300,25,Sulphur,75,Rice,124
84,60,50,7.5,1100,30,50:26:26 NPK,75,Rice,122
120,45,47,7,1400,30,Urea,75,Rice,123
117,45,42,6.5,1500,35,50:26:26 NPK,75,Rice,124
115,41,53,6.611454235,1400,30,MOP,75,Rice,123
80,45,50,7,1000,25,50:26:26 NPK,75,Rice,122
100,50,59,5.5,700,35,SSP,75,Rice,124
115,55,45,7,1000,25,50:26:26 NPK,75,Rice,124
90,55,57,6,1000,22,Urea,75,Rice,124
25,18,35,6.151674588,900,25,DAP,75,Rice,130
96,40,40,6,1000,25,Urea,75,Rice,123
118,60,56,6.5,900,35,Urea,75,Rice,125
86,55,60,6,1200,35,50:26:26 NPK,75,Rice,123
89,40,45,6.5,1500,35,50:26:26 NPK,75,Rice,124
113,60,55,6,1000,20,Urea,75,Rice,125
25,20,25,6,800,30,Urea,75,Rice,130
106,40,40,6,1000,25,Urea,75,Rice,124
100,60,55,6,1000,20,Urea,75,Rice,124
104,55,40,6.5,1100,30,Urea,75,Rice,122
117,49,42,6.5,1100,30,Urea,75,Rice,122
86,40,55,7.5,1300,25,50:26:26 NPK,75,Rice,123
115,40,50,6.984841199,1400,30,Sulphur,75,Rice,123
109,55,54,6,800,40,Urea,75,Rice,125
111,40,45,6.5,1500,35,50:26:26 NPK,75,Rice,124
90,45,49,7,1000,25,50:26:26 NPK,75,Rice,122
110,55,40,6.5,1100,30,Urea,75,Rice,123
95,40,50,7,1400,30,Urea,75,Rice,122
117,60,57,6.5,900,35,Urea,75,Rice,125
113,50,55,7.5,1100,30,50:26:26 NPK,75,Rice,122
110,50,45,7,1400,30,Urea,75,Rice,123
96,60,50,7.5,1100,30,50:26:26 NPK,75,Rice,122
115,60,59,6.5,900,35,Urea,75,Rice,125
20,20,25,6,800,30,Urea,75,Rice,130
91,50,45,7,1400,30,Urea,75,Rice,122
86,55,50,7.5,1500,35,Urea,75,Rice,124
32,25,40,5.731302199,900,25,50:26:26 NPK,75,Rice,128
85,45,50,7,1000,25,50:26:26 NPK,75,Rice,122
95,56,51,7.5,1100,30,50:26:26 NPK,75,Rice,121
103,50,55,5.5,700,40,50:26:26 NPK,75,Rice,125
92,50,55,7.5,1100,30,50:26:26 NPK,75,Rice,121
32,25,40,5.72610897,900,25,Hydrated Lime,75,Rice,128
88,60,50,7.5,1100,30,50:26:26 NPK,75,Rice,122
112,49,42,6.5,1100,30,Urea,75,Rice,122
100,60,59,6.5,900,35,Urea,75,Rice,124
110,45,50,7,1000,25,50:26:26 NPK,75,Rice,123
97,50,50,7,1200,35,Urea,75,Rice,122
27,30,35,5.5,700,25,50:26:26 NPK,75,Rice,129
80,60,40,6.5,1300,25,50:26:26 NPK,75,Rice,124
101,40,60,6,1200,35,Urea,75,Rice,123
82,50,52,7.5,1500,35,Urea,75,Rice,123
116,50,40,6.5,1500,35,50:26:26 NPK,75,Rice,125
119,40,59,6.013094457,1200,35,Urea,75,Rice,124
31,30,35,5.5,700,25,50:26:26 NPK,75,Rice,129
91,45,45,6.5,1100,30,Urea,75,Rice,121
95,50,40,6.5,1500,35,50:26:26 NPK,75,Rice,124
91,45,60,6,1400,30,50:26:26 NPK,75,Rice,123
120,49,46,6.914624124,1300,25,Urea,75,Rice,123
81,60,55,6,1000,20,Urea,75,Rice,125
100,55,50,6,800,40,Urea,75,Rice,124
30,27,37,5.99780499,700,25,50:26:26 NPK,75,Rice,129
22,22,30,6.297692509,800,30,Urea,75,Rice,130
89,55,60,6,1200,35,50:26:26 NPK,75,Rice,123
101,55,60,6,1200,35,50:26:26 NPK,75,Rice,123
100,55,53,6,800,40,Urea,75,Rice,124
115,40,50,7,1400,30,Urea,75,Rice,123
106,60,40,6.5,1300,25,50:26:26 NPK,75,Rice,124
114,60,55,6,1000,20,Urea,75,Rice,125
104,60,45,7,1200,35,Urea,75,Rice,123
84,50,40,6.5,1500,35,50:26:26 NPK,75,Rice,124
27,25,40,5.717579433,900,25,Hydrated Lime,75,Rice,128
100,45,49,7,1000,25,50:26:26 NPK,75,Rice,122
110,50,58,5.5,700,36,Magnesium Sulphate,75,Rice,125
84,50,42,6.5,1100,30,Urea,75,Rice,122
104,40,60,6,1200,35,Urea,75,Rice,124
115,50,55,5.5,700,40,50:26:26 NPK,75,Rice,125
82,45,45,6.5,1100,30,Urea,75,Rice,121
90,44,47,7,1400,30,Urea,75,Rice,122
88,60,50,7.5,1100,30,50:26:26 NPK,75,Rice,122
104,55,50,6,800,40,Urea,75,Rice,124
108,50,60,6,1000,25,Urea,75,Rice,124
114,50,55,7.5,1100,30,50:26:26 NPK,75,Rice,122
86,45,60,6,1400,30,50:26:26 NPK,75,Rice,123
107,60,60,6,1400,30,Urea,75,Rice,124
90,56,51,7.5,1100,30,50:26:26 NPK,75,Rice,121
80,55,47,7,1200,35,Urea,75,Rice,123
105,60,55,6.5,900,35,Urea,75,Rice,124
111,40,55,7.5,1300,25,50:26:26 NPK,75,Rice,124
21,15,25,6.5,900,25,Urea,75,Rice,131
111,46,46,7,1400,30,Urea,75,Rice,123
20,20,25,5.986452004,800,30,Sulphur,75,Rice,130
113,50,50,7,1200,35,Urea,75,Rice,122
82,50,55,7.5,1100,30,50:26:26 NPK,75,Rice,122
89,60,60,6,1400,30,Urea,75,Rice,124
85,40,49,7,1400,30,Urea,75,Rice,122
89,50,40,6.5,1500,35,50:26:26 NPK,75,Rice,124
88,45,50,7,1000,25,50:26:26 NPK,75,Rice,122
105,45,40,6.5,1300,25,Urea,75,Rice,123
96,40,60,6,1200,35,Urea,75,Rice,123
105,60,58,6.5,900,35,Urea,75,Rice,124
85,59,45,7,1200,35,Urea,75,Rice,123
113,45,55,7.5,1500,35,Urea,75,Rice,124
97,60,45,7,1200,35,Urea,75,Rice,123
20,20,20,5.5,1000,30,Urea,75,Rice,130
82,55,60,6,1200,35,50:26:26 NPK,75,Rice,123
101,50,45,7,1400,30,Urea,75,Rice,122
95,45,40,6.5,1300,25,Urea,75,Rice,123
33,27,28,5.602492148,800,30,Chilated Micronutrient,75,Rice,129
107,50,50,7,1200,35,Urea,75,Rice,122
103,55,60,6,1200,35,50:26:26 NPK,75,Rice,123
119,55,55,6,800,40,Urea,75,Rice,126
95,50,49,7,1200,35,Urea,75,Rice,121
116,40,50,7,1400,30,Urea,75,Rice,123
90,60,45,7,1200,35,Urea,75,Rice,123
106,60,50,7.5,1100,30,50:26:26 NPK,75,Rice,122
120,44,42,6.5,1500,35,50:26:26 NPK,75,Rice,125
95,40,45,6.5,1500,35,50:26:26 NPK,75,Rice,124
81,60,40,6.5,1300,25,50:26:26 NPK,75,Rice,124
118,50,40,6.5,1500,35,50:26:26 NPK,75,Rice,125
96,45,45,6.5,1100,30,Urea,75,Rice,121
106,60,50,7.5,1100,30,50:26:26 NPK,75,Rice,122
118,46,41,6.5,1500,35,50:26:26 NPK,75,Rice,125
28,17,25,5.795147471,700,25,Urea,75,Rice,131
108,40,60,6,1200,35,Urea,75,Rice,124
110,43,48,7,1400,30,Urea,75,Rice,123
115,54,57,6,1000,22,Urea,75,Rice,124
87,40,55,7.5,1300,25,50:26:26 NPK,75,Rice,123
107,50,40,6.5,1500,35,50:26:26 NPK,75,Rice,124
87,40,55,7.5,1300,25,50:26:26 NPK,75,Rice,123
109,60,60,6.5,900,35,Urea,75,Rice,125
27,20,20,5.5,1000,30,Urea,75,Rice,130
118,60,45,7,1200,35,Urea,75,Rice,124
120,46,44,6.5,1100,30,Urea,75,Rice,122
102,45,60,6,1400,30,50:26:26 NPK,75,Rice,123
85,40,50,7,1400,30,Urea,75,Rice,123
97,45,45,6.5,1100,30,Urea,75,Rice,121
115,48,55,7.5,1300,25,Hydrated Lime,75,Rice,123
115,60,40,6.5,1300,25,50:26:26 NPK,75,Rice,125
110,42,57,6.268677359,1200,35,Urea,75,Rice,123
92,40,50,7,1400,30,Urea,75,Rice,122
28,23,31,6.31673911,1000,30,50:26:26 NPK,75,Rice,128
83,60,45,7,1200,35,Urea,75,Rice,123
109,60,50,7.5,1100,30,50:26:26 NPK,75,Rice,122
111,55,50,6,800,40,Urea,75,Rice,125
89,50,60,6,1000,25,Urea,75,Rice,123
102,55,52,6,800,40,Urea,75,Rice,124
35,20,34,6.085839643,1000,30,50:26:26 NPK,75,Rice,128
88,55,40,6.5,1100,30,Urea,75,Rice,122
90,45,40,6.5,1300,25,Urea,75,Rice,123
110,50,55,5.5,700,40,50:26:26 NPK,75,Rice,125
86,55,45,7,1000,25,50:26:26 NPK,75,Rice,123
107,60,50,7.5,1100,30,50:26:26 NPK,75,Rice,122
107,60,40,6.5,1300,25,50:26:26 NPK,75,Rice,124
80,55,52,7.5,1100,30,50:26:26 NPK,75,Rice,122
103,55,40,6.5,1100,30,Urea,75,Rice,122
100,48,51,6.829741804,1200,35,Urea,75,Rice,122
82,45,40,6.5,1300,25,Urea,75,Rice,123
80,54,59,6.010995829,1200,35,50:26:26 NPK,75,Rice,123
101,45,50,7,1000,25,50:26:26 NPK,75,Rice,122
114,55,50,7.5,1500,35,Urea,75,Rice,124
100,40,55,7.5,1300,25,50:26:26 NPK,75,Rice,123
102,60,55,6,1000,20,Urea,75,Rice,125
111,50,45,7,1400,30,Urea,75,Rice,123
96,45,55,7.5,1500,35,Urea,75,Rice,123
100,50,60,5.5,700,35,Urea,75,Rice,124
109,55,60,6,1200,35,50:26:26 NPK,75,Rice,124
82,50,42,6.5,1100,30,Urea,75,Rice,122
113,60,45,7,1200,35,Urea,75,Rice,124
87,45,45,6.5,1100,30,Urea,75,Rice,121
80,40,59,6.046965967,1200,35,Urea,75,Rice,123
25,21,40,5.916858316,900,25,Ammonium Sulphate,75,Rice,129
117,60,50,6.5,900,40,50:26:26 NPK,75,Rice,125
114,50,40,6.5,1500,35,50:26:26 NPK,75,Rice,124
90,46,53,6.603152109,1200,35,Urea,75,Rice,122
86,45,55,7.5,1500,35,Urea,75,Rice,124
113,60,55,6,1000,20,Urea,75,Rice,125
87,55,50,7.5,1500,35,Urea,75,Rice,123
120,56,51,7.5,1100,30,50:26:26 NPK,75,Rice,123
103,60,50,7.5,1100,30,50:26:26 NPK,75,Rice,122
81,52,46,7,1000,25,50:26:26 NPK,75,Rice,123
27,24,40,5.78320232,900,25,Ferrous Sulphate,75,Rice,128
112,45,60,6,1400,30,50:26:26 NPK,75,Rice,124
81,55,45,7,1000,25,50:26:26 NPK,75,Rice,123
119,40,45,6.5,1500,35,50:26:26 NPK,75,Rice,125
120,42,48,7,1400,30,Urea,75,Rice,123
117,40,55,7.5,1300,25,50:26:26 NPK,75,Rice,124
99,40,40,6,1000,25,Urea,75,Rice,123
85,47,48,7,1000,25,50:26:26 NPK,75,Rice,122
87,40,45,6.5,1500,35,50:26:26 NPK,75,Rice,124
90,55,55,7.5,1300,25,Urea,75,Rice,123
117,50,55,7.5,1100,30,50:26:26 NPK,75,Rice,122
109,60,55,6,1000,20,Urea,75,Rice,125
80,56,56,6,1000,21,Urea,75,Rice,124
108,55,55,7.5,1300,25,Urea,75,Rice,124
25,20,26,6.053299127,800,30,Urea,75,Rice,130
90,50,55,7.5,1100,30,50:26:26 NPK,75,Rice,121
112,40,60,6,1200,35,Urea,75,Rice,124
102,55,40,6.5,1100,30,Urea,75,Rice,122
88,50,45,7,1400,30,Urea,75,Rice,122
92,55,50,7.5,1500,35,Urea,75,Rice,123
106,50,60,6,1000,25,Urea,75,Rice,123
104,40,45,6.5,1500,35,50:26:26 NPK,75,Rice,124
102,50,60,6,1000,25,Urea,75,Rice,123
93,55,45,7,1000,25,50:26:26 NPK,75,Rice,123
102,55,55,6,800,40,Urea,75,Rice,125
87,50,55,7.5,1100,30,50:26:26 NPK,75,Rice,121
110,51,46,7,1000,25,50:26:26 NPK,75,Rice,123
90,55,40,6.5,1100,30,Urea,75,Rice,122
89,55,55,7.5,1300,25,Urea,75,Rice,123
93,45,45,6.5,1100,30,Urea,75,Rice,121
114,45,50,7,1000,25,50:26:26 NPK,75,Rice,123
107,40,55,7.5,1300,25,50:26:26 NPK,75,Rice,124
29,21,40,5.907433536,900,25,Ammonium Sulphate,75,Rice,129
105,55,50,6,800,40,Urea,75,Rice,124
100,60,45,7,1200,35,Urea,75,Rice,123
109,40,50,7,1400,30,Urea,75,Rice,123
80,51,47,6.806561148,1400,30,Urea,75,Rice,122
113,45,60,6,1400,30,50:26:26 NPK,75,Rice,124
83,45,55,7.5,1500,35,Urea,75,Rice,124
109,60,50,6.5,900,40,50:26:26 NPK,75,Rice,125
93,60,55,6,1000,20,Urea,75,Rice,124
117,55,60,6,800,35,50:26:26 NPK,75,Rice,125
83,50,45,7,1400,30,Urea,75,Rice,122
90,60,50,7.5,1100,30,50:26:26 NPK,75,Rice,122
110,54,40,6.5,1100,30,Urea,75,Rice,123
99,60,60,6,1400,30,Urea,75,Rice,124
22,15,20,5.5,700,25,Urea,75,Rice,132
109,50,50,5.5,700,35,Urea,75,Rice,124
81,60,55,6,1000,20,Urea,75,Rice,125
104,45,50,7,1000,25,50:26:26 NPK,75,Rice,122
104,50,60,6,1000,25,Urea,75,Rice,123
20,15,25,6.466054021,900,25,Urea,75,Rice,131
111,45,55,7.5,1500,35,Urea,75,Rice,124
102,60,45,7,1200,35,Urea,75,Rice,123
30,29,30,5.575603805,800,30,50:26:26 NPK,75,Rice,128
115,50,60,6,1000,25,Urea,75,Rice,124
84,45,40,6.5,1300,25,Sulphur,75,Rice,123
82,45,42,6.5,1500,35,50:26:26 NPK,75,Rice,124
99,55,45,7,1000,25,50:26:26 NPK,75,Rice,123
107,60,60,6,1400,30,Urea,75,Rice,124
31,21,33,6.159550237,1000,30,50:26:26 NPK,75,Rice,128
99,60,40,6.5,1300,25,50:26:26 NPK,75,Rice,124
110,49,45,7,1400,30,Urea,75,Rice,123
82,60,45,7,1200,35,Urea,75,Rice,123
102,60,56,6.5,900,35,Urea,75,Rice,124
120,55,50,6,800,40,Urea,75,Rice,125
81,40,60,6,1200,35,Urea,75,Rice,124
108,60,60,6,1400,30,Urea,75,Rice,124
101,50,56,5.5,700,38,DAP,75,Rice,124
116,55,56,6,800,38,Magnesium Sulphate,75,Rice,125
115,45,54,7.5,1500,35,Urea,75,Rice,124
103,60,55,6,1000,20,Urea,75,Rice,125
92,55,45,7,1000,25,50:26:26 NPK,75,Rice,123
101,50,60,6,1000,25,Urea,75,Rice,123
111,40,50,7,1400,30,Urea,75,Rice,123
120,50,51,5.5,700,36,MOP,75,Rice,125
119,40,45,6.5,1500,35,50:26:26 NPK,75,Rice,125
83,41,53,6.615863188,1400,30,MOP,75,Rice,123
35,28,36,5.732959475,700,25,50:26:26 NPK,75,Rice,129
80,50,59,6,1000,24,Urea,75,Rice,123
96,40,60,6,1200,35,Urea,75,Rice,123
95,50,40,6.5,1500,35,50:26:26 NPK,75,Rice,124
84,46,49,7,1000,25,50:26:26 NPK,75,Rice,122
27,30,40,5.5,900,25,Urea,75,Rice,128
85,40,50,7,1400,30,Urea,75,Rice,123
97,50,45,7,1400,30,Urea,75,Rice,122
29,15,25,6.5,900,25,Urea,75,Rice,131
118,60,58,6.5,900,35,Urea,75,Rice,125
115,52,41,6.5,1100,30,Urea,75,Rice,123
102,40,40,6,1000,25,Urea,75,Rice,124
115,60,45,7,1200,35,Urea,75,Rice,124
89,40,55,7.5,1300,25,50:26:26 NPK,75,Rice,123
95,60,55,6,1000,20,Urea,75,Rice,124
34,20,30,6,700,25,Urea,75,Rice,130
116,55,60,6,1200,35,50:26:26 NPK,75,Rice,124
115,49,52,7.5,1500,35,Urea,75,Rice,124
117,55,55,6,800,40,Urea,75,Rice,126
96,60,60,6,1400,30,Urea,75,Rice,124
85,47,53,7.5,1500,35,Urea,75,Rice,123
113,55,45,7,1000,25,50:26:26 NPK,75,Rice,124
35,23,31,6.322688921,1000,30,50:26:26 NPK,75,Rice,128
101,60,60,6,1400,30,Urea,75,Rice,124
100,42,43,6.5,1500,35,50:26:26 NPK,75,Rice,124
103,55,50,7.5,1500,35,Urea,75,Rice,124
25,25,35,6.5,800,30,Urea,75,Rice,129
100,45,44,6.5,1100,30,Urea,75,Rice,121
110,49,40,6.5,1500,35,50:26:26 NPK,75,Rice,124
109,45,55,7.5,1500,35,Urea,75,Rice,124
116,48,53,7.5,1500,35,Urea,75,Rice,124
116,50,55,5.5,700,40,50:26:26 NPK,75,Rice,125
106,60,45,7,1200,35,Urea,75,Rice,123
109,60,59,6.5,900,35,Urea,75,Rice,125
116,60,60,6.5,900,35,Urea,75,Rice,125
29,29,30,5.589411002,800,30,50:26:26 NPK,75,Rice,128
96,40,55,7.5,1300,25,50:26:26 NPK,75,Rice,123
120,51,54,7.5,1100,30,50:26:26 NPK,75,Rice,122
95,40,60,6,1200,35,Urea,75,Rice,123
102,60,60,6,1400,30,Urea,75,Rice,124
116,48,48,7,1000,25,50:26:26 NPK,75,Rice,123
111,45,60,6,1400,30,50:26:26 NPK,75,Rice,124
104,40,55,7.5,1300,25,50:26:26 NPK,75,Rice,124
117,50,60,5.5,700,35,Urea,75,Rice,125
110,55,54,6,800,40,Urea,75,Rice,125
100,45,40,6.5,1300,25,Urea,75,Rice,123
111,45,40,6.5,1300,25,Urea,75,Rice,124
95,55,60,6,1200,35,50:26:26 NPK,75,Rice,123
87,60,50,7.5,1100,30,50:26:26 NPK,75,Rice,122
26,20,35,6,1000,30,50:26:26 NPK,75,Rice,128
96,60,50,7.5,1100,30,50:26:26 NPK,75,Rice,122
100,48,45,7,1400,30,Urea,75,Rice,122
83,45,60,6,1400,30,50:26:26 NPK,75,Rice,123
103,60,60,6,1400,30,Urea,75,Rice,124
94,55,50,7.5,1500,35,Urea,75,Rice,123
100,60,40,6.5,1300,25,50:26:26 NPK,75,Rice,124
99,45,40,6.5,1300,25,Urea,75,Rice,123
89,50,45,7,1400,30,Urea,75,Rice,122
85,45,54,7.5,1500,35,Urea,75,Rice,124
120,46,54,7.5,1500,35,Urea,75,Rice,124
115,41,43,6.396242019,1000,25,MOP,75,Rice,124
82,40,50,7,1400,30,Urea,75,Rice,123
98,50,60,6,1000,25,Urea,75,Rice,123
108,55,60,6,1200,35,50:26:26 NPK,75,Rice,124
96,55,45,7,1000,25,50:26:26 NPK,75,Rice,123
80,42,57,6.224440572,1200,35,Urea,75,Rice,123
111,45,60,6,1400,30,50:26:26 NPK,75,Rice,124
102,45,50,7,1000,25,50:26:26 NPK,75,Rice,122
111,40,55,7.5,1300,25,50:26:26 NPK,75,Rice,124
85,60,55,6,1000,20,Urea,75,Rice,124
100,55,50,7.5,1500,35,Urea,75,Rice,124
115,60,59,6.5,900,35,Urea,75,Rice,125
87,50,45,7,1400,30,Urea,75,Rice,122
84,50,45,7,1400,30,Urea,75,Rice,122
33,20,34,6.05562596,1000,30,50:26:26 NPK,75,Rice,128
110,50,55,5.5,700,40,50:26:26 NPK,75,Rice,125
114,45,60,6,1400,30,50:26:26 NPK,75,Rice,124
90,46,44,6.5,1100,30,Urea,75,Rice,121
103,60,40,6.5,1300,25,50:26:26 NPK,75,Rice,124
115,50,45,7,1400,30,Urea,75,Rice,123
120,60,55,6.5,900,35,Urea,75,Rice,125
27,22,29,6.204226607,800,30,Urea,75,Rice,129
81,46,46,7,1400,30,Urea,75,Rice,122
101,60,50,6.5,900,40,50:26:26 NPK,75,Rice,124
95,55,55,7.5,1300,25,Urea,75,Rice,123
115,55,52,6,800,40,Urea,75,Rice,125
115,60,59,6.5,900,35,Urea,75,Rice,125
118,55,55,6,800,40,Urea,75,Rice,126
110,51,46,7,1000,25,50:26:26 NPK,75,Rice,123
80,50,55,7.5,1100,30,50:26:26 NPK,75,Rice,122
109,55,55,6,800,40,Urea,75,Rice,125
102,40,40,6,1000,25,Urea,75,Rice,124
100,50,52,5.5,700,37,Hydrated Lime,75,Rice,124
92,45,40,6.5,1300,25,Urea,75,Rice,123
115,51,54,7.5,1100,30,50:26:26 NPK,75,Rice,122
81,60,55,6,1000,20,Urea,75,Rice,125
115,55,56,6,800,38,MOP,75,Rice,125
100,45,42,6.5,1500,35,50:26:26 NPK,75,Rice,124
83,40,55,7.5,1300,25,50:26:26 NPK,75,Rice,123
104,50,45,7,1400,30,Urea,75,Rice,122
25,21,33,6.101286989,1000,30,50:26:26 NPK,75,Rice,128
28,30,40,5.5,900,25,Urea,75,Rice,128
91,45,55,7.5,1500,35,Urea,75,Rice,123
29,19,38,6.0663529,900,25,Ammonium Sulphate,75,Rice,129
85,55,40,6.5,1300,25,Chilated Micronutrient,75,Rice,124
100,50,55,5.5,700,39,Ammonium Sulphate,75,Rice,124
30,21,33,6.151264269,1000,30,50:26:26 NPK,75,Rice,128
91,40,50,7,1400,30,Urea,75,Rice,122
101,50,60,6,1000,25,Urea,75,Rice,123
82,55,50,7.5,1500,35,Urea,75,Rice,124
109,60,50,7.5,1100,30,50:26:26 NPK,75,Rice,122
94,45,50,7,1000,25,50:26:26 NPK,75,Rice,122
110,40,45,6.5,1500,35,50:26:26 NPK,75,Rice,124
80,59,45,7,1200,35,Urea,75,Rice,123
87,40,55,7.5,1300,25,50:26:26 NPK,75,Rice,123
110,60,59,6.5,900,35,Urea,75,Rice,125
95,51,46,7,1000,25,50:26:26 NPK,75,Rice,122
86,60,60,6,1400,30,Urea,75,Rice,124
40,32,30,6.259977016,300,22,DAP,60,Soybean,118
44,35,22,6.5,400,25,SSP,60,Soybean,117
47,30,25,6,400,20,20:20:20 NPK,60,Soybean,118
50,30,26,6,300,20,SSP,60,Soybean,117
40,35,30,6.5,300,25,20:20:20 NPK,60,Soybean,117
60,40,25,7,300,30,SSP,60,Soybean,118
46,35,23,6.5,400,25,Sulphur,60,Soybean,116
55,30,20,6,300,20,Urea,60,Soybean,119
40,31,30,6.195956075,300,21,Ferrous Sulphate,60,Soybean,119
53,35,30,6.5,300,25,20:20:20 NPK,60,Soybean,117
52,40,25,7,300,30,SSP,60,Soybean,117
50,40,25,7,300,30,SSP,60,Soybean,117
52,40,26,7,300,30,SSP,60,Soybean,118
42,40,27,7,300,30,Sulphur,60,Soybean,118
54,30,25,6,400,20,20:20:20 NPK,60,Soybean,118
59,35,30,6.5,300,25,20:20:20 NPK,60,Soybean,117
58,31,23,6.148979726,400,21,Ammonium Sulphate,60,Soybean,118
42,32,30,6.238198862,300,22,DAP,60,Soybean,118
46,30,30,6,300,20,SSP,60,Soybean,118
48,40,20,7,400,30,20:20:20 NPK,60,Soybean,118
60,37,22,6.770326596,400,27,Ferrous Sulphate,60,Soybean,118
44,40,25,7,300,30,SSP,60,Soybean,118
47,30,20,6,300,20,Urea,60,Soybean,118
50,30,25,6,400,20,20:20:20 NPK,60,Soybean,117
45,30,30,6,300,20,SSP,60,Soybean,119
50,35,21,6.5,400,25,SSP,60,Soybean,116
40,38,21,6.826293296,400,28,Chilated Micronutrient,60,Soybean,118
56,35,20,6.5,400,25,SSP,60,Soybean,117
50,35,22,6.5,400,25,Sulphur,60,Soybean,116
58,30,20,6,300,20,Urea,60,Soybean,119
47,30,30,6,300,20,SSP,60,Soybean,118
44,40,25,7,300,30,SSP,60,Soybean,118
45,40,27,7,300,30,SSP,60,Soybean,118
55,30,20,6,300,20,Urea,60,Soybean,119
43,30,25,6,400,20,20:20:20 NPK,60,Soybean,118
58,35,25,6.5,400,25,Urea,60,Soybean,117
51,40,28,7,300,30,Sulphur,60,Soybean,118
42,40,27,7,300,30,Sulphur,60,Soybean,118
59,30,21,6,300,20,Sulphur,60,Soybean,119
57,40,27,7,300,30,Sulphur,60,Soybean,118
50,35,24,6.5,400,25,Sulphur,60,Soybean,116
45,40,28,7,300,30,Sulphur,60,Soybean,118
50,30,22,6,300,20,Sulphur,60,Soybean,118
54,35,24,6.5,400,25,Sulphur,60,Soybean,116
51,35,21,6.5,400,25,SSP,60,Soybean,117
60,31,30,6.173809607,300,21,Ferrous Sulphate,60,Soybean,119
50,35,20,6.5,400,25,SSP,60,Soybean,117
42,40,30,7,300,30,Urea,60,Soybean,119
50,35,30,6.5,300,25,20:20:20 NPK,60,Soybean,117
43,40,28,7,300,30,Sulphur,60,Soybean,118
45,40,25,7,300,30,SSP,60,Soybean,118
45,40,20,7,400,30,20:20:20 NPK,60,Soybean,119
41,40,30,7,300,30,Urea,60,Soybean,119
43,38,20,6.839208618,400,28,Ammonium Sulphate,60,Soybean,118
59,30,20,6,300,20,Urea,60,Soybean,119
57,40,27,7,300,30,Sulphur,60,Soybean,118
58,30,30,6,300,20,SSP,60,Soybean,119
49,30,20,6,300,20,Urea,60,Soybean,118
44,40,20,7,400,30,20:20:20 NPK,60,Soybean,119
46,30,25,6,400,20,20:20:20 NPK,60,Soybean,118
45,40,29,7,300,30,Sulphur,60,Soybean,118
41,30,20,6,300,20,Urea,60,Soybean,119
45,30,20,6,300,20,Sulphur,60,Soybean,118
50,32,22,6.298639041,400,22,Ferrous Sulphate,60,Soybean,117
44,40,25,7,300,30,SSP,60,Soybean,118
40,37,22,6.731704677,400,27,Ferrous Sulphate,60,Soybean,118
45,34,20,6.46202088,400,24,Magnesium Sulphate,60,Soybean,117
53,30,25,6,400,20,20:20:20 NPK,60,Soybean,118
46,35,30,6.5,300,25,20:20:20 NPK,60,Soybean,117
50,35,22,6.5,400,25,Sulphur,60,Soybean,116
52,35,20,6.5,400,25,SSP,60,Soybean,117
59,30,30,6,300,20,SSP,60,Soybean,119
46,30,20,6,300,20,Urea,60,Soybean,118
60,30,30,6.066558464,300,20,MOP,60,Soybean,119
48,35,21,6.5,400,25,SSP,60,Soybean,117
49,40,25,7,300,30,SSP,60,Soybean,117
48,30,25,6,400,20,20:20:20 NPK,60,Soybean,118
49,30,30,6,300,20,SSP,60,Soybean,118
51,35,20,6.5,400,25,SSP,60,Soybean,117
41,33,30,6.322926665,300,23,Chilated Micronutrient,60,Soybean,118
43,40,20,7,400,30,20:20:20 NPK,60,Soybean,119
41,30,20,6,300,20,Urea,60,Soybean,119
45,36,20,6.631297397,400,26,Hydrated Lime,60,Soybean,117
41,40,30,7,300,30,Urea,60,Soybean,119
47,35,30,6.5,300,25,20:20:20 NPK,60,Soybean,117
44,30,28,6,300,20,SSP,60,Soybean,118
40,40,30,7,300,30,Urea,60,Soybean,119
57,40,25,7,300,30,SSP,60,Soybean,118
53,35,20,6.5,400,25,SSP,60,Soybean,117
58,40,20,7,400,30,20:20:20 NPK,60,Soybean,119
55,40,27,7,300,30,SSP,60,Soybean,118
53,35,23,6.5,400,25,Sulphur,60,Soybean,116
53,30,30,6,300,20,SSP,60,Soybean,118
40,40,27,7,300,30,SSP,60,Soybean,118
52,35,22,6.5,400,25,Sulphur,60,Soybean,116
42,30,20,6,300,20,Urea,60,Soybean,119
55,32,25,6.278871133,400,22,Hydrated Lime,60,Soybean,117
57,35,22,6.5,400,25,SSP,60,Soybean,117
50,30,25,6,300,20,SSP,60,Soybean,117
56,35,21,6.5,400,25,SSP,60,Soybean,117
46,40,25,7,300,30,SSP,60,Soybean,118
54,40,29,7,300,30,Sulphur,60,Soybean,118
53,35,23,6.5,400,25,Sulphur,60,Soybean,116
51,35,23,6.5,400,25,Sulphur,60,Soybean,116
50,40,27,7,300,30,SSP,60,Soybean,118
45,40,26,7,300,30,SSP,60,Soybean,118
40,30,25,6,400,20,20:20:20 NPK,60,Soybean,118
49,35,30,6.5,300,25,20:20:20 NPK,60,Soybean,117
41,40,28,7,300,30,Sulphur,60,Soybean,119
58,30,23,6,300,20,Sulphur,60,Soybean,118
42,30,25,6,300,20,SSP,60,Soybean,118
59,40,25,7,300,30,SSP,60,Soybean,118
50,35,20,6.5,400,25,SSP,60,Soybean,117
60,39,25,6.902932443,300,29,MOP,60,Soybean,118
55,35,25,6.5,400,25,Urea,60,Soybean,116
40,30,30,6,300,20,SSP,60,Soybean,119
50,30,20,6,300,20,Sulphur,60,Soybean,118
55,35,24,6.5,400,25,Sulphur,60,Soybean,116
53,40,26,7,300,30,SSP,60,Soybean,118
40,30,25,6,400,20,20:20:20 NPK,60,Soybean,118
55,40,30,7,300,30,Urea,60,Soybean,119
45,30,25,6,300,20,SSP,60,Soybean,118
59,30,25,6,400,20,20:20:20 NPK,60,Soybean,118
40,39,20,6.997349997,400,29,20:20:20 NPK,60,Soybean,119
45,40,20,7,400,30,20:20:20 NPK,60,Soybean,119
52,40,25,7,300,30,SSP,60,Soybean,117
50,40,26,7,300,30,SSP,60,Soybean,117
41,40,20,7,400,30,20:20:20 NPK,60,Soybean,119
48,30,25,6,400,20,20:20:20 NPK,60,Soybean,118
47,40,20,7,400,30,20:20:20 NPK,60,Soybean,118
54,30,30,6,300,20,SSP,60,Soybean,119
58,30,30,6,300,20,SSP,60,Soybean,119
45,35,23,6.5,400,25,Sulphur,60,Soybean,116
60,30,30,6.016002967,300,20,Magnesium Sulphate,60,Soybean,119
47,30,27,6,300,20,SSP,60,Soybean,118
55,35,25,6.5,400,25,Urea,60,Soybean,116
43,35,21,6.5,400,25,SSP,60,Soybean,117
42,37,20,6.735079988,400,27,DAP,60,Soybean,118
43,40,25,7,300,30,SSP,60,Soybean,118
60,40,26,7,300,30,SSP,60,Soybean,118
49,30,20,6,300,20,Urea,60,Soybean,118
52,30,30,6,300,20,SSP,60,Soybean,118
45,35,20,6.5,400,25,SSP,60,Soybean,117
58,35,23,6.5,400,25,Sulphur,60,Soybean,117
42,30,30,6,300,20,SSP,60,Soybean,119
51,40,30,7,300,30,Urea,60,Soybean,118
52,40,25,7,300,30,SSP,60,Soybean,117
52,35,25,6.5,400,25,Urea,60,Soybean,116
60,32,25,6.27446099,400,22,Hydrated Lime,60,Soybean,118
57,30,30,6,300,20,SSP,60,Soybean,119
43,31,30,6.157714226,300,21,Hydrated Lime,60,Soybean,118
49,40,25,7,300,30,SSP,60,Soybean,117
54,40,25,7,300,30,SSP,60,Soybean,118
45,35,24,6.5,400,25,Sulphur,60,Soybean,116
55,35,20,6.5,400,25,SSP,60,Soybean,117
42,35,30,6.5,300,25,20:20:20 NPK,60,Soybean,117
60,33,30,6.303050941,300,23,Chilated Micronutrient,60,Soybean,118
48,40,25,7,300,30,SSP,60,Soybean,117
45,40,20,7,400,30,20:20:20 NPK,60,Soybean,119
44,30,20,6,300,20,Urea,60,Soybean,119
47,30,27,6,300,20,SSP,60,Soybean,118
55,40,27,7,300,30,SSP,60,Soybean,118
50,40,20,7,400,30,20:20:20 NPK,60,Soybean,118
40,30,30,6.004535262,300,20,Magnesium Sulphate,60,Soybean,119
40,35,23,6.5,400,25,Sulphur,60,Soybean,117
51,40,20,7,400,30,20:20:20 NPK,60,Soybean,118
40,40,25,7,300,30,SSP,60,Soybean,118
50,30,27,6,300,20,SSP,60,Soybean,118
50,30,24,6.024047322,400,20,20:20:20 NPK,60,Soybean,117
51,35,25,6.5,400,25,Urea,60,Soybean,116
60,39,25,6.913970444,300,29,MOP,60,Soybean,118
47,40,28,7,300,30,Sulphur,60,Soybean,118
47,35,20,6.5,400,25,SSP,60,Soybean,117
50,40,25,7,300,30,SSP,60,Soybean,117
59,30,25,6,400,20,20:20:20 NPK,60,Soybean,118
40,40,28,7,300,30,Sulphur,60,Soybean,119
56,30,25,6,400,20,20:20:20 NPK,60,Soybean,118
40,40,20,7,400,30,20:20:20 NPK,60,Soybean,119
60,40,26,7,300,30,SSP,60,Soybean,118
42,30,30,6,300,20,SSP,60,Soybean,119
48,40,20,7,400,30,20:20:20 NPK,60,Soybean,118
57,30,30,6,300,20,SSP,60,Soybean,119
47,35,25,6.5,400,25,Urea,60,Soybean,116
45,35,25,6.5,400,25,Urea,60,Soybean,116
56,30,20,6,300,20,Urea,60,Soybean,119
42,30,24,6,300,20,Sulphur,60,Soybean,118
57,40,30,7,300,30,Urea,60,Soybean,119
47,35,20,6.5,400,25,SSP,60,Soybean,117
48,30,25,6,400,20,20:20:20 NPK,60,Soybean,118
41,35,23,6.5,400,25,Sulphur,60,Soybean,117
57,40,30,7,300,30,Urea,60,Soybean,119
55,30,29,6,300,20,SSP,60,Soybean,118
56,35,23,6.5,400,25,Sulphur,60,Soybean,117
52,40,30,7,300,30,Urea,60,Soybean,118
47,35,22,6.5,400,25,SSP,60,Soybean,116
45,38,20,6.833592107,400,28,Ammonium Sulphate,60,Soybean,118
43,35,21,6.5,400,25,SSP,60,Soybean,117
43,35,21,6.5,400,25,SSP,60,Soybean,117
46,35,30,6.5,300,25,20:20:20 NPK,60,Soybean,117
50,35,20,6.5,400,25,SSP,60,Soybean,117
45,32,22,6.247711813,400,22,DAP,60,Soybean,118
47,35,21,6.5,400,25,SSP,60,Soybean,117
52,35,22,6.5,400,25,Sulphur,60,Soybean,116
50,40,25,7,300,30,SSP,60,Soybean,117
40,36,20,6.62379844,400,26,Hydrated Lime,60,Soybean,118
51,30,25,6,400,20,20:20:20 NPK,60,Soybean,117
58,40,25,7,300,30,SSP,60,Soybean,118
50,35,20,6.5,400,25,SSP,60,Soybean,117
57,40,26,7,300,30,SSP,60,Soybean,118
43,36,20,6.642967959,400,26,Hydrated Lime,60,Soybean,118
57,35,30,6.5,300,25,20:20:20 NPK,60,Soybean,117
40,35,21,6.5,400,25,SSP,60,Soybean,117
50,35,20,6.5,400,25,SSP,60,Soybean,117
57,35,30,6.5,300,25,20:20:20 NPK,60,Soybean,117
53,35,30,6.5,300,25,20:20:20 NPK,60,Soybean,117
44,40,27,7,300,30,SSP,60,Soybean,118
40,30,26,6,300,20,SSP,60,Soybean,118
40,32,30,6.248855826,300,22,DAP,60,Soybean,118
57,35,22,6.5,400,25,Sulphur,60,Soybean,117
55,35,22,6.5,400,25,SSP,60,Soybean,117
40,32,30,6.204477589,300,22,Ferrous Sulphate,60,Soybean,118
53,40,20,7,400,30,20:20:20 NPK,60,Soybean,119
50,40,30,7,300,30,Urea,60,Soybean,118
50,30,24,6,300,20,Sulphur,60,Soybean,117
54,40,27,7,300,30,Sulphur,60,Soybean,118
43,40,30,7,300,30,Urea,60,Soybean,119
54,30,30,6,300,20,SSP,60,Soybean,119
48,30,30,6,300,20,SSP,60,Soybean,118
40,40,25,7,300,30,SSP,60,Soybean,118
43,40,28,7,300,30,Sulphur,60,Soybean,118
52,35,30,6.5,300,25,20:20:20 NPK,60,Soybean,117
42,30,25,6,300,20,SSP,60,Soybean,118
58,30,25,6,400,20,20:20:20 NPK,60,Soybean,118
51,40,25,7,300,30,SSP,60,Soybean,117
49,35,24,6.5,400,25,Sulphur,60,Soybean,116
51,35,30,6.5,300,25,20:20:20 NPK,60,Soybean,117
50,40,30,7,300,30,Urea,60,Soybean,118
51,35,20,6.5,400,25,SSP,60,Soybean,117
40,40,26,7,300,30,SSP,60,Soybean,118
47,30,20,6,300,20,Urea,60,Soybean,118
49,35,24,6.5,400,25,Sulphur,60,Soybean,116
40,35,24,6.540624739,400,25,Sulphur,60,Soybean,117
48,40,20,7,400,30,20:20:20 NPK,60,Soybean,118
50,35,30,6.5,300,25,20:20:20 NPK,60,Soybean,117
43,35,30,6.5,300,25,20:20:20 NPK,60,Soybean,117
57,35,30,6.5,300,25,20:20:20 NPK,60,Soybean,117
43,35,21,6.5,400,25,SSP,60,Soybean,117
45,30,25,6,400,20,20:20:20 NPK,60,Soybean,118
49,35,20,6.5,400,25,SSP,60,Soybean,117
51,35,30,6.5,300,25,20:20:20 NPK,60,Soybean,117
48,30,20,6,300,20,Urea,60,Soybean,118
40,35,24,6.544656901,400,25,Sulphur,60,Soybean,117
55,40,25,7,300,30,SSP,60,Soybean,118
42,40,30,7,300,30,Urea,60,Soybean,119
50,30,25,6,400,20,20:20:20 NPK,60,Soybean,117
58,40,25,7,300,30,SSP,60,Soybean,118
51,40,29,7,300,30,Sulphur,60,Soybean,118
41,38,20,6.833926794,400,28,Ammonium Sulphate,60,Soybean,118
56,40,20,7,400,30,20:20:20 NPK,60,Soybean,119
41,40,20,7,400,30,20:20:20 NPK,60,Soybean,119
40,36,23,6.696052803,400,26,Hydrated Lime,60,Soybean,117
41,40,28,7,300,30,Sulphur,60,Soybean,119
52,30,30,6,300,20,SSP,60,Soybean,118
55,40,26,7,300,30,SSP,60,Soybean,118
41,30,22,6,300,20,Sulphur,60,Soybean,118
56,35,23,6.5,400,25,Sulphur,60,Soybean,117
44,30,28,6,300,20,SSP,60,Soybean,118
55,40,27,7,300,30,Sulphur,60,Soybean,118
45,35,24,6.5,400,25,Sulphur,60,Soybean,116
44,40,29,7,300,30,Sulphur,60,Soybean,118
42,35,22,6.5,400,25,SSP,60,Soybean,117
60,32,30,6.259581511,300,22,DAP,60,Soybean,118
50,35,20,6.540772638,400,25,Magnesium Sulphate,60,Soybean,117
50,35,22,6.5,400,25,SSP,60,Soybean,116
59,30,20,6,300,20,Sulphur,60,Soybean,119
50,40,25,7,300,30,SSP,60,Soybean,117
53,35,30,6.5,300,25,20:20:20 NPK,60,Soybean,117
60,32,22,6.288815977,400,22,Ferrous Sulphate,60,Soybean,118
59,35,20,6.5,400,25,SSP,60,Soybean,117
49,40,25,7,300,30,SSP,60,Soybean,117
46,40,20,7,400,30,20:20:20 NPK,60,Soybean,119
55,36,20,6.609752146,400,26,MOP,60,Soybean,117
57,30,25,6,400,20,20:20:20 NPK,60,Soybean,118
41,40,25,7,300,30,SSP,60,Soybean,118
60,36,28,6.606340392,300,26,50:26:26 NPK,60,Soybean,117
47,35,20,6.5,400,25,SSP,60,Soybean,117
59,40,25,7,300,30,SSP,60,Soybean,118
45,40,27,7,300,30,SSP,60,Soybean,118
49,30,25,6,400,20,20:20:20 NPK,60,Soybean,117
40,30,28,6,300,20,SSP,60,Soybean,119
60,37,20,6.732465141,400,27,DAP,60,Soybean,118
49,35,20,6.5,400,25,SSP,60,Soybean,117
47,30,30,6,300,20,SSP,60,Soybean,118
56,40,20,7,400,30,20:20:20 NPK,60,Soybean,119
50,31,23,6.198659058,400,21,Chilated Micronutrient,60,Soybean,117
52,35,22,6.5,400,25,SSP,60,Soybean,116
52,40,20,7,400,30,20:20:20 NPK,60,Soybean,118
60,38,20,6.8253065,400,28,Chilated Micronutrient,60,Soybean,119
57,30,25,6,400,20,20:20:20 NPK,60,Soybean,118
53,35,20,6.5,400,25,SSP,60,Soybean,117
40,40,28,7,300,30,Sulphur,60,Soybean,119
45,30,30,6,300,20,SSP,60,Soybean,119
49,30,30,6,300,20,SSP,60,Soybean,118
40,38,20,6.85297766,400,28,Ammonium Sulphate,60,Soybean,118
46,35,21,6.5,400,25,SSP,60,Soybean,117
42,30,25,6,400,20,20:20:20 NPK,60,Soybean,118
42,32,30,6.232772054,300,22,DAP,60,Soybean,118
42,37,20,6.759456026,400,27,DAP,60,Soybean,118
52,30,20,6,300,20,Urea,60,Soybean,118
58,40,28,7,300,30,Sulphur,60,Soybean,119
45,35,20,6.5,400,25,SSP,60,Soybean,117
56,40,25,7,300,30,SSP,60,Soybean,118
40,35,20,6.5,400,25,SSP,60,Soybean,118
43,30,30,6,300,20,SSP,60,Soybean,119
45,30,27,6,300,20,SSP,60,Soybean,118
60,40,29,7,300,30,Sulphur,60,Soybean,119
52,35,25,6.5,400,25,Urea,60,Soybean,116
60,34,25,6.400374886,400,24,Magnesium Sulphate,60,Soybean,117
49,30,20,6,300,20,Urea,60,Soybean,118
55,35,20,6.58010557,400,25,MOP,60,Soybean,117
50,34,20,6.43349688,400,24,MOP,60,Soybean,117
52,35,30,6.5,300,25,20:20:20 NPK,60,Soybean,117
47,40,27,7,300,30,SSP,60,Soybean,118
52,35,30,6.5,300,25,20:20:20 NPK,60,Soybean,117
41,30,20,6,300,20,Urea,60,Soybean,119
42,37,20,6.74724606,400,27,DAP,60,Soybean,118
57,35,22,6.5,400,25,SSP,60,Soybean,117
50,38,20,6.830364377,400,28,Chilated Micronutrient,60,Soybean,118
60,35,22,6.5,400,25,Sulphur,60,Soybean,117
54,35,25,6.5,400,25,Urea,60,Soybean,116
42,30,24,6,300,20,Sulphur,60,Soybean,118
45,30,27,6,300,20,SSP,60,Soybean,118
60,34,25,6.402657484,400,24,Magnesium Sulphate,60,Soybean,117
50,40,20,7,400,30,20:20:20 NPK,60,Soybean,118
56,35,21,6.5,400,25,SSP,60,Soybean,117
45,40,29,7,300,30,Sulphur,60,Soybean,118
49,40,20,7,400,30,20:20:20 NPK,60,Soybean,118
60,35,20,6.527795137,400,25,Magnesium Sulphate,60,Soybean,118
41,30,30,6,300,20,SSP,60,Soybean,119
44,40,30,7,300,30,Urea,60,Soybean,119
53,33,30,6.338004969,300,23,Ammonium Sulphate,60,Soybean,118
49,30,30,6,300,20,SSP,60,Soybean,118
46,30,30,6,300,20,SSP,60,Soybean,118
51,35,30,6.5,300,25,20:20:20 NPK,60,Soybean,117
51,40,25,7,300,30,SSP,60,Soybean,117
51,35,30,6.5,300,25,20:20:20 NPK,60,Soybean,117
51,35,24,6.5,400,25,Sulphur,60,Soybean,116
43,30,30,6,300,20,SSP,60,Soybean,119
51,30,30,6,300,20,SSP,60,Soybean,118
44,30,30,6.044687998,300,20,Magnesium Sulphate,60,Soybean,119
45,33,21,6.312380636,400,23,Ferrous Sulphate,60,Soybean,117
51,35,30,6.5,300,25,20:20:20 NPK,60,Soybean,117
59,40,25,7,300,30,SSP,60,Soybean,118
60,31,25,6.181529606,400,21,Chilated Micronutrient,60,Soybean,118
40,30,29,6,300,20,SSP,60,Soybean,119
46,30,25,6,400,20,20:20:20 NPK,60,Soybean,118
58,40,20,7,400,30,20:20:20 NPK,60,Soybean,119
40,36,20,6.613082738,400,26,Hydrated Lime,60,Soybean,118
43,33,30,6.318621053,300,23,Chilated Micronutrient,60,Soybean,118
40,30,25,6,400,20,20:20:20 NPK,60,Soybean,118
56,35,21,6.5,400,25,SSP,60,Soybean,117
49,40,30,7,300,30,Urea,60,Soybean,118
57,30,30,6,300,20,SSP,60,Soybean,119
45,40,25,7,300,30,SSP,60,Soybean,118
47,35,22,6.5,400,25,Sulphur,60,Soybean,116
55,30,20,6,300,20,Sulphur,60,Soybean,119
47,30,30,6,300,20,SSP,60,Soybean,118
55,40,29,7,300,30,Sulphur,60,Soybean,118
45,35,22,6.5,400,25,Sulphur,60,Soybean,117
52,40,20,7,400,30,20:20:20 NPK,60,Soybean,118
56,30,20,6,300,20,Urea,60,Soybean,119
56,35,21,6.5,400,25,SSP,60,Soybean,117
60,37,20,6.798724978,400,27,Chilated Micronutrient,60,Soybean,118
40,38,20,6.890988446,400,28,50:26:26 NPK,60,Soybean,118
46,40,20,7,400,30,20:20:20 NPK,60,Soybean,119
42,37,20,6.789148033,400,27,Chilated Micronutrient,60,Soybean,118
54,35,20,6.5,400,25,SSP,60,Soybean,117
50,35,20,6.549713849,400,25,Magnesium Sulphate,60,Soybean,117
40,36,20,6.654389071,400,26,Hydrated Lime,60,Soybean,118
45,35,21,6.5,400,25,SSP,60,Soybean,117
44,35,20,6.5,400,25,SSP,60,Soybean,117
45,40,25,7,300,30,SSP,60,Soybean,118
45,35,20,6.5,400,25,SSP,60,Soybean,117
50,32,30,6.250954623,300,22,DAP,60,Soybean,118
49,40,25,7,300,30,SSP,60,Soybean,117
55,32,30,6.297375956,300,22,Chilated Micronutrient,60,Soybean,118
55,30,20,6,300,20,Urea,60,Soybean,119
52,30,30,6,300,20,SSP,60,Soybean,118
50,35,24,6.5,400,25,Sulphur,60,Soybean,116
45,34,30,6.429990731,300,24,50:26:26 NPK,60,Soybean,117
41,40,30,7,300,30,Urea,60,Soybean,119
43,35,20,6.5,400,25,SSP,60,Soybean,117
52,30,20,6,300,20,Urea,60,Soybean,118
40,35,23,6.5,400,25,Sulphur,60,Soybean,117
40,35,21,6.5,400,25,SSP,60,Soybean,117
57,30,20,6,300,20,Urea,60,Soybean,119
45,35,22,6.5,400,25,SSP,60,Soybean,117
51,30,25,6,400,20,20:20:20 NPK,60,Soybean,117
42,35,22,6.5,400,25,Sulphur,60,Soybean,117
46,35,30,6.5,300,25,20:20:20 NPK,60,Soybean,117
57,35,20,6.5,400,25,SSP,60,Soybean,117
56,40,26,7,300,30,SSP,60,Soybean,118
60,35,24,6.5,400,25,Sulphur,60,Soybean,117
49,40,30,7,300,30,Urea,60,Soybean,118
59,35,24,6.5,400,25,Sulphur,60,Soybean,117
52,40,20,7,400,30,20:20:20 NPK,60,Soybean,118
40,30,20,6,300,20,Sulphur,60,Soybean,119
49,35,20,6.5,400,25,SSP,60,Soybean,117
57,35,20,6.5,400,25,SSP,60,Soybean,117
50,35,25,6.5,400,25,Urea,60,Soybean,116
58,30,20,6,300,20,Urea,60,Soybean,119
53,30,30,6,300,20,SSP,60,Soybean,118
59,40,29,7,300,30,Sulphur,60,Soybean,119
48,30,30,6,300,20,SSP,60,Soybean,118
55,40,25,7,300,30,SSP,60,Soybean,118
59,35,25,6.5,400,25,Urea,60,Soybean,117
57,35,30,6.5,300,25,20:20:20 NPK,60,Soybean,117
43,30,20,6,300,20,Urea,60,Soybean,119
60,32,25,6.269921389,400,22,Ferrous Sulphate,60,Soybean,118
60,35,29,6.581006939,300,25,50:26:26 NPK,60,Soybean,117
54,35,25,6.5,400,25,Urea,60,Soybean,116
55,30,28,6,300,20,SSP,60,Soybean,118
45,30,25,6,400,20,20:20:20 NPK,60,Soybean,118
59,35,25,6.5,400,25,Urea,60,Soybean,117
48,35,20,6.5,400,25,SSP,60,Soybean,117
55,32,25,6.237118654,400,22,Ferrous Sulphate,60,Soybean,117
60,31,25,6.172191866,400,21,Chilated Micronutrient,60,Soybean,118
50,35,21,6.5,400,25,SSP,60,Soybean,116
55,40,27,7,300,30,SSP,60,Soybean,118
51,35,30,6.5,300,25,20:20:20 NPK,60,Soybean,117
52,35,20,6.5,400,25,SSP,60,Soybean,117
50,40,27,7,300,30,SSP,60,Soybean,118
44,30,29,6,300,20,SSP,60,Soybean,118
50,40,25,7,300,30,SSP,60,Soybean,117
49,30,30,6,300,20,SSP,60,Soybean,118
50,40,30,7,300,30,Urea,60,Soybean,118
40,39,20,6.997373091,400,29,20:20:20 NPK,60,Soybean,119
53,30,20,6,300,20,Urea,60,Soybean,118
56,30,23,6,300,20,Sulphur,60,Soybean,118
55,40,29,7,300,30,Sulphur,60,Soybean,118
49,40,30,7,300,30,Urea,60,Soybean,118
45,40,26,7,300,30,SSP,60,Soybean,118
51,40,30,7,300,30,Urea,60,Soybean,118
42,32,30,6.239349666,300,22,DAP,60,Soybean,118
59,30,29,6,300,20,SSP,60,Soybean,119
55,30,29,6,300,20,SSP,60,Soybean,118
42,35,30,6.5,300,25,20:20:20 NPK,60,Soybean,117
41,35,25,6.5,400,25,Urea,60,Soybean,117
60,33,30,6.379517923,300,23,Ammonium Sulphate,60,Soybean,118
46,30,25,6,400,20,20:20:20 NPK,60,Soybean,118
43,30,30,6,300,20,SSP,60,Soybean,119
59,35,24,6.5,400,25,Sulphur,60,Soybean,117
49,40,20,7,400,30,20:20:20 NPK,60,Soybean,118
40,33,30,6.32333246,300,23,Chilated Micronutrient,60,Soybean,118
40,36,23,6.653412394,400,26,MOP,60,Soybean,117
55,40,25,7,300,30,SSP,60,Soybean,118
58,30,20,6,300,20,Urea,60,Soybean,119
40,34,30,6.477917281,300,24,20:20:20 NPK,60,Soybean,118
47,30,30,6,300,20,SSP,60,Soybean,118
54,40,20,7,400,30,20:20:20 NPK,60,Soybean,119
55,35,22,6.5,400,25,SSP,60,Soybean,117
42,35,20,6.5,400,25,SSP,60,Soybean,117
48,35,23,6.5,400,25,Sulphur,60,Soybean,116
59,40,25,7,300,30,SSP,60,Soybean,118
58,30,22,6,300,20,Sulphur,60,Soybean,118
40,35,25,6.5,400,25,Urea,60,Soybean,117
60,30,25,6.057641011,400,20,50:26:26 NPK,60,Soybean,118
55,35,22,6.5,400,25,Sulphur,60,Soybean,117
40,30,22,6,300,20,Sulphur,60,Soybean,119
47,30,30,6,300,20,SSP,60,Soybean,118
50,30,20,6,300,20,Urea,60,Soybean,118
47,40,27,7,300,30,Sulphur,60,Soybean,118
42,37,20,6.738782712,400,27,DAP,60,Soybean,118
41,40,30,7,300,30,Urea,60,Soybean,119
46,35,25,6.5,400,25,Urea,60,Soybean,116
60,30,26,6,300,20,SSP,60,Soybean,118
52,30,25,6,300,20,SSP,60,Soybean,117
52,40,27,7,300,30,Sulphur,60,Soybean,118
53,30,20,6,300,20,Urea,60,Soybean,118
55,37,20,6.734867434,400,27,DAP,60,Soybean,118
52,40,20,7,400,30,20:20:20 NPK,60,Soybean,118
44,40,25,7,300,30,SSP,60,Soybean,118
50,32,30,6.21378612,300,22,Ferrous Sulphate,60,Soybean,118
54,40,29,7,300,30,Sulphur,60,Soybean,118
49,40,20,7,400,30,20:20:20 NPK,60,Soybean,118
51,30,25,6,400,20,20:20:20 NPK,60,Soybean,117
60,33,21,6.368927883,400,23,Hydrated Lime,60,Soybean,118
57,40,30,7,300,30,Urea,60,Soybean,119
42,35,25,6.5,400,25,Urea,60,Soybean,116
54,40,29,7,300,30,Sulphur,60,Soybean,118
52,35,20,6.5,400,25,SSP,60,Soybean,117
47,30,25,6,400,20,20:20:20 NPK,60,Soybean,118
44,40,30,7,300,30,Urea,60,Soybean,119
40,30,29,6,300,20,SSP,60,Soybean,119
50,35,20,6.5,400,25,SSP,60,Soybean,117
50,40,28,7,300,30,Sulphur,60,Soybean,118
54,35,24,6.5,400,25,Sulphur,60,Soybean,116
59,34,30,6.464985147,300,24,20:20:20 NPK,60,Soybean,118
60,39,20,6.995257283,400,29,20:20:20 NPK,60,Soybean,119
45,40,29,7,300,30,Sulphur,60,Soybean,118
45,40,29,7,300,30,Sulphur,60,Soybean,118
49,30,25,6,400,20,20:20:20 NPK,60,Soybean,117
55,35,25,6.5,400,25,Urea,60,Soybean,116
45,35,22,6.5,400,25,Sulphur,60,Soybean,117
56,30,27,6,300,20,SSP,60,Soybean,118
56,40,28,7,300,30,Sulphur,60,Soybean,118
50,30,20,6,300,20,Sulphur,60,Soybean,118
43,40,30,7,300,30,Urea,60,Soybean,119
50,35,22,6.5,400,25,Sulphur,60,Soybean,116
43,35,30,6.5,300,25,20:20:20 NPK,60,Soybean,117
59,40,25,7,300,30,SSP,60,Soybean,118
49,30,20,6,300,20,Urea,60,Soybean,118
41,40,28,7,300,30,Sulphur,60,Soybean,119
49,40,25,7,300,30,SSP,60,Soybean,117
52,35,30,6.5,300,25,20:20:20 NPK,60,Soybean,117
45,30,25,6,300,20,SSP,60,Soybean,118
40,33,30,6.361367177,300,23,Ammonium Sulphate,60,Soybean,118
55,35,20,6.5,400,25,SSP,60,Soybean,117
44,30,20,6,300,20,Urea,60,Soybean,119
45,34,30,6.445266201,300,24,20:20:20 NPK,60,Soybean,117
56,40,25,7,300,30,SSP,60,Soybean,118
54,35,30,6.5,300,25,20:20:20 NPK,60,Soybean,117
55,34,20,6.478207849,400,24,Magnesium Sulphate,60,Soybean,117
60,35,21,6.5,400,25,SSP,60,Soybean,117
60,31,25,6.129491326,400,21,Ammonium Sulphate,60,Soybean,118
45,40,27,7,300,30,SSP,60,Soybean,118
45,30,30,6,300,20,SSP,60,Soybean,119
40,40,25,7,300,30,SSP,60,Soybean,118
55,36,20,6.699600777,400,26,Ferrous Sulphate,60,Soybean,117
59,30,20,6,300,20,Urea,60,Soybean,119
40,35,30,6.5,300,25,20:20:20 NPK,60,Soybean,117
60,38,26,6.871676411,300,28,Hydrated Lime,60,Soybean,118
45,35,30,6.5,300,25,20:20:20 NPK,60,Soybean,117
49,30,30,6,300,20,SSP,60,Soybean,118
51,40,20,7,400,30,20:20:20 NPK,60,Soybean,118
53,38,20,6.884715402,400,28,Ammonium Sulphate,60,Soybean,118
50,30,30,6.084678741,300,20,MOP,60,Soybean,118
50,40,29,7,300,30,Sulphur,60,Soybean,118
55,30,20,6,300,20,Sulphur,60,Soybean,119
53,30,25,6,400,20,20:20:20 NPK,60,Soybean,118
45,40,29,7,300,30,Sulphur,60,Soybean,118
45,35,24,6.5,400,25,Sulphur,60,Soybean,116
50,34,20,6.413102848,400,24,MOP,60,Soybean,117
55,40,29,7,300,30,Sulphur,60,Soybean,118
58,35,30,6.5,300,25,20:20:20 NPK,60,Soybean,117
51,40,30,7,300,30,Urea,60,Soybean,118
60,30,25,6,300,20,SSP,60,Soybean,118
45,40,20,7,400,30,20:20:20 NPK,60,Soybean,119
52,40,20,7,400,30,20:20:20 NPK,60,Soybean,118
50,38,20,6.869883316,400,28,Ammonium Sulphate,60,Soybean,118
42,37,20,6.742376038,400,27,DAP,60,Soybean,118
45,40,27,7,300,30,Sulphur,60,Soybean,118
50,35,30,6.5,300,25,20:20:20 NPK,60,Soybean,117
44,30,20,6,300,20,Urea,60,Soybean,119
42,35,22,6.5,400,25,Sulphur,60,Soybean,117
56,30,25,6,400,20,20:20:20 NPK,60,Soybean,118
43,40,20,7,400,30,20:20:20 NPK,60,Soybean,119
54,35,30,6.5,300,25,20:20:20 NPK,60,Soybean,117
55,35,20,6.5,400,25,SSP,60,Soybean,117
41,30,25,6,400,20,20:20:20 NPK,60,Soybean,118
57,35,30,6.5,300,25,20:20:20 NPK,60,Soybean,117
41,38,20,6.804415117,400,28,Chilated Micronutrient,60,Soybean,118
53,30,20,6,300,20,Urea,60,Soybean,118
47,35,22,6.5,400,25,SSP,60,Soybean,116
55,35,20,6.5,400,25,SSP,60,Soybean,117
50,35,20,6.5,400,25,SSP,60,Soybean,117
54,40,29,7,300,30,Sulphur,60,Soybean,118
56,30,20,6,300,20,Urea,60,Soybean,119
45,30,25,6,400,20,20:20:20 NPK,60,Soybean,118
51,35,23,6.5,400,25,Sulphur,60,Soybean,116
41,30,25,6,400,20,20:20:20 NPK,60,Soybean,118
41,30,27,6,300,20,SSP,60,Soybean,118
55,39,20,6.99745893,400,29,20:20:20 NPK,60,Soybean,118
46,35,20,6.5,400,25,SSP,60,Soybean,117
49,30,25,6,400,20,20:20:20 NPK,60,Soybean,117
47,35,22,6.5,400,25,Sulphur,60,Soybean,116
49,35,25,6.5,400,25,Urea,60,Soybean,116
45,40,25,7,300,30,SSP,60,Soybean,118
59,40,29,7,300,30,Sulphur,60,Soybean,119
50,40,25,7,300,30,SSP,60,Soybean,117
60,35,24,6.5,400,25,Sulphur,60,Soybean,117
55,34,20,6.441453135,400,24,MOP,60,Soybean,117
52,35,22,6.5,400,25,Sulphur,60,Soybean,116
60,35,24,6.5,400,25,Sulphur,60,Soybean,117
45,40,25,7,300,30,SSP,60,Soybean,118
55,36,20,6.668943995,400,26,Ferrous Sulphate,60,Soybean,117
55,40,27,7,300,30,Sulphur,60,Soybean,118
55,40,29,7,300,30,Sulphur,60,Soybean,118
43,35,20,6.5,400,25,SSP,60,Soybean,117
45,32,25,6.260630156,400,22,Ferrous Sulphate,60,Soybean,117
45,35,20,6.5,400,25,SSP,60,Soybean,117
58,31,23,6.122642766,400,21,Ammonium Sulphate,60,Soybean,118
45,35,24,6.5,400,25,Sulphur,60,Soybean,116
60,40,25,7,300,30,SSP,60,Soybean,118
41,35,30,6.5,300,25,20:20:20 NPK,60,Soybean,117
60,30,22,6,300,20,Sulphur,60,Soybean,119
40,30,29,6,300,20,SSP,60,Soybean,119
54,40,29,7,300,30,Sulphur,60,Soybean,118
56,33,21,6.349495369,400,23,Hydrated Lime,60,Soybean,118
44,35,24,6.5,400,25,Sulphur,60,Soybean,116
48,35,24,6.5,400,25,Sulphur,60,Soybean,116
55,40,29,7,300,30,Sulphur,60,Soybean,118
54,40,20,7,400,30,20:20:20 NPK,60,Soybean,119
51,40,20,7,400,30,20:20:20 NPK,60,Soybean,118
50,35,20,6.5,400,25,SSP,60,Soybean,117
55,30,25,6,400,20,20:20:20 NPK,60,Soybean,118
41,30,20,6,300,20,Urea,60,Soybean,119
50,40,25,7,300,30,SSP,60,Soybean,117
40,30,20,6,300,20,Sulphur,60,Soybean,119
52,30,20,6,300,20,Urea,60,Soybean,118
56,30,27,6,300,20,SSP,60,Soybean,118
41,31,23,6.129344165,400,21,Ammonium Sulphate,60,Soybean,118
41,30,20,6,300,20,Urea,60,Soybean,119
55,40,25,7,300,30,SSP,60,Soybean,118
40,38,20,6.836783212,400,28,Ammonium Sulphate,60,Soybean,118
42,30,24,6,300,20,Sulphur,60,Soybean,118
54,40,25,7,300,30,SSP,60,Soybean,118
45,31,23,6.188347681,400,21,Chilated Micronutrient,60,Soybean,118
40,30,30,6,300,20,SSP,60,Soybean,119
50,35,20,6.59066029,400,25,MOP,60,Soybean,117
40,35,20,6.5,400,25,SSP,60,Soybean,118
52,30,30,6,300,20,SSP,60,Soybean,118
60,35,29,6.509213859,300,25,20:20:20 NPK,60,Soybean,117
45,35,22,6.5,400,25,Sulphur,60,Soybean,117
45,30,30,6,300,20,SSP,60,Soybean,119
48,35,21,6.5,400,25,SSP,60,Soybean,117
41,35,20,6.5,400,25,SSP,60,Soybean,117
56,30,30,6,300,20,SSP,60,Soybean,119
43,35,30,6.5,300,25,20:20:20 NPK,60,Soybean,117
49,30,20,6,300,20,Urea,60,Soybean,118
51,40,30,7,300,30,Urea,60,Soybean,118
54,40,25,7,300,30,SSP,60,Soybean,118
49,30,30,6,300,20,SSP,60,Soybean,118
47,30,30,6,300,20,SSP,60,Soybean,118
52,40,30,7,300,30,Urea,60,Soybean,118
55,35,22,6.5,400,25,Sulphur,60,Soybean,117
54,35,24,6.5,400,25,Sulphur,60,Soybean,116
40,35,25,6.5,400,25,Urea,60,Soybean,117
59,40,20,7,400,30,20:20:20 NPK,60,Soybean,119
45,30,20,6,300,20,Urea,60,Soybean,118
55,33,25,6.338026129,400,23,MOP,60,Soybean,117
57,35,25,6.5,400,25,Urea,60,Soybean,116
40,36,23,6.676213178,400,26,MOP,60,Soybean,117
47,35,22,6.5,400,25,SSP,60,Soybean,116
51,40,26,7,300,30,SSP,60,Soybean,118
45,30,25,6,400,20,20:20:20 NPK,60,Soybean,118
50,34,20,6.410756474,400,24,MOP,60,Soybean,117
48,30,20,6,300,20,Urea,60,Soybean,118
46,30,25,6,400,20,20:20:20 NPK,60,Soybean,118
41,30,27,6,300,20,SSP,60,Soybean,118
40,40,25,7,300,30,SSP,60,Soybean,118
50,30,24,6.079469142,400,20,50:26:26 NPK,60,Soybean,117
52,30,30,6,300,20,SSP,60,Soybean,118
50,30,30,6.027848183,300,20,Magnesium Sulphate,60,Soybean,118
40,35,29,6.55109681,300,25,20:20:20 NPK,60,Soybean,117
40,35,20,6.572895113,400,25,MOP,60,Soybean,118
57,35,20,6.5,400,25,SSP,60,Soybean,117
45,40,25,7,300,30,SSP,60,Soybean,118
47,35,30,6.5,300,25,20:20:20 NPK,60,Soybean,117
51,40,25,7,300,30,SSP,60,Soybean,117
41,30,30,6,300,20,SSP,60,Soybean,119
53,33,30,6.384973158,300,23,Ammonium Sulphate,60,Soybean,118
48,30,30,6,300,20,SSP,60,Soybean,118
59,40,25,7,300,30,SSP,60,Soybean,118
55,30,20,6,300,20,Urea,60,Soybean,119
49,30,30,6,300,20,SSP,60,Soybean,118
57,40,20,7,400,30,20:20:20 NPK,60,Soybean,119
44,35,30,6.5,300,25,20:20:20 NPK,60,Soybean,117
44,40,25,7,300,30,SSP,60,Soybean,118
49,30,30,6,300,20,SSP,60,Soybean,118
58,35,20,6.5,400,25,SSP,60,Soybean,117
40,35,22,6.5,400,25,SSP,60,Soybean,117
60,31,25,6.155975995,400,21,Chilated Micronutrient,60,Soybean,118
48,35,25,6.5,400,25,Urea,60,Soybean,116
48,40,28,7,300,30,Sulphur,60,Soybean,118
56,30,25,6,400,20,20:20:20 NPK,60,Soybean,118
42,30,30,6,300,20,SSP,60,Soybean,119
44,30,30,6,300,20,SSP,60,Soybean,119
53,35,23,6.5,400,25,Sulphur,60,Soybean,116
54,40,25,7,300,30,SSP,60,Soybean,118
52,35,25,6.5,400,25,Urea,60,Soybean,116
47,30,20,6,300,20,Urea,60,Soybean,118
51,35,30,6.5,300,25,20:20:20 NPK,60,Soybean,117
45,35,21,6.5,400,25,SSP,60,Soybean,117
50,30,20,6,300,20,Urea,60,Soybean,118
60,30,21,6,300,20,Sulphur,60,Soybean,119
57,40,25,7,300,30,SSP,60,Soybean,118
60,32,25,6.265177197,400,22,Ferrous Sulphate,60,Soybean,118
40,35,29,6.508930946,300,25,20:20:20 NPK,60,Soybean,117
47,35,21,6.5,400,25,SSP,60,Soybean,117
56,30,20,6,300,20,Urea,60,Soybean,119
59,35,30,6.5,300,25,20:20:20 NPK,60,Soybean,117
54,40,30,7,300,30,Urea,60,Soybean,119
45,30,24,6.092729437,400,20,50:26:26 NPK,60,Soybean,118
52,35,30,6.5,300,25,20:20:20 NPK,60,Soybean,117
55,40,25,7,300,30,SSP,60,Soybean,118
47,30,25,6,400,20,20:20:20 NPK,60,Soybean,118
58,40,20,7,400,30,20:20:20 NPK,60,Soybean,119
48,35,20,6.5,400,25,SSP,60,Soybean,117
55,30,25,6,300,20,SSP,60,Soybean,118
40,35,21,6.5,400,25,SSP,60,Soybean,117
59,30,24,6.080412735,400,20,50:26:26 NPK,60,Soybean,118
50,36,20,6.674240267,400,26,Ferrous Sulphate,60,Soybean,117
48,35,21,6.5,400,25,SSP,60,Soybean,117
54,40,20,7,400,30,20:20:20 NPK,60,Soybean,119
42,30,25,6,400,20,20:20:20 NPK,60,Soybean,118
45,30,29,6,300,20,SSP,60,Soybean,118
58,35,20,6.5,400,25,SSP,60,Soybean,117
42,35,22,6.5,400,25,Sulphur,60,Soybean,117
48,40,25,7,300,30,SSP,60,Soybean,117
58,40,26,7,300,30,SSP,60,Soybean,118
40,35,20,6.512650074,400,25,Magnesium Sulphate,60,Soybean,118
40,40,26,7,300,30,SSP,60,Soybean,118
51,30,25,6,400,20,20:20:20 NPK,60,Soybean,117
46,35,30,6.5,300,25,20:20:20 NPK,60,Soybean,117
55,35,20,6.523675681,400,25,Magnesium Sulphate,60,Soybean,117
59,35,30,6.5,300,25,20:20:20 NPK,60,Soybean,117
51,40,26,7,300,30,SSP,60,Soybean,118
60,33,25,6.37458082,400,23,Magnesium Sulphate,60,Soybean,117
50,39,20,6.927038963,400,29,50:26:26 NPK,60,Soybean,118
58,30,21,6,300,20,Sulphur,60,Soybean,119
45,35,22,6.5,400,25,Sulphur,60,Soybean,117
60,34,30,6.490816182,300,24,20:20:20 NPK,60,Soybean,118
50,40,27,7,300,30,SSP,60,Soybean,118
41,40,28,7,300,30,Sulphur,60,Soybean,119
41,30,30,6,300,20,SSP,60,Soybean,119
55,36,20,6.612097632,400,26,Hydrated Lime,60,Soybean,117
40,40,30,7,300,30,Urea,60,Soybean,119
49,35,24,6.5,400,25,Sulphur,60,Soybean,116
45,32,30,6.232878897,300,22,DAP,60,Soybean,118
49,35,20,6.5,400,25,SSP,60,Soybean,117
54,35,25,6.5,400,25,Urea,60,Soybean,116
54,35,20,6.5,400,25,SSP,60,Soybean,117
56,30,30,6,300,20,SSP,60,Soybean,119
53,40,20,7,400,30,20:20:20 NPK,60,Soybean,119
55,40,29,7,300,30,Sulphur,60,Soybean,118
57,35,30,6.5,300,25,20:20:20 NPK,60,Soybean,117
51,40,20,7,400,30,20:20:20 NPK,60,Soybean,118
58,30,30,6,300,20,SSP,60,Soybean,119
50,40,25,7,300,30,SSP,60,Soybean,117
56,40,25,7,300,30,SSP,60,Soybean,118
50,40,25,7,300,30,SSP,60,Soybean,117
59,40,20,7,400,30,20:20:20 NPK,60,Soybean,119
44,30,25,6,400,20,20:20:20 NPK,60,Soybean,118
45,30,25,6,300,20,SSP,60,Soybean,118
53,40,30,7,300,30,Urea,60,Soybean,118
53,35,20,6.5,400,25,SSP,60,Soybean,117
53,38,20,6.850582057,400,28,Ammonium Sulphate,60,Soybean,118
49,30,20,6,300,20,Urea,60,Soybean,118
55,30,20,6,300,20,Sulphur,60,Soybean,119
58,40,20,7,400,30,20:20:20 NPK,60,Soybean,119
47,30,30,6,300,20,SSP,60,Soybean,118
58,30,23,6,300,20,Sulphur,60,Soybean,118
52,40,20,7,400,30,20:20:20 NPK,60,Soybean,118
43,35,23,6.5,400,25,Sulphur,60,Soybean,117
40,35,22,6.5,400,25,SSP,60,Soybean,117
54,35,30,6.5,300,25,20:20:20 NPK,60,Soybean,117
58,35,23,6.5,400,25,Sulphur,60,Soybean,117
44,30,24,6,300,20,Sulphur,60,Soybean,118
40,35,25,6.5,400,25,Urea,60,Soybean,117
50,30,28,6,300,20,SSP,60,Soybean,118
52,30,30,6,300,20,SSP,60,Soybean,118
52,30,25,6,400,20,20:20:20 NPK,60,Soybean,118
47,40,20,7,400,30,20:20:20 NPK,60,Soybean,118
45,31,30,6.174852907,300,21,Ferrous Sulphate,60,Soybean,118
52,40,27,7,300,30,Sulphur,60,Soybean,118
46,30,25,6,400,20,20:20:20 NPK,60,Soybean,118
53,38,20,6.835491281,400,28,Ammonium Sulphate,60,Soybean,118
57,40,30,7,300,30,Urea,60,Soybean,119
58,40,25,7,300,30,SSP,60,Soybean,118
59,35,20,6.5,400,25,SSP,60,Soybean,117
42,40,20,7,400,30,20:20:20 NPK,60,Soybean,119
49,35,25,6.5,400,25,Urea,60,Soybean,116
55,40,29,7,300,30,Sulphur,60,Soybean,118
45,30,29,6,300,20,SSP,60,Soybean,118
55,30,26,6,300,20,SSP,60,Soybean,118
48,35,21,6.5,400,25,SSP,60,Soybean,117
50,35,30,6.5,300,25,20:20:20 NPK,60,Soybean,117
42,35,20,6.5,400,25,SSP,60,Soybean,117
55,30,30,6,300,20,SSP,60,Soybean,119
57,30,25,6,400,20,20:20:20 NPK,60,Soybean,118
40,40,26,7,300,30,SSP,60,Soybean,118
50,32,22,6.209199894,400,22,Chilated Micronutrient,60,Soybean,117
55,30,22,6,300,20,Sulphur,60,Soybean,118
45,35,20,6.5,400,25,SSP,60,Soybean,117
40,40,20,7,400,30,20:20:20 NPK,60,Soybean,119
50,35,24,6.5,400,25,Sulphur,60,Soybean,116
60,30,25,6,300,20,SSP,60,Soybean,118
59,40,20,7,400,30,20:20:20 NPK,60,Soybean,119
58,40,28,7,300,30,Sulphur,60,Soybean,119
43,40,20,7,400,30,20:20:20 NPK,60,Soybean,119
45,40,26,7,300,30,SSP,60,Soybean,118
60,37,20,6.747577559,400,27,DAP,60,Soybean,118
57,40,27,7,300,30,Sulphur,60,Soybean,118
54,35,22,6.5,400,25,Sulphur,60,Soybean,117
47,40,30,7,300,30,Urea,60,Soybean,118
40,40,20,7,400,30,20:20:20 NPK,60,Soybean,119
40,36,28,6.697757585,300,26,Chilated Micronutrient,60,Soybean,117
58,30,30,6,300,20,SSP,60,Soybean,119
42,30,20,6,300,20,Urea,60,Soybean,119
48,40,20,7,400,30,20:20:20 NPK,60,Soybean,118
46,40,28,7,300,30,Sulphur,60,Soybean,118
50,30,25,6,400,20,20:20:20 NPK,60,Soybean,117
51,35,21,6.5,400,25,SSP,60,Soybean,117
53,35,20,6.5,400,25,SSP,60,Soybean,117
53,35,30,6.5,300,25,20:20:20 NPK,60,Soybean,117
40,30,25,6,300,20,SSP,60,Soybean,118
49,40,30,7,300,30,Urea,60,Soybean,118
48,30,30,6,300,20,SSP,60,Soybean,118
51,30,30,6,300,20,SSP,60,Soybean,118
57,35,30,6.5,300,25,20:20:20 NPK,60,Soybean,117
45,36,20,6.699072308,400,26,Ferrous Sulphate,60,Soybean,117
45,40,26,7,300,30,SSP,60,Soybean,118
53,35,23,6.5,400,25,Sulphur,60,Soybean,116
60,30,24,6,300,20,Sulphur,60,Soybean,118
42,30,25,6,300,20,SSP,60,Soybean,118
60,30,29,6,300,20,SSP,60,Soybean,119
47,40,30,7,300,30,Urea,60,Soybean,118
60,35,24,6.5,400,25,Sulphur,60,Soybean,117
57,37,20,6.7974896,400,27,Chilated Micronutrient,60,Soybean,118
42,32,22,6.2964592,400,22,Ferrous Sulphate,60,Soybean,118
49,35,30,6.5,300,25,20:20:20 NPK,60,Soybean,117
50,40,28,7,300,30,Sulphur,60,Soybean,118
40,40,25,7,300,30,SSP,60,Soybean,118
43,30,30,6,300,20,SSP,60,Soybean,119
56,40,20,7,400,30,20:20:20 NPK,60,Soybean,119
53,30,23,6,300,20,Sulphur,60,Soybean,118
49,35,24,6.5,400,25,Sulphur,60,Soybean,116
59,40,20,7,400,30,20:20:20 NPK,60,Soybean,119
60,35,22,6.5,400,25,SSP,60,Soybean,117
54,35,25,6.5,400,25,Urea,60,Soybean,116
46,30,20,6,300,20,Urea,60,Soybean,118
52,40,20,7,400,30,20:20:20 NPK,60,Soybean,118
45,30,27,6,300,20,SSP,60,Soybean,118
44,30,20,6,300,20,Urea,60,Soybean,119
57,35,30,6.5,300,25,20:20:20 NPK,60,Soybean,117
43,40,30,7,300,30,Urea,60,Soybean,119
50,35,30,6.5,300,25,20:20:20 NPK,60,Soybean,117
40,30,26,6,300,20,SSP,60,Soybean,118
55,39,20,6.927121716,400,29,50:26:26 NPK,60,Soybean,118
52,40,27,7,300,30,SSP,60,Soybean,118
47,35,22,6.5,400,25,Sulphur,60,Soybean,116
44,40,29,7,300,30,Sulphur,60,Soybean,118
48,30,20,6,300,20,Urea,60,Soybean,118
56,40,30,7,300,30,Urea,60,Soybean,119
56,40,25,7,300,30,SSP,60,Soybean,118
51,30,20,6,300,20,Urea,60,Soybean,118
56,35,21,6.5,400,25,SSP,60,Soybean,117
45,35,30,6.5,300,25,20:20:20 NPK,60,Soybean,117
47,40,25,7,300,30,SSP,60,Soybean,117
47,30,30,6,300,20,SSP,60,Soybean,118
47,30,30,6,300,20,SSP,60,Soybean,118
59,35,30,6.5,300,25,20:20:20 NPK,60,Soybean,117
50,30,20,6,300,20,Urea,60,Soybean,118
54,35,30,6.5,300,25,20:20:20 NPK,60,Soybean,117
54,30,25,6,400,20,20:20:20 NPK,60,Soybean,118
40,30,30,6,300,20,SSP,60,Soybean,119
50,30,24,6.061485404,400,20,50:26:26 NPK,60,Soybean,117
48,40,20,7,400,30,20:20:20 NPK,60,Soybean,118
50,35,20,6.5,400,25,SSP,60,Soybean,117
48,40,26,7,300,30,SSP,60,Soybean,118
41,35,21,6.5,400,25,SSP,60,Soybean,117
40,35,24,6.5,400,25,Sulphur,60,Soybean,117
55,40,25,7,300,30,SSP,60,Soybean,118
40,35,30,6.5,300,25,20:20:20 NPK,60,Soybean,117
57,35,25,6.5,400,25,Urea,60,Soybean,116
58,35,20,6.5,400,25,SSP,60,Soybean,117
40,31,30,6.198689494,300,21,Ferrous Sulphate,60,Soybean,119
52,35,20,6.5,400,25,SSP,60,Soybean,117
51,36,20,6.657016132,400,26,Hydrated Lime,60,Soybean,117
40,40,25,7,300,30,SSP,60,Soybean,118
48,30,30,6,300,20,SSP,60,Soybean,118
45,40,25,7,300,30,SSP,60,Soybean,118
45,40,27,7,300,30,Sulphur,60,Soybean,118
56,40,26,7,300,30,SSP,60,Soybean,118
42,30,30,6,300,20,SSP,60,Soybean,119
56,40,20,7,400,30,20:20:20 NPK,60,Soybean,119
57,35,25,6.5,400,25,Urea,60,Soybean,116
45,35,24,6.5,400,25,Sulphur,60,Soybean,116
45,39,20,6.933642673,400,29,50:26:26 NPK,60,Soybean,118
44,30,25,6,400,20,20:20:20 NPK,60,Soybean,118
50,30,30,6.030090104,300,20,Magnesium Sulphate,60,Soybean,118
60,35,23,6.5,400,25,Sulphur,60,Soybean,117
60,35,24,6.5,400,25,Sulphur,60,Soybean,117
40,30,28,6,300,20,SSP,60,Soybean,119
58,35,23,6.5,400,25,Sulphur,60,Soybean,117
44,30,21,6,300,20,Sulphur,60,Soybean,118
46,40,30,7,300,30,Urea,60,Soybean,118
49,35,20,6.5,400,25,SSP,60,Soybean,117
45,33,30,6.372346738,300,23,Ammonium Sulphate,60,Soybean,118
46,30,26,6,300,20,SSP,60,Soybean,118
55,30,30,6.010684356,300,20,Magnesium Sulphate,60,Soybean,119
45,35,23,6.5,400,25,Sulphur,60,Soybean,116
54,35,30,6.5,300,25,20:20:20 NPK,60,Soybean,117
51,40,28,7,300,30,Sulphur,60,Soybean,118
55,40,20,7,400,30,20:20:20 NPK,60,Soybean,119
51,40,25,7,300,30,SSP,60,Soybean,117
40,35,23,6.5,400,25,Sulphur,60,Soybean,117
50,30,20,6,300,20,Urea,60,Soybean,118
45,33,25,6.397755186,400,23,Magnesium Sulphate,60,Soybean,117
44,35,25,6.5,400,25,Urea,60,Soybean,116
50,40,26,7,300,30,SSP,60,Soybean,117
59,40,25,7,300,30,SSP,60,Soybean,118
45,30,25,6,400,20,20:20:20 NPK,60,Soybean,118
41,40,26,7,300,30,SSP,60,Soybean,118
40,35,22,6.5,400,25,SSP,60,Soybean,117
40,35,21,6.5,400,25,SSP,60,Soybean,117
41,40,25,7,300,30,SSP,60,Soybean,118
46,30,30,6,300,20,SSP,60,Soybean,118
60,31,23,6.159055777,400,21,Ammonium Sulphate,60,Soybean,118
40,39,25,6.933219334,300,29,MOP,60,Soybean,118
60,34,25,6.496668469,400,24,Sulphur,60,Soybean,117
43,36,20,6.623786119,400,26,Hydrated Lime,60,Soybean,118
59,39,20,6.954759152,400,29,20:20:20 NPK,60,Soybean,119
42,40,28,7,300,30,Sulphur,60,Soybean,118
44,30,20,6,300,20,Urea,60,Soybean,119
58,40,28,7,300,30,Sulphur,60,Soybean,119
41,40,28,7,300,30,Sulphur,60,Soybean,119
60,35,24,6.5,400,25,Sulphur,60,Soybean,117
55,32,25,6.219086173,400,22,DAP,60,Soybean,117
54,40,20,7,400,30,20:20:20 NPK,60,Soybean,119
48,35,30,6.5,300,25,20:20:20 NPK,60,Soybean,117
40,30,23,6,300,20,Sulphur,60,Soybean,118
49,35,20,6.5,400,25,SSP,60,Soybean,117
60,30,23,6,300,20,Sulphur,60,Soybean,118
41,40,28,7,300,30,Sulphur,60,Soybean,119
50,30,23,6,300,20,Sulphur,60,Soybean,118
40,40,26,7,300,30,SSP,60,Soybean,118
40,40,28,7,300,30,Sulphur,60,Soybean,119
51,30,25,6,400,20,20:20:20 NPK,60,Soybean,117
52,37,20,6.718280536,400,27,Ferrous Sulphate,60,Soybean,117
45,31,25,6.190209852,400,21,DAP,60,Soybean,117
40,32,22,6.274249861,400,22,DAP,60,Soybean,118
42,40,25,7,300,30,SSP,60,Soybean,118
42,32,30,6.227156556,300,22,DAP,60,Soybean,118
42,30,20,6,300,20,Urea,60,Soybean,119
40,40,30,7,300,30,Urea,60,Soybean,119
60,30,24,6,300,20,Sulphur,60,Soybean,118
41,40,25,7,300,30,SSP,60,Soybean,118
43,30,26,6,300,20,SSP,60,Soybean,118
53,35,23,6.5,400,25,Sulphur,60,Soybean,116
55,35,22,6.5,400,25,Sulphur,60,Soybean,117
55,35,30,6.5,300,25,20:20:20 NPK,60,Soybean,117
40,35,25,6.5,400,25,Urea,60,Soybean,117
40,35,20,6.5,400,25,SSP,60,Soybean,118
50,30,25,6,400,20,20:20:20 NPK,60,Soybean,117
55,34,25,6.406883144,400,24,Magnesium Sulphate,60,Soybean,117
60,40,29,7,300,30,Sulphur,60,Soybean,119
49,35,24,6.5,400,25,Sulphur,60,Soybean,116
42,30,24,6,300,20,Sulphur,60,Soybean,118
51,30,30,6,300,20,SSP,60,Soybean,118
42,35,20,6.5,400,25,SSP,60,Soybean,117
51,35,30,6.5,300,25,20:20:20 NPK,60,Soybean,117
40,30,25,6,300,20,SSP,60,Soybean,118
60,31,30,6.126562142,300,21,Hydrated Lime,60,Soybean,119
52,35,21,6.5,400,25,SSP,60,Soybean,117
47,30,20,6,300,20,Urea,60,Soybean,118
55,35,24,6.5,400,25,Sulphur,60,Soybean,116
44,40,30,7,300,30,Urea,60,Soybean,119
53,40,20,7,400,30,20:20:20 NPK,60,Soybean,119
60,40,25,7,300,30,SSP,60,Soybean,118
60,40,29,7,300,30,Sulphur,60,Soybean,119
41,40,30,7,300,30,Urea,60,Soybean,119
53,38,20,6.809962746,400,28,Chilated Micronutrient,60,Soybean,118
50,35,30,6.5,300,25,20:20:20 NPK,60,Soybean,117
45,24,30,5.949833723,300,24,MOP,60,Tur,159
33,55,30,7,800,35,MOP,60,Tur,159
52,30,25,6.5,700,25,SSP,60,Tur,155
40,25,22,6,400,25,SSP,60,Tur,155
50,22,30,5.711256865,300,22,Magnesium Sulphate,60,Tur,160
46,25,25,6,400,25,Urea,60,Tur,156
26,35,16,6.5,800,25,Magnesium Sulphate,60,Tur,157
40,30,27,6.5,300,30,Sulphur,60,Tur,156
30,40,25,6.5,700,30,SSP,60,Tur,154
32,28,25,6.885487305,600,33,MOP,60,Tur,154
32,45,25,6.5,700,30,Urea,60,Tur,154
37,57,20,6,600,25,Magnesium Sulphate,60,Tur,155
48,28,20,6.333592107,400,28,MOP,60,Tur,156
40,58,20,6,600,25,Magnesium Sulphate,60,Tur,155
48,23,30,5.846858804,300,23,MOP,60,Tur,160
49,30,25,6.5,300,30,SSP,60,Tur,157
59,35,25,6.5,700,30,Sulphur,60,Tur,155
37,42,25,6.5,700,30,Sulphur,60,Tur,153
40,41,30,7,800,35,MOP,60,Tur,156
35,42,20,6,600,25,SSP,60,Tur,153
35,60,25,6.5,700,30,Urea,60,Tur,156
40,23,25,6.37620156,600,28,Sulphur,60,Tur,153
58,30,25,6.5,700,25,SSP,60,Tur,156
36,25,25,6.5,600,30,Urea,60,Tur,153
34,59,20,6,600,25,MOP,60,Tur,156
57,40,25,6.5,700,35,SSP,60,Tur,156
41,25,25,6,400,25,Urea,60,Tur,155
60,32,25,6.5,700,27,Sulphur,60,Tur,156
28,35,20,6.5,800,25,Urea,60,Tur,155
34,40,25,6.5,700,30,SSP,60,Tur,153
47,22,25,5.768240676,400,22,SSP,60,Tur,157
31,55,25,6.5,700,30,SSP,60,Tur,156
37,40,25,6.5,700,30,SSP,60,Tur,153
31,23,25,6.301978936,600,28,SSP,60,Tur,154
25,35,17,6.5,800,25,Magnesium Sulphate,60,Tur,157
30,35,17,6.5,800,25,Magnesium Sulphate,60,Tur,156
52,37,25,6.5,700,32,Sulphur,60,Tur,155
37,52,20,6,600,25,SSP,60,Tur,154
46,30,25,6.5,300,30,SSP,60,Tur,156
30,44,30,7,800,35,Magnesium Sulphate,60,Tur,158
47,25,25,6,400,25,Urea,60,Tur,156
30,27,20,6.717245826,500,32,Magnesium Sulphate,60,Tur,156
57,30,25,6.5,700,25,SSP,60,Tur,156
37,57,25,6.5,700,30,SSP,60,Tur,156
24,35,15,6.5,800,25,MOP,60,Tur,157
34,40,20,6,600,25,Urea,60,Tur,153
48,20,23,5.5,300,20,Sulphur,60,Tur,159
50,36,25,6.5,700,31,Sulphur,60,Tur,154
32,50,30,7,800,35,Urea,60,Tur,159
26,35,18,6.5,800,25,SSP,60,Tur,156
31,41,25,6.5,700,30,SSP,60,Tur,154
40,24,30,5.955926204,300,24,MOP,60,Tur,158
35,55,20,6,600,25,Urea,60,Tur,155
30,58,20,6,600,25,MOP,60,Tur,156
35,51,25,6.5,700,30,MOP,60,Tur,155
36,46,20,6,600,25,MOP,60,Tur,153
42,27,30,6.203518547,300,27,Magnesium Sulphate,60,Tur,157
39,25,20,6.5,500,30,MOP,60,Tur,154
49,30,20,6.5,400,30,MOP,60,Tur,156
21,35,20,6.5,800,25,Urea,60,Tur,156
39,59,25,6.5,700,30,Sulphur,60,Tur,156
46,20,20,5.5,300,20,Urea,60,Tur,159
40,52,25,6.5,700,30,MOP,60,Tur,155
28,35,20,6.5,800,25,Urea,60,Tur,155
40,25,20,6,400,25,SSP,60,Tur,156
40,40,25,6.5,700,30,SSP,60,Tur,153
40,40,30,7,800,35,MOP,60,Tur,156
24,35,20,6.5,800,25,Urea,60,Tur,156
40,20,25,6.044656901,600,25,MOP,60,Tur,154
35,25,20,6.5,500,30,MOP,60,Tur,155
57,38,20,6,600,33,Sulphur,60,Tur,155
50,30,25,6.5,700,25,SSP,60,Tur,155
34,60,20,6,600,25,MOP,60,Tur,156
40,55,20,6,600,25,Sulphur,60,Tur,155
60,36,25,6.5,700,31,Sulphur,60,Tur,156
58,35,20,6,600,30,SSP,60,Tur,155
35,43,25,6.5,700,30,Sulphur,60,Tur,154
45,23,25,5.803947197,400,23,SSP,60,Tur,157
33,30,25,7,600,35,MOP,60,Tur,154
35,23,25,6.372124826,600,28,SSP,60,Tur,153
30,57,25,6.5,700,30,Sulphur,60,Tur,157
40,48,30,7,800,35,Sulphur,60,Tur,157
46,30,30,6.5,300,30,Urea,60,Tur,157
34,25,25,6.5,600,30,Urea,60,Tur,153
50,22,24,5.707252292,300,22,SSP,60,Tur,159
40,29,25,6.43175907,300,29,Magnesium Sulphate,60,Tur,155
35,55,25,6.5,700,30,SSP,60,Tur,156
37,42,25,6.5,700,30,Sulphur,60,Tur,153
42,30,27,6.5,300,30,SSP,60,Tur,156
39,40,25,6.5,700,30,SSP,60,Tur,153
40,27,30,6.293534112,300,27,SSP,60,Tur,157
30,20,20,6,500,25,Urea,60,Tur,156
34,54,20,6,600,25,Sulphur,60,Tur,155
25,30,18,6,700,20,MOP,60,Tur,157
30,42,30,7,800,35,Magnesium Sulphate,60,Tur,158
39,45,20,6,600,25,MOP,60,Tur,153
50,34,20,6,600,29,SSP,60,Tur,153
33,60,25,6.5,700,30,Urea,60,Tur,157
31,41,30,7,800,35,MOP,60,Tur,157
53,30,20,6,600,25,Urea,60,Tur,155
48,30,30,6.5,300,30,Urea,60,Tur,158
48,25,23,6,400,25,Sulphur,60,Tur,156
44,30,25,6.5,300,30,SSP,60,Tur,156
30,25,20,6.5,500,30,MOP,60,Tur,155
42,30,27,6.5,300,30,Sulphur,60,Tur,156
40,22,22,5.778652684,400,22,Magnesium Sulphate,60,Tur,156
35,54,20,6,600,25,Sulphur,60,Tur,155
30,47,20,6,600,25,Magnesium Sulphate,60,Tur,155
21,40,15,7,900,30,Urea,60,Tur,159
43,21,30,5.649797956,300,21,Magnesium Sulphate,60,Tur,159
26,30,15,6,700,20,Urea,60,Tur,158
28,35,16,6.5,800,25,Magnesium Sulphate,60,Tur,156
40,57,20,6,600,25,Magnesium Sulphate,60,Tur,155
40,23,27,5.899891011,300,23,MOP,60,Tur,157
35,28,25,6.8253065,600,33,Magnesium Sulphate,60,Tur,153
35,52,20,6,600,25,SSP,60,Tur,155
35,43,30,7,800,35,Magnesium Sulphate,60,Tur,157
31,41,30,7,800,35,MOP,60,Tur,157
40,29,20,6.918282407,500,34,Sulphur,60,Tur,155
50,22,25,5.793726802,300,22,Magnesium Sulphate,60,Tur,159
27,30,15,6,700,20,Urea,60,Tur,158
36,60,20,6,600,25,MOP,60,Tur,156
25,40,17,7,900,30,Magnesium Sulphate,60,Tur,158
52,35,25,6.5,700,30,Urea,60,Tur,154
22,35,17,6.5,800,25,SSP,60,Tur,157
47,20,30,5.5,300,20,SSP,60,Tur,160
33,41,30,7,800,35,MOP,60,Tur,157
30,45,20,6,600,25,MOP,60,Tur,154
53,30,20,6,600,25,Urea,60,Tur,155
34,30,20,7,500,35,Urea,60,Tur,155
23,30,15,6,700,20,Urea,60,Tur,158
46,30,30,6.5,300,30,Urea,60,Tur,157
35,59,25,6.5,700,30,Sulphur,60,Tur,156
32,22,25,6.236710767,600,27,Magnesium Sulphate,60,Tur,154
50,30,25,6.5,700,25,SSP,60,Tur,155
45,30,20,6.5,400,30,MOP,60,Tur,155
25,40,19,7,900,30,MOP,60,Tur,157
20,35,15,6.5,800,25,MOP,60,Tur,158
24,40,15,7,900,30,Urea,60,Tur,158
47,25,22,6,400,25,SSP,60,Tur,156
22,40,18,7,900,30,Magnesium Sulphate,60,Tur,158
20,35,20,6.5,800,25,Urea,60,Tur,157
32,42,25,6.5,700,30,SSP,60,Tur,154
32,45,25,6.5,700,30,Urea,60,Tur,154
38,50,20,6,600,25,SSP,60,Tur,154
30,52,30,7,800,35,Magnesium Sulphate,60,Tur,159
35,44,25,6.5,700,30,Sulphur,60,Tur,154
52,30,20,6,600,25,Urea,60,Tur,155
31,23,25,6.360406548,600,28,SSP,60,Tur,154
31,25,25,6.597342516,600,30,Sulphur,60,Tur,154
39,55,25,6.5,700,30,SSP,60,Tur,155
30,56,25,6.5,700,30,SSP,60,Tur,156
55,34,25,6.5,700,29,Sulphur,60,Tur,155
25,40,15,7,900,30,Sulphur,60,Tur,158
59,40,20,6,600,35,Urea,60,Tur,156
39,49,30,7,800,35,Sulphur,60,Tur,157
32,60,20,6,600,25,MOP,60,Tur,156
33,45,20,6,600,25,MOP,60,Tur,154
30,40,20,6,600,25,Sulphur,60,Tur,153
33,26,25,6.683379613,600,31,SSP,60,Tur,154
51,33,20,6,600,28,SSP,60,Tur,153
35,50,20,6,600,25,SSP,60,Tur,154
25,35,15,6.5,800,25,MOP,60,Tur,157
39,40,25,6.5,700,30,SSP,60,Tur,153
55,33,20,6,600,28,SSP,60,Tur,154
45,25,23,6,400,25,Sulphur,60,Tur,156
30,45,20,6,600,25,MOP,60,Tur,154
31,55,30,7,800,35,MOP,60,Tur,160
23,35,18,6.5,800,25,SSP,60,Tur,157
55,35,20,6,600,30,SSP,60,Tur,154
38,51,20,6,600,25,SSP,60,Tur,154
39,60,25,6.5,700,30,Urea,60,Tur,156
40,55,25,6.5,700,30,SSP,60,Tur,155
45,25,21,6,400,25,SSP,60,Tur,156
26,35,18,6.5,800,25,Sulphur,60,Tur,156
26,40,18,7,900,30,Magnesium Sulphate,60,Tur,157
49,30,20,6.5,400,30,MOP,60,Tur,156
45,25,21,6,400,25,SSP,60,Tur,156
49,20,20,5.5,300,20,Urea,60,Tur,160
31,26,25,6.610120613,600,31,Sulphur,60,Tur,154
29,35,20,6.5,800,25,Urea,60,Tur,155
34,27,25,6.71711169,600,32,SSP,60,Tur,154
39,55,25,6.5,700,30,SSP,60,Tur,155
37,42,30,7,800,35,MOP,60,Tur,156
45,30,25,6.5,300,30,SSP,60,Tur,156
45,22,25,5.742389184,400,22,Magnesium Sulphate,60,Tur,157
37,45,20,6,600,25,MOP,60,Tur,153
58,35,25,6.5,700,30,Urea,60,Tur,155
33,58,30,7,800,35,Magnesium Sulphate,60,Tur,160
35,22,20,6.298724978,500,27,Magnesium Sulphate,60,Tur,155
32,20,25,6,600,25,MOP,60,Tur,155
43,30,28,6.5,300,30,Sulphur,60,Tur,156
37,40,30,7,800,35,MOP,60,Tur,156
55,35,20,6,600,30,SSP,60,Tur,154
50,34,25,6.5,700,29,Sulphur,60,Tur,154
21,35,18,6.5,800,25,SSP,60,Tur,157
30,28,20,6.841591928,500,33,SSP,60,Tur,156
34,55,25,6.5,700,30,SSP,60,Tur,156
32,22,20,6.264830839,500,27,Magnesium Sulphate,60,Tur,155
29,35,19,6.5,800,25,Sulphur,60,Tur,155
32,25,20,6.5,500,30,MOP,60,Tur,155
40,29,25,6.4664123,300,29,Magnesium Sulphate,60,Tur,155
32,20,25,6,600,25,MOP,60,Tur,155
37,40,20,6,600,25,Urea,60,Tur,152
32,60,20,6,600,25,MOP,60,Tur,156
30,49,30,7,800,35,Sulphur,60,Tur,159
39,40,30,7,800,35,MOP,60,Tur,156
31,50,30,7,800,35,Urea,60,Tur,159
31,55,25,6.5,700,30,SSP,60,Tur,156
40,23,20,6.366092289,500,28,Magnesium Sulphate,60,Tur,154
38,21,20,6.12536533,500,26,SSP,60,Tur,155
35,48,30,7,800,35,Sulphur,60,Tur,158
27,30,15,6,700,20,Urea,60,Tur,158
35,42,25,6.5,700,30,SSP,60,Tur,153
35,44,25,6.5,700,30,Sulphur,60,Tur,154
32,25,25,6.5,600,30,Urea,60,Tur,154
31,48,20,6,600,25,Magnesium Sulphate,60,Tur,155
60,37,20,6,600,32,SSP,60,Tur,155
28,35,15,6.5,800,25,MOP,60,Tur,157
55,35,20,6,600,30,SSP,60,Tur,154
34,20,20,6.09218546,500,25,Sulphur,60,Tur,156
30,50,30,7,800,35,Urea,60,Tur,159
21,40,16,7,900,30,Sulphur,60,Tur,159
20,40,15,7,900,30,Sulphur,60,Tur,159
48,20,20,5.5,300,20,Urea,60,Tur,160
54,40,25,6.5,700,35,SSP,60,Tur,156
55,39,25,6.5,700,34,SSP,60,Tur,156
33,56,20,6,600,25,SSP,60,Tur,156
41,30,30,6.5,300,30,Urea,60,Tur,157
30,20,25,6.025346601,600,25,MOP,60,Tur,155
43,20,23,5.5,300,20,Sulphur,60,Tur,158
55,34,20,6,600,29,SSP,60,Tur,154
44,20,30,5.567500639,300,20,Magnesium Sulphate,60,Tur,160
40,22,20,6.258122529,500,27,Magnesium Sulphate,60,Tur,155
48,30,25,6.5,300,30,SSP,60,Tur,156
34,40,30,7,800,35,MOP,60,Tur,157
30,24,25,6.418993061,600,29,Sulphur,60,Tur,154
45,24,20,5.92076483,400,24,Magnesium Sulphate,60,Tur,157
45,29,20,6.423203925,400,29,MOP,60,Tur,155
25,40,15,7,900,30,Sulphur,60,Tur,158
20,30,19,6,700,20,MOP,60,Tur,158
28,40,16,7,900,30,SSP,60,Tur,158
37,42,20,6,600,25,Magnesium Sulphate,60,Tur,153
30,51,25,6.5,700,30,MOP,60,Tur,156
46,20,30,5.5,300,20,SSP,60,Tur,160
57,37,25,6.5,700,32,Sulphur,60,Tur,155
50,33,20,6,600,28,SSP,60,Tur,153
42,25,20,6,400,25,SSP,60,Tur,156
37,52,20,6,600,25,SSP,60,Tur,154
35,40,25,6.5,700,30,SSP,60,Tur,153
44,20,30,5.538882672,300,20,Magnesium Sulphate,60,Tur,160
30,25,25,6.501169695,600,30,Sulphur,60,Tur,154
35,40,25,6.5,700,30,SSP,60,Tur,153
40,25,25,6.502626909,600,30,Sulphur,60,Tur,153
39,25,25,6.5,600,30,Urea,60,Tur,153
26,40,16,7,900,30,SSP,60,Tur,158
35,44,30,7,800,35,Magnesium Sulphate,60,Tur,157
59,30,25,6.5,700,25,SSP,60,Tur,156
35,46,20,6,600,25,MOP,60,Tur,154
30,43,30,7,800,35,Magnesium Sulphate,60,Tur,158
44,30,25,6.5,300,30,SSP,60,Tur,156
39,20,25,6.043352606,600,25,MOP,60,Tur,154
35,40,30,7,800,35,MOP,60,Tur,156
43,30,26,6.5,300,30,SSP,60,Tur,156
31,56,20,6,600,25,SSP,60,Tur,156
30,47,25,6.5,700,30,MOP,60,Tur,155
36,58,20,6,600,25,Magnesium Sulphate,60,Tur,155
41,25,25,6,400,25,Urea,60,Tur,155
45,30,25,6.5,300,30,SSP,60,Tur,156
59,34,20,6,600,29,SSP,60,Tur,155
33,58,20,6,600,25,Magnesium Sulphate,60,Tur,156
25,35,16,6.5,800,25,Magnesium Sulphate,60,Tur,157
30,54,30,7,800,35,MOP,60,Tur,160
56,33,25,6.5,700,28,Sulphur,60,Tur,155
50,25,24,6,400,25,Sulphur,60,Tur,157
52,30,20,6,600,25,Urea,60,Tur,155
59,30,25,6.5,700,25,SSP,60,Tur,156
27,35,17,6.5,800,25,SSP,60,Tur,156
55,30,25,6.5,700,25,SSP,60,Tur,156
31,45,30,7,800,35,SSP,60,Tur,158
30,59,20,6,600,25,MOP,60,Tur,157
31,55,25,6.5,700,30,SSP,60,Tur,156
25,30,15,6,700,20,Urea,60,Tur,158
40,20,25,6.057641011,600,25,MOP,60,Tur,154
42,22,25,5.71088133,400,22,Magnesium Sulphate,60,Tur,157
30,51,25,6.5,700,30,MOP,60,Tur,156
40,25,21,6,400,25,SSP,60,Tur,155
35,30,20,7,500,35,Urea,60,Tur,155
32,27,25,6.772428157,600,32,Magnesium Sulphate,60,Tur,154
35,27,25,6.761217288,600,32,Magnesium Sulphate,60,Tur,153
40,43,25,6.5,700,30,Sulphur,60,Tur,153
43,20,25,5.5,400,20,MOP,60,Tur,158
40,56,20,6,600,25,SSP,60,Tur,155
35,57,25,6.5,700,30,Sulphur,60,Tur,156
42,22,30,5.740530942,300,22,Magnesium Sulphate,60,Tur,159
40,30,30,6.5,300,30,Urea,60,Tur,156
52,32,25,6.5,700,27,Sulphur,60,Tur,154
32,47,30,7,800,35,Sulphur,60,Tur,158
30,47,20,6,600,25,Magnesium Sulphate,60,Tur,155
50,37,25,6.5,700,32,Sulphur,60,Tur,154
34,20,25,6,600,25,MOP,60,Tur,154
27,35,15,6.5,800,25,MOP,60,Tur,157
41,23,30,5.830827588,300,23,MOP,60,Tur,158
46,25,20,6,400,25,SSP,60,Tur,157
37,20,25,6,600,25,MOP,60,Tur,154
60,32,25,6.5,700,27,Sulphur,60,Tur,156
35,25,25,6.5,600,30,Urea,60,Tur,153
52,40,20,6,600,35,Urea,60,Tur,155
35,42,20,6,600,25,SSP,60,Tur,153
45,30,29,6.5,300,30,Sulphur,60,Tur,157
40,25,24,6,400,25,Sulphur,60,Tur,155
29,35,20,6.5,800,25,Urea,60,Tur,155
26,35,18,6.5,800,25,SSP,60,Tur,156
35,44,20,6,600,25,MOP,60,Tur,153
29,40,20,7,900,30,MOP,60,Tur,156
50,34,20,6,600,29,SSP,60,Tur,153
30,24,25,6.473658082,600,29,Sulphur,60,Tur,154
34,44,30,7,800,35,Magnesium Sulphate,60,Tur,157
39,60,25,6.5,700,30,Urea,60,Tur,156
45,20,30,5.5,300,20,SSP,60,Tur,160
32,42,30,7,800,35,Magnesium Sulphate,60,Tur,157
53,35,25,6.5,700,30,Urea,60,Tur,154
38,30,20,7,500,35,Urea,60,Tur,154
44,30,29,6.5,300,30,Sulphur,60,Tur,157
40,41,25,6.5,700,30,SSP,60,Tur,153
37,57,30,7,800,35,MOP,60,Tur,159
30,41,20,6,600,25,SSP,60,Tur,154
39,55,25,6.5,700,30,SSP,60,Tur,155
37,50,20,6,600,25,SSP,60,Tur,154
46,30,30,6.5,300,30,Urea,60,Tur,157
44,20,25,5.573589089,400,20,MOP,60,Tur,158
31,40,20,6,600,25,Urea,60,Tur,153
30,52,25,6.5,700,30,MOP,60,Tur,156
36,41,30,7,800,35,MOP,60,Tur,156
30,40,25,6.5,700,30,SSP,60,Tur,154
35,20,20,6.022550339,500,25,Sulphur,60,Tur,156
40,20,30,5.554733799,300,20,Magnesium Sulphate,60,Tur,159
35,51,30,7,800,35,SSP,60,Tur,158
45,20,25,5.5,400,20,MOP,60,Tur,158
29,40,19,7,900,30,MOP,60,Tur,157
31,23,25,6.398994661,600,28,Sulphur,60,Tur,154
42,30,25,6.5,300,30,SSP,60,Tur,155
34,22,20,6.294277114,500,27,Magnesium Sulphate,60,Tur,155
50,40,25,6.5,700,35,SSP,60,Tur,155
21,35,15,6.5,800,25,MOP,60,Tur,158
40,41,25,6.5,700,30,SSP,60,Tur,153
40,40,25,6.5,700,30,SSP,60,Tur,153
45,24,20,5.994592455,400,24,Magnesium Sulphate,60,Tur,157
35,51,30,7,800,35,SSP,60,Tur,158
29,35,15,6.5,800,25,MOP,60,Tur,156
52,37,20,6,600,32,Sulphur,60,Tur,154
45,24,25,5.918912868,400,24,Sulphur,60,Tur,156
20,40,16,7,900,30,Sulphur,60,Tur,159
28,40,15,7,900,30,Sulphur,60,Tur,158
40,20,21,5.560169381,300,20,Sulphur,60,Tur,158
49,20,30,5.523472679,300,20,Magnesium Sulphate,60,Tur,161
31,25,20,6.5,500,30,MOP,60,Tur,155
30,50,30,7,800,35,Sulphur,60,Tur,159
40,24,25,5.978635131,400,24,Sulphur,60,Tur,156
51,40,20,6,600,35,Urea,60,Tur,155
30,50,20,6,600,25,SSP,60,Tur,155
43,25,20,6,400,25,SSP,60,Tur,156
48,26,20,6.108162012,400,26,Magnesium Sulphate,60,Tur,156
25,35,15,6.5,800,25,MOP,60,Tur,157
50,22,22,5.798637036,400,22,Magnesium Sulphate,60,Tur,158
32,50,30,7,800,35,Urea,60,Tur,159
36,41,25,6.5,700,30,SSP,60,Tur,153
50,25,22,6,400,25,Sulphur,60,Tur,157
42,30,25,6.5,300,30,SSP,60,Tur,155
34,44,30,7,800,35,Magnesium Sulphate,60,Tur,157
50,24,20,5.948718074,400,24,Magnesium Sulphate,60,Tur,158
30,57,25,6.5,700,30,SSP,60,Tur,157
48,20,30,5.5,300,20,SSP,60,Tur,161
46,25,23,6,400,25,Sulphur,60,Tur,156
20,35,19,6.5,800,25,Sulphur,60,Tur,157
24,35,15,6.5,800,25,MOP,60,Tur,157
35,40,30,7,800,35,MOP,60,Tur,156
60,32,20,6,600,27,Sulphur,60,Tur,155
50,31,25,6.5,700,26,SSP,60,Tur,155
36,21,25,6.136479687,600,26,Magnesium Sulphate,60,Tur,154
40,57,30,7,800,35,MOP,60,Tur,159
29,40,15,7,900,30,Urea,60,Tur,158
59,35,25,6.5,700,30,Urea,60,Tur,155
40,30,20,6.5,400,30,MOP,60,Tur,155
31,26,25,6.664525683,600,31,SSP,60,Tur,154
35,45,25,6.5,700,30,Sulphur,60,Tur,154
46,30,20,6.5,400,30,MOP,60,Tur,155
57,31,25,6.5,700,26,SSP,60,Tur,156
33,28,25,6.873675453,600,33,Magnesium Sulphate,60,Tur,154
45,25,30,6.00254107,300,25,MOP,60,Tur,158
40,23,25,5.847857146,400,23,SSP,60,Tur,156
40,20,30,5.5,300,20,SSP,60,Tur,159
32,57,20,6,600,25,SSP,60,Tur,156
35,29,20,6.981060986,500,34,Sulphur,60,Tur,155
35,29,25,6.94526557,600,34,MOP,60,Tur,154
39,44,25,6.5,700,30,Sulphur,60,Tur,153
40,54,25,6.5,700,30,Magnesium Sulphate,60,Tur,155
39,45,25,6.5,700,30,Urea,60,Tur,153
25,30,15,6,700,20,Urea,60,Tur,158
30,35,17,6.5,800,25,SSP,60,Tur,156
54,30,20,6,600,25,Sulphur,60,Tur,155
57,37,25,6.5,700,32,SSP,60,Tur,155
40,46,30,7,800,35,SSP,60,Tur,157
45,25,22,6,400,25,SSP,60,Tur,156
40,59,25,6.5,700,30,Sulphur,60,Tur,156
48,23,30,5.866954959,300,23,MOP,60,Tur,160
34,27,20,6.739369844,500,32,Magnesium Sulphate,60,Tur,155
35,25,25,6.565919598,600,30,Sulphur,60,Tur,153
33,55,30,7,800,35,MOP,60,Tur,159
25,35,15,6.5,800,25,MOP,60,Tur,157
35,40,20,6,600,25,Sulphur,60,Tur,153
33,55,25,6.5,700,30,SSP,60,Tur,156
41,25,25,6,400,25,Urea,60,Tur,155
39,45,25,6.5,700,30,Urea,60,Tur,153
50,39,20,6,600,34,Sulphur,60,Tur,154
30,46,20,6,600,25,MOP,60,Tur,154
34,24,25,6.40538923,600,29,Sulphur,60,Tur,153
30,44,25,6.5,700,30,Sulphur,60,Tur,154
30,50,25,6.5,700,30,MOP,60,Tur,155
24,30,17,6,700,20,SSP,60,Tur,158
39,50,25,6.5,700,30,MOP,60,Tur,154
29,35,15,6.5,800,25,MOP,60,Tur,156
55,35,20,6,600,30,SSP,60,Tur,154
23,40,15,7,900,30,Urea,60,Tur,159
40,49,20,6,600,25,Magnesium Sulphate,60,Tur,154
30,29,20,6.999439944,500,34,Sulphur,60,Tur,156
47,30,27,6.5,300,30,SSP,60,Tur,157
23,35,20,6.5,800,25,Urea,60,Tur,156
57,31,25,6.5,700,26,SSP,60,Tur,156
35,40,30,7,800,35,MOP,60,Tur,156
49,20,20,5.5,300,20,Urea,60,Tur,160
26,35,15,6.5,800,25,MOP,60,Tur,157
50,37,25,6.5,700,32,Sulphur,60,Tur,154
60,34,25,6.5,700,29,Sulphur,60,Tur,155
31,51,20,6,600,25,SSP,60,Tur,155
40,29,30,6.495463798,300,29,Sulphur,60,Tur,156
41,30,20,6.5,400,30,MOP,60,Tur,155
21,35,15,6.5,800,25,MOP,60,Tur,158
20,35,16,6.5,800,25,Magnesium Sulphate,60,Tur,158
40,44,20,6,600,25,MOP,60,Tur,153
47,25,22,6,400,25,SSP,60,Tur,156
20,40,15,7,900,30,Sulphur,60,Tur,159
31,25,20,6.5,500,30,MOP,60,Tur,155
34,50,20,6,600,25,SSP,60,Tur,154
26,40,20,7,900,30,MOP,60,Tur,157
40,48,30,7,800,35,Sulphur,60,Tur,157
50,25,29,6.086876738,300,25,MOP,60,Tur,159
35,48,20,6,600,25,Magnesium Sulphate,60,Tur,154
34,60,25,6.5,700,30,Urea,60,Tur,157
39,44,20,6,600,25,MOP,60,Tur,153
58,30,25,6.5,700,25,SSP,60,Tur,156
37,40,30,7,800,35,MOP,60,Tur,156
37,60,20,6,600,25,MOP,60,Tur,156
40,20,25,6.02896023,600,25,MOP,60,Tur,154
44,20,30,5.537347209,300,20,Magnesium Sulphate,60,Tur,160
25,30,19,6,700,20,MOP,60,Tur,157
49,20,30,5.5,300,20,SSP,60,Tur,161
31,23,25,6.338026129,600,28,SSP,60,Tur,154
42,30,30,6.5,300,30,Urea,60,Tur,157
35,58,20,6,600,25,Magnesium Sulphate,60,Tur,156
37,57,25,6.5,700,30,Sulphur,60,Tur,156
56,31,25,6.5,700,26,SSP,60,Tur,155
34,30,25,7,600,35,MOP,60,Tur,154
54,34,25,6.5,700,29,Sulphur,60,Tur,154
40,23,30,5.814083235,300,23,MOP,60,Tur,158
25,30,20,6,700,20,MOP,60,Tur,157
40,43,25,6.5,700,30,Sulphur,60,Tur,153
35,40,30,7,800,35,MOP,60,Tur,156
40,24,25,5.920530858,400,24,Sulphur,60,Tur,156
40,27,20,6.765730292,500,32,SSP,60,Tur,154
30,35,19,6.5,800,25,Sulphur,60,Tur,155
34,40,30,7,800,35,MOP,60,Tur,157
30,59,30,7,800,35,Magnesium Sulphate,60,Tur,160
55,32,20,6,600,27,SSP,60,Tur,154
44,30,20,6.5,400,30,MOP,60,Tur,155
56,38,20,6,600,33,Sulphur,60,Tur,155
30,51,20,6,600,25,Magnesium Sulphate,60,Tur,155
31,56,25,6.5,700,30,SSP,60,Tur,156
23,35,18,6.5,800,25,Sulphur,60,Tur,157
39,50,20,6,600,25,SSP,60,Tur,154
39,55,20,6,600,25,Urea,60,Tur,155
30,24,20,6.481618327,500,29,MOP,60,Tur,155
45,25,30,6.015651157,300,25,MOP,60,Tur,158
41,23,30,5.865635033,300,23,MOP,60,Tur,158
30,40,30,7,800,35,MOP,60,Tur,157
49,25,20,6,400,25,SSP,60,Tur,157
39,40,25,6.5,700,30,SSP,60,Tur,153
33,48,30,7,800,35,Sulphur,60,Tur,158
27,35,17,6.5,800,25,SSP,60,Tur,156
31,25,25,6.5,600,30,Urea,60,Tur,154
33,21,20,6.16037137,500,26,SSP,60,Tur,156
22,35,20,6.5,800,25,Urea,60,Tur,156
41,30,26,6.5,300,30,SSP,60,Tur,156
40,26,20,6.100179572,400,26,Magnesium Sulphate,60,Tur,155
50,30,25,6.5,300,30,SSP,60,Tur,157
38,20,25,6,600,25,MOP,60,Tur,154
35,42,30,7,800,35,Magnesium Sulphate,60,Tur,157
37,27,25,6.76423377,600,32,Magnesium Sulphate,60,Tur,153
47,30,27,6.5,300,30,Sulphur,60,Tur,157
40,25,25,6.579622869,600,30,Sulphur,60,Tur,153
32,28,25,6.898149375,600,33,MOP,60,Tur,154
55,30,20,6,600,25,Sulphur,60,Tur,155
20,30,19,6,700,20,MOP,60,Tur,158
42,20,24,5.5,300,20,Sulphur,60,Tur,158
47,22,30,5.734822803,300,22,Magnesium Sulphate,60,Tur,160
40,44,30,7,800,35,Magnesium Sulphate,60,Tur,157
60,31,25,6.5,700,26,SSP,60,Tur,156
52,31,20,6,600,26,Sulphur,60,Tur,154
35,50,25,6.5,700,30,MOP,60,Tur,155
30,25,20,6.516244368,500,30,MOP,60,Tur,155
30,29,20,6.907270563,500,34,Sulphur,60,Tur,156
34,27,20,6.768951355,500,32,SSP,60,Tur,155
30,40,30,7,800,35,MOP,60,Tur,157
34,20,25,6,600,25,MOP,60,Tur,154
38,55,25,6.5,700,30,SSP,60,Tur,155
50,23,25,5.876230022,400,23,Sulphur,60,Tur,158
37,22,25,6.220793664,600,27,Magnesium Sulphate,60,Tur,153
30,51,25,6.5,700,30,MOP,60,Tur,156
35,45,25,6.5,700,30,Sulphur,60,Tur,154
33,50,20,6,600,25,SSP,60,Tur,155
31,56,20,6,600,25,SSP,60,Tur,156
40,42,25,6.5,700,30,SSP,60,Tur,153
32,47,20,6,600,25,Magnesium Sulphate,60,Tur,154
34,55,25,6.5,700,30,SSP,60,Tur,156
40,40,20,6,600,25,Sulphur,60,Tur,152
32,30,25,7,600,35,MOP,60,Tur,154
53,40,25,6.5,700,35,SSP,60,Tur,156
50,30,26,6.5,300,30,SSP,60,Tur,157
40,20,30,5.512650074,300,20,Magnesium Sulphate,60,Tur,159
60,38,25,6.5,700,33,SSP,60,Tur,156
31,48,20,6,600,25,Magnesium Sulphate,60,Tur,155
31,58,30,7,800,35,Magnesium Sulphate,60,Tur,160
30,24,25,6.476324319,600,29,Sulphur,60,Tur,154
30,25,20,6.546090674,500,30,MOP,60,Tur,155
43,20,30,5.5,300,20,SSP,60,Tur,160
38,60,30,7,800,35,SSP,60,Tur,159
44,30,29,6.5,300,30,Sulphur,60,Tur,157
45,30,25,6.5,300,30,SSP,60,Tur,156
32,60,20,6,600,25,MOP,60,Tur,156
35,29,20,6.990816182,500,34,Sulphur,60,Tur,155
32,27,25,6.758821809,600,32,Magnesium Sulphate,60,Tur,154
50,21,23,5.60517479,400,21,MOP,60,Tur,158
38,40,25,6.5,700,30,SSP,60,Tur,153
31,60,20,6,600,25,MOP,60,Tur,157
34,55,20,6,600,25,Urea,60,Tur,155
40,20,20,5.5,300,20,Urea,60,Tur,158
40,57,25,6.5,700,30,SSP,60,Tur,156
30,54,30,7,800,35,MOP,60,Tur,160
34,20,25,6.041254267,600,25,MOP,60,Tur,154
39,54,20,6,600,25,Sulphur,60,Tur,155
38,20,25,6,600,25,MOP,60,Tur,154
40,48,20,6,600,25,Magnesium Sulphate,60,Tur,154
35,59,20,6,600,25,MOP,60,Tur,156
31,46,20,6,600,25,MOP,60,Tur,154
50,25,23,6,400,25,Sulphur,60,Tur,156
50,25,29,6.089279636,300,25,MOP,60,Tur,159
50,20,24,5.520591748,400,20,MOP,60,Tur,158
23,35,20,6.5,800,25,Urea,60,Tur,156
35,25,20,6.524225013,500,30,MOP,60,Tur,155
38,20,20,6,500,25,Urea,60,Tur,155
48,30,20,6.5,400,30,MOP,60,Tur,156
32,27,25,6.702611681,600,32,SSP,60,Tur,154
35,21,20,6.191697709,500,26,SSP,60,Tur,155
56,30,20,6,600,25,Urea,60,Tur,155
50,31,20,6,600,26,Sulphur,60,Tur,154
30,60,30,7,800,35,SSP,60,Tur,161
39,55,30,7,800,35,MOP,60,Tur,158
40,43,30,7,800,35,Magnesium Sulphate,60,Tur,157
40,23,25,5.891711363,400,23,Sulphur,60,Tur,156
55,33,20,6,600,28,SSP,60,Tur,154
45,40,25,6.5,700,32,SSP,60,Tur,154
33,60,30,7,800,35,SSP,60,Tur,160
35,22,20,6.276500726,500,27,Magnesium Sulphate,60,Tur,155
32,47,20,6,600,25,Magnesium Sulphate,60,Tur,154
30,58,25,6.5,700,30,Sulphur,60,Tur,157
40,57,20,6,600,25,SSP,60,Tur,155
29,35,20,6.5,800,25,Urea,60,Tur,155
51,40,20,6,600,35,Urea,60,Tur,155
32,40,25,6.5,700,30,SSP,60,Tur,154
42,20,20,5.5,300,20,Urea,60,Tur,159
40,45,20,6,600,25,SSP,60,Tur,153
40,53,30,7,800,35,Magnesium Sulphate,60,Tur,158
30,42,20,6,600,25,Magnesium Sulphate,60,Tur,154
40,58,20,6,600,25,Magnesium Sulphate,60,Tur,155
45,20,23,5.5,300,20,Sulphur,60,Tur,158
40,30,27,6.5,300,30,SSP,60,Tur,156
30,53,30,7,800,35,Magnesium Sulphate,60,Tur,159
41,30,20,6.5,400,30,MOP,60,Tur,155
32,40,20,6,600,25,Urea,60,Tur,153
39,29,20,6.978169171,500,34,Sulphur,60,Tur,154
40,58,30,7,800,35,SSP,60,Tur,159
49,30,30,6.5,300,30,Urea,60,Tur,158
38,50,20,6,600,25,SSP,60,Tur,154
36,21,20,6.166157313,500,26,SSP,60,Tur,155
32,25,20,6.5,500,30,MOP,60,Tur,155
37,60,20,6,600,25,MOP,60,Tur,156
20,35,19,6.5,800,25,Sulphur,60,Tur,157
27,30,15,6,700,20,Urea,60,Tur,158
60,33,25,6.5,700,28,Sulphur,60,Tur,155
40,55,25,6.5,700,30,SSP,60,Tur,155
23,30,18,6,700,20,MOP,60,Tur,157
54,40,20,6,600,35,Urea,60,Tur,155
39,54,30,7,800,35,MOP,60,Tur,158
49,20,29,5.5,300,20,SSP,60,Tur,161
50,37,25,6.5,700,32,Sulphur,60,Tur,154
55,35,25,6.5,700,30,Urea,60,Tur,155
40,23,26,5.814382409,300,23,Magnesium Sulphate,60,Tur,157
50,28,20,6.367675149,400,28,MOP,60,Tur,156
36,51,20,6,600,25,SSP,60,Tur,154
40,27,27,6.252422441,300,27,Magnesium Sulphate,60,Tur,156
37,20,20,6,500,25,Urea,60,Tur,155
34,30,25,7,600,35,MOP,60,Tur,154
54,30,20,6,600,25,Urea,60,Tur,155
40,29,20,6.985302777,500,34,Sulphur,60,Tur,155
60,31,25,6.5,700,26,SSP,60,Tur,156
40,28,30,6.303094357,300,28,SSP,60,Tur,156
32,30,25,7,600,35,MOP,60,Tur,154
36,60,20,6,600,25,MOP,60,Tur,156
21,35,18,6.5,800,25,SSP,60,Tur,157
50,20,20,5.5,300,20,Sulphur,60,Tur,160
43,21,30,5.641927264,300,21,Magnesium Sulphate,60,Tur,159
31,55,25,6.5,700,30,SSP,60,Tur,156
36,58,25,6.5,700,30,Sulphur,60,Tur,156
40,44,30,7,800,35,Magnesium Sulphate,60,Tur,157
35,59,25,6.5,700,30,Sulphur,60,Tur,156
38,40,25,6.5,700,30,SSP,60,Tur,153
30,58,30,7,800,35,Magnesium Sulphate,60,Tur,160
45,25,22,6,400,25,Sulphur,60,Tur,156
28,35,16,6.5,800,25,Magnesium Sulphate,60,Tur,156
35,56,20,6,600,25,SSP,60,Tur,155
45,28,20,6.313575681,400,28,MOP,60,Tur,155
37,22,20,6.256307603,500,27,Magnesium Sulphate,60,Tur,155
47,27,20,6.293484413,400,27,MOP,60,Tur,156
40,29,20,6.465433607,400,29,MOP,60,Tur,155
37,60,20,6,600,25,MOP,60,Tur,156
40,20,20,5.5,300,20,Urea,60,Tur,158
47,20,25,5.5,400,20,MOP,60,Tur,158
37,55,30,7,800,35,MOP,60,Tur,159
37,57,30,7,800,35,Magnesium Sulphate,60,Tur,159
35,41,30,7,800,35,MOP,60,Tur,157
40,29,30,6.452369246,300,29,Sulphur,60,Tur,156
30,53,30,7,800,35,Magnesium Sulphate,60,Tur,159
40,20,26,5.5,300,20,SSP,60,Tur,158
50,23,30,5.800477027,300,23,MOP,60,Tur,160
25,30,15,6,700,20,Urea,60,Tur,158
30,25,25,6.504515202,600,30,Sulphur,60,Tur,154
52,32,25,6.5,700,27,SSP,60,Tur,154
30,52,30,7,800,35,SSP,60,Tur,159
48,25,21,6,400,25,SSP,60,Tur,157
53,40,25,6.5,700,35,SSP,60,Tur,156
58,38,20,6,600,33,Sulphur,60,Tur,155
45,24,20,5.941854835,400,24,Magnesium Sulphate,60,Tur,157
57,30,20,6,600,25,Urea,60,Tur,155
36,60,25,6.5,700,30,Urea,60,Tur,156
37,40,30,7,800,35,MOP,60,Tur,156
21,40,16,7,900,30,SSP,60,Tur,159
50,39,25,6.5,700,34,SSP,60,Tur,155
40,27,20,6.724716918,500,32,Magnesium Sulphate,60,Tur,154
55,30,20,6,600,25,Urea,60,Tur,155
25,40,19,7,900,30,MOP,60,Tur,157
50,26,28,6.126263891,300,26,MOP,60,Tur,158
38,48,25,6.5,700,30,Magnesium Sulphate,60,Tur,154
48,21,30,5.689679295,300,21,Magnesium Sulphate,60,Tur,160
30,53,25,6.5,700,30,Magnesium Sulphate,60,Tur,156
53,40,25,6.5,700,35,SSP,60,Tur,156
45,22,30,5.766755963,300,22,MOP,60,Tur,159
33,48,25,6.5,700,30,MOP,60,Tur,155
36,46,25,6.5,700,30,SSP,60,Tur,154
40,57,30,7,800,35,MOP,60,Tur,159
55,35,25,6.5,700,30,Sulphur,60,Tur,155
55,32,25,6.5,700,27,SSP,60,Tur,155
32,30,20,7,500,35,Urea,60,Tur,155
30,45,30,7,800,35,SSP,60,Tur,158
34,49,25,6.5,700,30,MOP,60,Tur,155
20,30,15,6,700,20,Sulphur,60,Tur,159
41,25,20,6,400,25,SSP,60,Tur,156
25,35,19,6.5,800,25,Sulphur,60,Tur,156
48,30,20,6.5,400,30,MOP,60,Tur,156
48,30,26,6.5,300,30,SSP,60,Tur,157
30,20,20,6.090005219,500,25,Sulphur,60,Tur,156
30,20,25,6,600,25,MOP,60,Tur,155
39,40,30,7,800,35,MOP,60,Tur,156
40,45,20,6,600,25,SSP,60,Tur,153
40,46,20,6,600,25,MOP,60,Tur,153
45,26,30,6.198689494,300,26,Magnesium Sulphate,60,Tur,158
22,30,15,6,700,20,Urea,60,Tur,158
45,23,25,5.842983868,400,23,SSP,60,Tur,157
39,54,30,7,800,35,MOP,60,Tur,158
33,23,20,6.338434671,500,28,Magnesium Sulphate,60,Tur,155
49,30,25,6.5,300,30,SSP,60,Tur,157
47,30,27,6.5,300,30,SSP,60,Tur,157
46,25,20,6,400,25,SSP,60,Tur,157
32,22,25,6.260865023,600,27,SSP,60,Tur,154
40,20,26,5.5,300,20,SSP,60,Tur,158
37,52,20,6,600,25,SSP,60,Tur,154
35,55,25,6.5,700,30,SSP,60,Tur,156
39,50,30,7,800,35,Sulphur,60,Tur,158
59,30,25,6.5,700,25,SSP,60,Tur,156
30,24,25,6.469909896,600,29,Sulphur,60,Tur,154
32,23,25,6.366449459,600,28,SSP,60,Tur,154
40,20,30,5.581190947,300,20,Magnesium Sulphate,60,Tur,159
40,25,30,6,300,25,MOP,60,Tur,157
48,20,25,5.5,400,20,MOP,60,Tur,158
39,40,30,7,800,35,MOP,60,Tur,156
40,21,22,5.617280647,300,21,Sulphur,60,Tur,158
34,40,25,6.5,700,30,SSP,60,Tur,153
22,35,15,6.5,800,25,MOP,60,Tur,158
31,56,30,7,800,35,MOP,60,Tur,160
40,49,30,7,800,35,Sulphur,60,Tur,158
30,56,25,6.5,700,30,SSP,60,Tur,156
55,30,20,6,600,25,Sulphur,60,Tur,155
38,53,25,6.5,700,30,Magnesium Sulphate,60,Tur,155
34,50,30,7,800,35,Urea,60,Tur,158
44,20,25,5.5,400,20,MOP,60,Tur,158
21,30,15,6,700,20,Urea,60,Tur,159
40,29,20,6.44344509,400,29,MOP,60,Tur,155
50,28,30,6.397755186,300,28,Sulphur,60,Tur,158
55,30,25,6.5,700,25,SSP,60,Tur,156
40,23,25,5.800304771,400,23,SSP,60,Tur,156
44,30,25,6.5,300,30,SSP,60,Tur,156
38,30,25,7,600,35,MOP,60,Tur,153
53,30,20,6,600,25,Urea,60,Tur,155
47,20,25,5.5,400,20,MOP,60,Tur,158
31,51,30,7,800,35,SSP,60,Tur,159
40,25,20,6,400,25,SSP,60,Tur,156
40,23,21,5.802476961,400,23,Magnesium Sulphate,60,Tur,156
21,40,16,7,900,30,SSP,60,Tur,159
30,45,25,6.5,700,30,Urea,60,Tur,155
45,25,25,6,400,25,Urea,60,Tur,156
50,36,20,6,600,31,SSP,60,Tur,153
45,20,20,5.5,300,20,Sulphur,60,Tur,159
26,40,18,7,900,30,Magnesium Sulphate,60,Tur,157
60,34,25,6.5,700,29,Sulphur,60,Tur,155
53,36,25,6.5,700,31,Sulphur,60,Tur,154
46,20,25,5.5,400,20,MOP,60,Tur,158
34,60,30,7,800,35,SSP,60,Tur,160
37,42,25,6.5,700,30,SSP,60,Tur,153
45,25,20,6,400,25,SSP,60,Tur,156
44,25,20,6.06105442,400,25,Magnesium Sulphate,60,Tur,156
36,30,25,7,600,35,MOP,60,Tur,153
35,60,25,6.5,700,30,Urea,60,Tur,156
31,56,20,6,600,25,SSP,60,Tur,156
31,60,30,7,800,35,SSP,60,Tur,160
60,36,25,6.5,700,31,Sulphur,60,Tur,156
46,20,20,5.5,300,20,Urea,60,Tur,159
40,20,26,5.5,300,20,SSP,60,Tur,158
25,40,16,7,900,30,SSP,60,Tur,158
30,57,20,6,600,25,Magnesium Sulphate,60,Tur,156
40,48,20,6,600,25,Magnesium Sulphate,60,Tur,154
55,30,25,6.5,700,25,SSP,60,Tur,156
37,50,20,6,600,25,SSP,60,Tur,154
50,22,25,5.772843444,300,22,Magnesium Sulphate,60,Tur,159
40,22,25,6.222209726,600,27,Magnesium Sulphate,60,Tur,153
30,44,30,7,800,35,Magnesium Sulphate,60,Tur,158
47,25,22,6,400,25,SSP,60,Tur,156
44,30,29,6.5,300,30,Sulphur,60,Tur,157
53,33,25,6.5,700,28,Sulphur,60,Tur,154
51,30,20,6,600,25,Urea,60,Tur,154
47,30,20,6.5,400,30,MOP,60,Tur,156
37,42,25,6.5,700,30,Sulphur,60,Tur,153
49,30,25,6.5,300,30,SSP,60,Tur,157
40,55,30,7,800,35,MOP,60,Tur,159
39,24,20,6.457118258,500,29,MOP,60,Tur,154
35,59,25,6.5,700,30,Sulphur,60,Tur,156
30,29,25,6.945540829,600,34,MOP,60,Tur,154
45,25,24,6,400,25,Sulphur,60,Tur,156
27,40,17,7,900,30,Magnesium Sulphate,60,Tur,157
32,40,30,7,800,35,MOP,60,Tur,157
42,25,30,6,300,25,MOP,60,Tur,158
55,31,20,6,600,26,Sulphur,60,Tur,155
40,27,20,6.274707119,400,27,MOP,60,Tur,155
36,20,20,6,500,25,Urea,60,Tur,156
48,25,20,6,400,25,SSP,60,Tur,157
52,32,20,6,600,27,SSP,60,Tur,154
49,25,20,6,400,25,SSP,60,Tur,157
30,44,25,6.5,700,30,Magnesium Sulphate,60,Tur,154
40,25,30,6.051642855,300,25,MOP,60,Tur,157
25,40,19,7,900,30,MOP,60,Tur,157
35,59,20,6,600,25,MOP,60,Tur,156
28,30,16,6,700,20,SSP,60,Tur,157
26,30,15,6,700,20,Urea,60,Tur,158
30,49,25,6.5,700,30,MOP,60,Tur,155
27,35,17,6.5,800,25,Magnesium Sulphate,60,Tur,156
35,55,25,6.5,700,30,SSP,60,Tur,156
60,30,25,6.5,700,25,SSP,60,Tur,156
30,46,20,6,600,25,SSP,60,Tur,154
35,57,30,7,800,35,Magnesium Sulphate,60,Tur,159
53,36,25,6.5,700,31,Sulphur,60,Tur,154
30,55,25,6.5,700,30,SSP,60,Tur,156
52,32,20,6,600,27,Sulphur,60,Tur,154
30,57,30,7,800,35,Magnesium Sulphate,60,Tur,160
55,30,25,6.5,700,25,SSP,60,Tur,156
30,40,18,7,900,30,Magnesium Sulphate,60,Tur,157
35,51,20,6,600,25,SSP,60,Tur,154
20,40,15,7,900,30,Sulphur,60,Tur,159
30,55,25,6.5,700,30,SSP,60,Tur,156
32,52,30,7,800,35,Magnesium Sulphate,60,Tur,159
39,55,30,7,800,35,MOP,60,Tur,158
34,54,30,7,800,35,MOP,60,Tur,159
28,35,15,6.5,800,25,MOP,60,Tur,157
30,20,20,6.092292565,500,25,Sulphur,60,Tur,156
50,33,25,6.5,700,28,Sulphur,60,Tur,154
23,30,18,6,700,20,MOP,60,Tur,157
45,30,29,6.5,300,30,Sulphur,60,Tur,157
59,30,20,6,600,25,Urea,60,Tur,156
25,30,17,6,700,20,SSP,60,Tur,157
39,29,25,6.956480519,600,34,MOP,60,Tur,153
40,20,20,5.5,300,20,Urea,60,Tur,158
36,40,20,6,600,25,Urea,60,Tur,152
32,42,25,6.5,700,30,Sulphur,60,Tur,154
50,25,29,6.056152172,300,25,MOP,60,Tur,159
40,20,20,5.5,300,20,Sulphur,60,Tur,158
46,25,23,6,400,25,Sulphur,60,Tur,156
22,35,15,6.5,800,25,MOP,60,Tur,158
35,47,20,6,600,25,MOP,60,Tur,154
27,40,15,7,900,30,Urea,60,Tur,158
38,55,30,7,800,35,MOP,60,Tur,158
38,20,25,6,600,25,MOP,60,Tur,154
30,41,30,7,800,35,MOP,60,Tur,157
45,25,25,6,400,25,Urea,60,Tur,156
36,46,25,6.5,700,30,Sulphur,60,Tur,154
35,27,20,6.721681471,500,32,Magnesium Sulphate,60,Tur,155
58,33,20,6,600,28,SSP,60,Tur,154
38,40,20,6,600,25,Urea,60,Tur,152
33,41,20,6,600,25,SSP,60,Tur,153
45,25,24,6,400,25,Sulphur,60,Tur,156
33,26,25,6.664287665,600,31,SSP,60,Tur,154
30,60,30,7,800,35,SSP,60,Tur,161
45,25,23,6,400,25,Sulphur,60,Tur,156
31,20,20,6.074851984,500,25,Sulphur,60,Tur,156
24,35,20,6.5,800,25,Urea,60,Tur,156
40,20,20,5.5,300,20,Urea,60,Tur,158
47,30,20,6.5,400,30,MOP,60,Tur,156
30,48,20,6,600,25,SSP,60,Tur,155
27,30,17,6,700,20,SSP,60,Tur,157
35,20,20,6,500,25,Urea,60,Tur,156
30,55,25,6.5,700,30,SSP,60,Tur,156
53,40,20,6,600,35,Urea,60,Tur,155
46,20,22,5.5,300,20,Sulphur,60,Tur,159
53,40,20,6,600,35,Urea,60,Tur,155
38,30,20,7,500,35,Urea,60,Tur,154
50,20,22,5.5,300,20,Sulphur,60,Tur,160
33,26,20,6.683992257,500,31,Magnesium Sulphate,60,Tur,155
29,30,20,6,700,20,MOP,60,Tur,156
34,40,20,6,600,25,Urea,60,Tur,153
32,40,20,6,600,25,Urea,60,Tur,153
27,35,17,6.5,800,25,SSP,60,Tur,156
33,40,20,6,600,25,Urea,60,Tur,153
27,30,17,6,700,20,SSP,60,Tur,157
37,47,20,6,600,25,MOP,60,Tur,153
21,35,15,6.5,800,25,MOP,60,Tur,158
40,20,29,5.5,300,20,SSP,60,Tur,159
28,40,15,7,900,30,Urea,60,Tur,158
34,44,20,6,600,25,MOP,60,Tur,153
56,30,20,6,600,25,Urea,60,Tur,155
31,43,25,6.5,700,30,Sulphur,60,Tur,154
34,60,25,6.5,700,30,Urea,60,Tur,157
38,56,20,6,600,25,Sulphur,60,Tur,155
30,21,20,6.132447724,500,26,SSP,60,Tur,156
23,30,16,6,700,20,SSP,60,Tur,158
27,30,15,6,700,20,Urea,60,Tur,158
30,57,25,6.5,700,30,SSP,60,Tur,157
58,35,20,6,600,30,SSP,60,Tur,155
30,43,20,6,600,25,Sulphur,60,Tur,154
20,40,18,7,900,30,Magnesium Sulphate,60,Tur,158
32,47,30,7,800,35,Sulphur,60,Tur,158
58,30,20,6,600,25,Urea,60,Tur,156
53,36,20,6,600,31,SSP,60,Tur,154
54,35,20,6,600,30,SSP,60,Tur,154
36,21,25,6.179915888,600,26,Magnesium Sulphate,60,Tur,154
40,21,22,5.635573718,300,21,SSP,60,Tur,158
35,60,25,6.5,700,30,Urea,60,Tur,156
43,26,20,6.159934034,400,26,Magnesium Sulphate,60,Tur,156
31,43,20,6,600,25,MOP,60,Tur,154
24,40,15,7,900,30,Urea,60,Tur,158
50,30,25,6.5,300,30,SSP,60,Tur,157
20,35,15,6.5,800,25,MOP,60,Tur,158
50,30,28,6.5,300,30,Sulphur,60,Tur,158
50,28,21,6.318527864,400,28,Magnesium Sulphate,60,Tur,156
40,44,30,7,800,35,Magnesium Sulphate,60,Tur,157
57,35,20,6,600,30,SSP,60,Tur,154
53,36,20,6,600,31,SSP,60,Tur,154
22,40,20,7,900,30,MOP,60,Tur,157
30,60,30,7,800,35,SSP,60,Tur,161
60,50,41,5.596574926,900,20,Urea,60,Turmeric,269
25,30,45,6.5,1700,30,White Potash,60,Turmeric,267
50,55,44,6.027795137,1000,25,Urea,60,Turmeric,264
60,55,50,7.358918151,900,25,Ferrous Sulphate,60,Turmeric,269
27,20,42,5.5,1500,20,MOP,60,Turmeric,268
56,55,45,6,1000,25,Urea,60,Turmeric,266
60,50,49,5.956537493,900,20,Urea,60,Turmeric,269
50,60,48,6.683379613,900,30,Urea,60,Turmeric,269
20,30,47,6.5,1700,30,SSP,60,Turmeric,268
60,55,40,6.348128095,1000,25,Sulphur,60,Turmeric,268
54,50,50,6.184165334,900,20,Urea,60,Turmeric,268
30,25,40,6,1600,25,Urea,60,Turmeric,265
56,60,45,7,900,30,White Potash,60,Turmeric,270
27,20,40,5.5,1500,20,Urea,60,Turmeric,268
25,25,44,6,1600,25,Urea,60,Turmeric,265
20,20,41,5.5,1500,20,Magnesium Sulphate,60,Turmeric,270
23,25,45,6,1600,25,Urea,60,Turmeric,266
50,55,45,6,1000,25,Urea,60,Turmeric,264
21,25,41,6,1600,25,Urea,60,Turmeric,267
20,20,50,5.5,1500,20,White Potash,60,Turmeric,270
54,54,45,6.169345493,1000,24,SSP,60,Turmeric,265
58,51,45,6.654807855,1000,21,MOP,60,Turmeric,267
27,30,46,6.5,1700,30,Urea,60,Turmeric,266
30,20,46,5.5,1500,20,MOP,60,Turmeric,266
25,30,45,6.5,1700,30,White Potash,60,Turmeric,267
28,20,46,5.5,1500,20,Hydrated Lime,60,Turmeric,267
29,30,45,6.5,1700,30,Urea,60,Turmeric,266
58,50,45,7,1000,20,Ferrous Sulphate,60,Turmeric,267
55,50,45,6.885762074,1000,20,Ferrous Sulphate,60,Turmeric,266
25,20,42,5.5,1500,20,Magnesium Sulphate,60,Turmeric,268
55,60,45,7,900,30,White Potash,60,Turmeric,270
60,57,47,7.235532726,900,27,Magnesium Sulphate,60,Turmeric,269
55,55,45,6,1000,25,Urea,60,Turmeric,266
20,30,47,6.5,1700,30,Urea,60,Turmeric,268
30,30,42,6.5,1700,30,Magnesium Sulphate,60,Turmeric,266
60,56,43,5.870843472,1000,26,SSP,60,Turmeric,268
56,50,46,5.849422927,900,20,Urea,60,Turmeric,267
22,20,40,5.5,1500,20,Urea,60,Turmeric,269
21,30,43,6.5,1700,30,Sulphur,60,Turmeric,268
55,53,45,6.354945832,1000,23,Magnesium Sulphate,60,Turmeric,266
54,50,50,6,900,20,White Potash,60,Turmeric,268
20,30,44,6.5,1700,30,Urea,60,Turmeric,268
59,60,50,6.5,900,30,Urea,60,Turmeric,272
28,25,50,6,1600,25,Ferrous Sulphate,60,Turmeric,266
58,60,40,5.5,1000,30,Ferrous Sulphate,60,Turmeric,271
50,54,40,6.588708062,1000,24,Sulphur,60,Turmeric,265
55,50,40,5.5,900,20,Urea,60,Turmeric,268
50,54,45,6.184945572,1000,24,SSP,60,Turmeric,264
52,55,40,6.5,1000,25,White Potash,60,Turmeric,266
25,25,40,6,1600,25,Urea,60,Turmeric,266
22,20,45,5.5,1500,20,Ferrous Sulphate,60,Turmeric,268
25,30,42,6.5,1700,30,Magnesium Sulphate,60,Turmeric,267
60,56,50,7.220202582,900,26,Hydrated Lime,60,Turmeric,269
25,25,45,6,1600,25,Urea,60,Turmeric,265
20,25,49,6,1600,25,Ferrous Sulphate,60,Turmeric,267
23,30,46,6.5,1700,30,Urea,60,Turmeric,267
28,30,45,6.5,1700,30,White Potash,60,Turmeric,266
20,30,47,6.5,1700,30,SSP,60,Turmeric,268
20,25,41,6,1600,25,Urea,60,Turmeric,267
26,20,48,5.5,1500,20,SSP,60,Turmeric,268
22,30,42,6.5,1700,30,Magnesium Sulphate,60,Turmeric,268
25,25,47,6,1600,25,Magnesium Sulphate,60,Turmeric,266
20,20,45,5.5,1500,20,Hydrated Lime,60,Turmeric,269
55,52,45,6.595618498,1000,22,MOP,60,Turmeric,266
21,30,40,6.5,1700,30,Ferrous Sulphate,60,Turmeric,269
20,25,42,6,1600,25,Urea,60,Turmeric,267
30,20,46,5.5,1500,20,MOP,60,Turmeric,266
55,60,50,6.5,900,30,Urea,60,Turmeric,271
20,25,44,6,1600,25,Urea,60,Turmeric,267
60,50,40,5.680673921,900,20,Sulphur,60,Turmeric,269
53,58,50,6.729014074,900,28,SSP,60,Turmeric,269
54,50,40,5.534124853,900,20,Urea,60,Turmeric,268
50,60,49,6.581460505,900,30,Urea,60,Turmeric,269
25,20,40,5.5,1500,20,Urea,60,Turmeric,269
59,55,50,7.5,900,25,Ferrous Sulphate,60,Turmeric,269
25,20,43,5.5,1500,20,Hydrated Lime,60,Turmeric,268
58,60,40,5.5,1000,30,Ferrous Sulphate,60,Turmeric,271
25,25,40,6,1600,25,Urea,60,Turmeric,266
21,30,45,6.5,1700,30,White Potash,60,Turmeric,268
25,20,50,5.5,1500,20,White Potash,60,Turmeric,269
59,60,50,6.5,900,30,Urea,60,Turmeric,272
57,55,42,6.241877471,1000,25,Urea,60,Turmeric,267
60,58,46,7.134955611,900,28,Sulphur,60,Turmeric,270
22,25,50,6,1600,25,Ferrous Sulphate,60,Turmeric,267
25,30,45,6.5,1700,30,Urea,60,Turmeric,267
54,60,45,6.92076483,900,30,Urea,60,Turmeric,269
58,50,45,7,1000,20,Ferrous Sulphate,60,Turmeric,267
50,59,50,6.544763687,900,29,Sulphur,60,Turmeric,269
25,30,40,6.5,1700,30,Ferrous Sulphate,60,Turmeric,268
55,50,43,5.688333725,900,20,Urea,60,Turmeric,267
27,30,50,6.5,1700,30,Urea,60,Turmeric,267
23,30,40,6.5,1700,30,Ferrous Sulphate,60,Turmeric,268
53,60,50,6.5,900,30,Urea,60,Turmeric,270
22,20,50,5.5,1500,20,White Potash,60,Turmeric,269
56,50,50,6,900,20,White Potash,60,Turmeric,268
57,60,45,7,900,30,White Potash,60,Turmeric,270
22,25,40,6,1600,25,White Potash,60,Turmeric,267
50,50,40,5.651866821,900,20,Sulphur,60,Turmeric,267
25,30,40,6.5,1700,30,Ferrous Sulphate,60,Turmeric,268
20,25,40,6,1600,25,Urea,60,Turmeric,267
20,25,50,6,1600,25,Ferrous Sulphate,60,Turmeric,268
60,50,40,5.510507637,900,20,Sulphur,60,Turmeric,269
60,60,49,6.551546873,900,30,Urea,60,Turmeric,272
26,30,50,6.5,1700,30,Urea,60,Turmeric,268
58,55,50,7.5,900,25,Ferrous Sulphate,60,Turmeric,268
25,20,50,5.5,1500,20,White Potash,60,Turmeric,269
25,20,40,5.5,1500,20,Urea,60,Turmeric,269
51,50,45,7,1000,20,Ferrous Sulphate,60,Turmeric,265
52,50,50,6,900,20,White Potash,60,Turmeric,267
30,30,40,6.5,1700,30,Ferrous Sulphate,60,Turmeric,266
25,20,50,5.5,1500,20,White Potash,60,Turmeric,269
20,20,46,5.5,1500,20,Hydrated Lime,60,Turmeric,269
30,20,43,5.5,1500,20,MOP,60,Turmeric,267
21,30,50,6.5,1700,30,Urea,60,Turmeric,269
60,51,45,6.724103329,1000,21,Hydrated Lime,60,Turmeric,267
58,60,50,6.5,900,30,Urea,60,Turmeric,272
60,50,49,5.9902884,900,20,Urea,60,Turmeric,269
24,25,49,6,1600,25,Ferrous Sulphate,60,Turmeric,266
30,20,41,5.5,1500,20,Magnesium Sulphate,60,Turmeric,267
28,20,40,5.5,1500,20,Urea,60,Turmeric,268
59,60,40,5.5,1000,30,Ferrous Sulphate,60,Turmeric,271
58,55,50,7.5,900,25,Ferrous Sulphate,60,Turmeric,268
20,30,49,6.5,1700,30,Urea,60,Turmeric,269
54,60,50,6.5,900,30,Urea,60,Turmeric,271
50,59,50,6.5006465,900,29,Sulphur,60,Turmeric,269
54,60,45,7,900,30,White Potash,60,Turmeric,269
57,55,42,6.236605059,1000,25,Urea,60,Turmeric,267
51,55,41,6.343572572,1000,25,Urea,60,Turmeric,265
60,59,50,6.620522579,900,29,Sulphur,60,Turmeric,271
55,60,48,6.634488164,900,30,Urea,60,Turmeric,270
29,20,50,5.5,1500,20,White Potash,60,Turmeric,268
29,20,45,5.5,1500,20,Ferrous Sulphate,60,Turmeric,266
30,30,44,6.5,1700,30,MOP,60,Turmeric,266
53,60,45,7,900,30,White Potash,60,Turmeric,269
56,55,40,6.5,1000,25,White Potash,60,Turmeric,267
29,20,49,5.5,1500,20,Urea,60,Turmeric,267
22,25,42,6,1600,25,Urea,60,Turmeric,266
27,25,47,6,1600,25,Magnesium Sulphate,60,Turmeric,265
21,20,40,5.5,1500,20,Urea,60,Turmeric,270
21,25,41,6,1600,25,Urea,60,Turmeric,267
30,30,43,6.5,1700,30,MOP,60,Turmeric,266
24,20,50,5.5,1500,20,White Potash,60,Turmeric,269
27,30,50,6.5,1700,30,Urea,60,Turmeric,267
30,25,40,6,1600,25,Urea,60,Turmeric,265
22,25,47,6,1600,25,MOP,60,Turmeric,266
52,50,50,6,900,20,White Potash,60,Turmeric,267
27,20,47,5.5,1500,20,SSP,60,Turmeric,267
24,30,47,6.5,1700,30,Urea,60,Turmeric,267
55,55,44,6.09801151,1000,25,Urea,60,Turmeric,266
52,50,45,7,1000,20,Ferrous Sulphate,60,Turmeric,265
25,30,48,6.5,1700,30,Urea,60,Turmeric,267
55,55,43,6.131072117,1000,25,Urea,60,Turmeric,266
57,50,50,6,900,20,White Potash,60,Turmeric,269
55,55,42,6.286591472,1000,25,Urea,60,Turmeric,266
59,60,40,5.5,1000,30,Ferrous Sulphate,60,Turmeric,271
30,20,42,5.5,1500,20,MOP,60,Turmeric,267
55,55,42,6.269028575,1000,25,Urea,60,Turmeric,266
59,50,40,5.5,900,20,Urea,60,Turmeric,269
55,60,45,6.999881238,900,30,Urea,60,Turmeric,270
25,30,40,6.5,1700,30,Hydrated Lime,60,Turmeric,268
53,51,45,6.61603611,1000,21,MOP,60,Turmeric,265
20,30,40,6.5,1700,30,Ferrous Sulphate,60,Turmeric,269
30,30,40,6.5,1700,30,Ferrous Sulphate,60,Turmeric,266
55,60,45,7,900,30,White Potash,60,Turmeric,270
55,60,45,6.973658082,900,30,Urea,60,Turmeric,270
55,50,45,6.911456589,1000,20,Ferrous Sulphate,60,Turmeric,266
25,30,50,6.5,1700,30,Urea,60,Turmeric,268
25,30,42,6.5,1700,30,Magnesium Sulphate,60,Turmeric,267
22,25,47,6,1600,25,MOP,60,Turmeric,266
28,25,48,6,1600,25,Hydrated Lime,60,Turmeric,265
30,25,41,6,1600,25,Urea,60,Turmeric,265
20,25,49,6,1600,25,Ferrous Sulphate,60,Turmeric,267
25,20,46,5.5,1500,20,MOP,60,Turmeric,268
52,60,47,6.738740404,900,30,Urea,60,Turmeric,269
27,25,43,6,1600,25,Urea,60,Turmeric,265
55,50,50,6.005019543,900,20,Urea,60,Turmeric,268
27,25,47,6,1600,25,MOP,60,Turmeric,265
20,20,47,5.5,1500,20,Urea,60,Turmeric,269
25,20,44,5.5,1500,20,Ferrous Sulphate,60,Turmeric,268
58,50,50,6,900,20,White Potash,60,Turmeric,269
22,25,50,6,1600,25,Ferrous Sulphate,60,Turmeric,267
52,60,45,7,900,30,White Potash,60,Turmeric,269
30,20,40,5.5,1500,20,Sulphur,60,Turmeric,267
24,25,40,6,1600,25,Urea,60,Turmeric,266
20,20,40,5.5,1500,20,Sulphur,60,Turmeric,270
20,25,41,6,1600,25,Urea,60,Turmeric,267
20,20,40,5.5,1500,20,Urea,60,Turmeric,270
20,20,44,5.5,1500,20,Ferrous Sulphate,60,Turmeric,269
22,25,50,6,1600,25,Ferrous Sulphate,60,Turmeric,267
55,60,46,6.870508674,900,30,Urea,60,Turmeric,270
52,60,47,6.794277114,900,30,Urea,60,Turmeric,269
50,60,49,6.508834742,900,30,Urea,60,Turmeric,269
29,30,45,6.5,1700,30,White Potash,60,Turmeric,266
26,25,45,6,1600,25,Urea,60,Turmeric,265
55,50,40,5.548138016,900,20,Urea,60,Turmeric,268
24,30,49,6.5,1700,30,Urea,60,Turmeric,268
20,25,43,6,1600,25,Urea,60,Turmeric,267
29,20,40,5.5,1500,20,Sulphur,60,Turmeric,267
52,55,40,6.5,1000,25,White Potash,60,Turmeric,266
60,54,40,6.581087132,1000,24,Sulphur,60,Turmeric,268
52,50,40,5.5,900,20,Urea,60,Turmeric,267
28,25,40,6,1600,25,White Potash,60,Turmeric,265
25,20,40,5.5,1500,20,Sulphur,60,Turmeric,269
54,60,50,6.5,900,30,Urea,60,Turmeric,271
21,25,46,6,1600,25,Magnesium Sulphate,60,Turmeric,266
54,50,40,5.518365969,900,20,Urea,60,Turmeric,268
25,20,45,5.5,1500,20,Ferrous Sulphate,60,Turmeric,268
55,50,41,5.586897152,900,20,Urea,60,Turmeric,268
24,20,40,5.5,1500,20,Urea,60,Turmeric,269
25,25,46,6,1600,25,Magnesium Sulphate,60,Turmeric,265
58,60,45,7,900,30,White Potash,60,Turmeric,270
30,25,42,6,1600,25,Urea,60,Turmeric,264
52,52,45,6.402725928,1000,22,Magnesium Sulphate,60,Turmeric,265
54,55,40,6.5,1000,25,White Potash,60,Turmeric,266
23,25,45,6,1600,25,Urea,60,Turmeric,266
57,55,40,6.5,1000,25,White Potash,60,Turmeric,267
57,57,50,7.008813659,900,27,MOP,60,Turmeric,269
55,55,44,6.001832112,1000,25,Urea,60,Turmeric,266
60,54,50,7.346154222,900,24,Ferrous Sulphate,60,Turmeric,269
24,25,40,6,1600,25,White Potash,60,Turmeric,266
21,20,50,5.5,1500,20,White Potash,60,Turmeric,270
51,55,40,6.5,1000,25,White Potash,60,Turmeric,265
55,50,49,5.98256742,900,20,Urea,60,Turmeric,268
25,25,40,6,1600,25,Urea,60,Turmeric,266
24,20,40,5.5,1500,20,Sulphur,60,Turmeric,269
25,25,42,6,1600,25,Urea,60,Turmeric,266
25,25,48,6,1600,25,MOP,60,Turmeric,266
22,30,50,6.5,1700,30,Urea,60,Turmeric,269
22,25,45,6,1600,25,Urea,60,Turmeric,266
55,55,50,7.455623336,900,25,Ferrous Sulphate,60,Turmeric,267
60,55,49,7.426096767,900,25,Hydrated Lime,60,Turmeric,269
20,20,45,5.5,1500,20,Ferrous Sulphate,60,Turmeric,269
55,60,46,6.835474317,900,30,Urea,60,Turmeric,270
54,60,45,6.965794744,900,30,Urea,60,Turmeric,269
26,30,50,6.5,1700,30,Urea,60,Turmeric,268
53,55,45,6,1000,25,Urea,60,Turmeric,265
21,20,48,5.5,1500,20,Sulphur,60,Turmeric,269
20,25,44,6,1600,25,Urea,60,Turmeric,267
55,60,46,6.847857146,900,30,Urea,60,Turmeric,270
24,20,49,5.5,1500,20,Urea,60,Turmeric,269
57,50,45,7,1000,20,Ferrous Sulphate,60,Turmeric,267
20,30,40,6.5,1700,30,Ferrous Sulphate,60,Turmeric,269
60,55,44,6.05473443,1000,25,Urea,60,Turmeric,267
29,20,50,5.5,1500,20,White Potash,60,Turmeric,268
59,50,50,6,900,20,White Potash,60,Turmeric,269
20,20,40,5.5,1500,20,Urea,60,Turmeric,270
54,50,48,5.941453135,900,20,Urea,60,Turmeric,267
55,60,50,6.5,900,30,Urea,60,Turmeric,271
20,20,40,5.5,1500,20,Sulphur,60,Turmeric,270
52,52,45,6.428681058,1000,22,Magnesium Sulphate,60,Turmeric,265
50,55,41,6.331056005,1000,25,Urea,60,Turmeric,265
27,30,50,6.5,1700,30,Urea,60,Turmeric,267
29,30,44,6.5,1700,30,Urea,60,Turmeric,266
23,25,41,6,1600,25,Urea,60,Turmeric,266
52,50,45,7,1000,20,Ferrous Sulphate,60,Turmeric,265
50,50,40,5.5,900,20,Urea,60,Turmeric,267
55,50,47,5.877357234,900,20,Urea,60,Turmeric,267
29,20,49,5.5,1500,20,Sulphur,60,Turmeric,267
54,60,50,6.5,900,30,Urea,60,Turmeric,271
23,20,45,5.5,1500,20,Ferrous Sulphate,60,Turmeric,268
51,50,47,5.880654984,900,20,Urea,60,Turmeric,266
55,50,40,5.534954825,900,20,Urea,60,Turmeric,268
30,20,45,5.5,1500,20,Ferrous Sulphate,60,Turmeric,266
56,55,40,6.5,1000,25,White Potash,60,Turmeric,267
20,20,45,5.5,1500,20,Ferrous Sulphate,60,Turmeric,269
24,25,44,6,1600,25,Urea,60,Turmeric,266
20,25,45,6,1600,25,Urea,60,Turmeric,266
27,25,40,6,1600,25,White Potash,60,Turmeric,266
55,60,49,6.56046426,900,30,Urea,60,Turmeric,271
50,55,44,6.002572585,1000,25,Urea,60,Turmeric,264
25,30,44,6.5,1700,30,Sulphur,60,Turmeric,267
53,51,45,6.771374838,1000,21,Hydrated Lime,60,Turmeric,265
50,50,45,7,1000,20,Ferrous Sulphate,60,Turmeric,265
24,30,49,6.5,1700,30,Urea,60,Turmeric,268
52,55,42,6.221909132,1000,25,Urea,60,Turmeric,265
26,25,45,6,1600,25,Urea,60,Turmeric,265
53,60,45,7,900,30,White Potash,60,Turmeric,269
29,25,45,6,1600,25,SSP,60,Turmeric,264
29,30,45,6.5,1700,30,Urea,60,Turmeric,266
60,51,50,6.489650365,900,21,SSP,60,Turmeric,269
27,25,40,6,1600,25,White Potash,60,Turmeric,266
29,30,50,6.5,1700,30,Urea,60,Turmeric,267
53,60,48,6.688347681,900,30,Urea,60,Turmeric,270
20,30,49,6.5,1700,30,Urea,60,Turmeric,269
30,25,44,6,1600,25,Urea,60,Turmeric,264
59,55,45,6,1000,25,Urea,60,Turmeric,267
60,50,42,5.641671474,900,20,Urea,60,Turmeric,269
55,60,50,6.5,900,30,Urea,60,Turmeric,271
25,30,47,6.5,1700,30,Urea,60,Turmeric,267
58,55,45,6,1000,25,Urea,60,Turmeric,266
20,30,43,6.5,1700,30,SSP,60,Turmeric,268
29,20,40,5.5,1500,20,Urea,60,Turmeric,267
30,20,43,5.5,1500,20,Hydrated Lime,60,Turmeric,267
57,50,50,6,900,20,White Potash,60,Turmeric,269
20,30,41,6.5,1700,30,Hydrated Lime,60,Turmeric,269
58,50,45,7,1000,20,Ferrous Sulphate,60,Turmeric,267
25,25,40,6,1600,25,Urea,60,Turmeric,266
29,20,45,5.5,1500,20,Ferrous Sulphate,60,Turmeric,266
57,55,50,7.5,900,25,Ferrous Sulphate,60,Turmeric,268
26,20,48,5.5,1500,20,SSP,60,Turmeric,268
50,57,47,7.236786944,900,27,Magnesium Sulphate,60,Turmeric,267
20,20,40,5.5,1500,20,Urea,60,Turmeric,270
59,50,45,7,1000,20,Ferrous Sulphate,60,Turmeric,267
21,30,45,6.5,1700,30,Urea,60,Turmeric,268
29,30,45,6.5,1700,30,Urea,60,Turmeric,266
26,30,45,6.5,1700,30,White Potash,60,Turmeric,266
52,52,45,6.554041693,1000,22,MOP,60,Turmeric,265
56,50,50,6,900,20,White Potash,60,Turmeric,268
20,30,42,6.5,1700,30,MOP,60,Turmeric,269
55,51,45,6.61638774,1000,21,MOP,60,Turmeric,266
60,50,44,6.967186928,1000,20,Ferrous Sulphate,60,Turmeric,267
54,55,44,6.089243526,1000,25,Urea,60,Turmeric,265
50,51,43,6.243667058,900,21,Magnesium Sulphate,60,Turmeric,266
60,50,41,5.590607178,900,20,Urea,60,Turmeric,269
28,25,50,6,1600,25,Ferrous Sulphate,60,Turmeric,266
20,30,45,6.5,1700,30,Urea,60,Turmeric,268
50,50,45,6.841061717,1000,20,Ferrous Sulphate,60,Turmeric,265
27,20,42,5.5,1500,20,Magnesium Sulphate,60,Turmeric,268
29,30,49,6.5,1700,30,Urea,60,Turmeric,267
51,60,45,7,900,30,White Potash,60,Turmeric,269
54,55,40,6.5,1000,25,White Potash,60,Turmeric,266
22,25,42,6,1600,25,Urea,60,Turmeric,266
24,20,40,5.5,1500,20,Urea,60,Turmeric,269
27,20,40,5.5,1500,20,Urea,60,Turmeric,268
51,55,40,6.5,1000,25,White Potash,60,Turmeric,265
26,30,41,6.5,1700,30,Hydrated Lime,60,Turmeric,267
52,50,50,6,900,20,White Potash,60,Turmeric,267
58,50,45,7,1000,20,Ferrous Sulphate,60,Turmeric,267
29,20,45,5.5,1500,20,Ferrous Sulphate,60,Turmeric,266
60,55,44,6.018381673,1000,25,Urea,60,Turmeric,267
54,60,45,7,900,30,White Potash,60,Turmeric,269
51,60,48,6.634364967,900,30,Urea,60,Turmeric,269
50,50,45,7,1000,20,Ferrous Sulphate,60,Turmeric,265
50,60,49,6.571319954,900,30,Urea,60,Turmeric,269
54,50,40,5.5,900,20,Urea,60,Turmeric,268
27,20,50,5.5,1500,20,White Potash,60,Turmeric,268
52,50,50,6,900,20,White Potash,60,Turmeric,267
56,60,45,7,900,30,White Potash,60,Turmeric,270
58,55,41,6.33962863,1000,25,Urea,60,Turmeric,267
57,50,45,7,1000,20,Ferrous Sulphate,60,Turmeric,267
60,56,43,5.872918506,1000,26,SSP,60,Turmeric,268
20,20,48,5.5,1500,20,Sulphur,60,Turmeric,270
30,30,49,6.5,1700,30,Urea,60,Turmeric,266
26,20,41,5.5,1500,20,SSP,60,Turmeric,268
20,20,42,5.5,1500,20,Magnesium Sulphate,60,Turmeric,269
55,52,50,6.79270131,900,22,Magnesium Sulphate,60,Turmeric,268
30,25,42,6,1600,25,Urea,60,Turmeric,264
50,60,40,5.5,1000,30,Ferrous Sulphate,60,Turmeric,269
30,25,46,6,1600,25,SSP,60,Turmeric,264
29,20,40,5.5,1500,20,Sulphur,60,Turmeric,267
59,60,40,5.5,1000,30,Ferrous Sulphate,60,Turmeric,271
25,20,42,5.5,1500,20,Magnesium Sulphate,60,Turmeric,268
27,30,42,6.5,1700,30,Magnesium Sulphate,60,Turmeric,267
55,54,50,7.473207161,900,24,Ferrous Sulphate,60,Turmeric,267
50,53,45,6.203202172,1000,23,SSP,60,Turmeric,264
50,51,50,6.44125196,900,21,SSP,60,Turmeric,267
24,20,45,5.5,1500,20,Ferrous Sulphate,60,Turmeric,268
29,25,50,6,1600,25,Ferrous Sulphate,60,Turmeric,265
25,30,40,6.5,1700,30,Hydrated Lime,60,Turmeric,268
52,60,47,6.731048645,900,30,Urea,60,Turmeric,269
54,50,50,6.001847753,900,20,Urea,60,Turmeric,268
25,25,40,6,1600,25,White Potash,60,Turmeric,266
30,30,43,6.5,1700,30,SSP,60,Turmeric,266
55,55,43,6.123769978,1000,25,Urea,60,Turmeric,266
24,25,42,6,1600,25,Urea,60,Turmeric,266
56,50,42,5.612770071,900,20,Urea,60,Turmeric,268
29,25,40,6,1600,25,White Potash,60,Turmeric,265
51,53,50,6.9772792,900,23,MOP,60,Turmeric,267
26,30,48,6.5,1700,30,Urea,60,Turmeric,267
27,30,42,6.5,1700,30,SSP,60,Turmeric,267
25,25,42,6,1600,25,Urea,60,Turmeric,266
24,20,40,5.5,1500,20,Urea,60,Turmeric,269
54,50,50,6,900,20,White Potash,60,Turmeric,268
22,25,40,6,1600,25,White Potash,60,Turmeric,267
53,50,46,5.840228313,900,20,Urea,60,Turmeric,267
51,55,45,6,1000,25,Urea,60,Turmeric,264
30,25,44,6,1600,25,Urea,60,Turmeric,264
25,25,43,6,1600,25,Urea,60,Turmeric,265
23,25,48,6,1600,25,MOP,60,Turmeric,266
30,25,41,6,1600,25,Urea,60,Turmeric,265
25,30,45,6.5,1700,30,Urea,60,Turmeric,267
25,25,40,6,1600,25,Urea,60,Turmeric,266
53,60,46,6.862142654,900,30,Urea,60,Turmeric,269
22,30,50,6.5,1700,30,Urea,60,Turmeric,269
59,50,50,6,900,20,White Potash,60,Turmeric,269
25,30,45,6.5,1700,30,Urea,60,Turmeric,267
52,57,50,6.929095498,900,27,Magnesium Sulphate,60,Turmeric,268
20,30,49,6.5,1700,30,Urea,60,Turmeric,269
57,60,47,6.741178191,900,30,Urea,60,Turmeric,271
60,58,50,6.71034958,900,28,SSP,60,Turmeric,271
56,50,40,5.5,900,20,Urea,60,Turmeric,268
53,50,42,5.612097632,900,20,Urea,60,Turmeric,267
24,25,44,6,1600,25,Urea,60,Turmeric,266
24,20,40,5.5,1500,20,Urea,60,Turmeric,269
55,60,50,6.5,900,30,Urea,60,Turmeric,271
20,30,48,6.5,1700,30,Sulphur,60,Turmeric,269
59,59,40,5.582508534,1000,29,Ferrous Sulphate,60,Turmeric,270
20,30,40,6.5,1700,30,Hydrated Lime,60,Turmeric,269
50,50,46,5.821099325,900,20,Urea,60,Turmeric,266
58,58,40,5.822094702,1000,28,MOP,60,Turmeric,269
59,55,44,6.011266807,1000,25,Urea,60,Turmeric,267
58,50,47,5.899570455,900,20,Urea,60,Turmeric,268
26,25,50,6,1600,25,Ferrous Sulphate,60,Turmeric,266
50,55,44,6.089279636,1000,25,Urea,60,Turmeric,264
59,55,50,7.458816505,900,25,Ferrous Sulphate,60,Turmeric,269
21,30,40,6.5,1700,30,Ferrous Sulphate,60,Turmeric,269
20,25,40,6,1600,25,White Potash,60,Turmeric,267
25,25,44,6,1600,25,Urea,60,Turmeric,265
20,20,40,5.5,1500,20,Sulphur,60,Turmeric,270
22,20,50,5.5,1500,20,White Potash,60,Turmeric,269
30,30,46,6.5,1700,30,Urea,60,Turmeric,266
55,50,43,5.693527913,900,20,Urea,60,Turmeric,267
56,60,50,6.5,900,30,Urea,60,Turmeric,271
50,50,50,6,900,20,White Potash,60,Turmeric,267
30,25,40,6,1600,25,Urea,60,Turmeric,265
26,25,45,6,1600,25,Urea,60,Turmeric,265
26,20,48,5.5,1500,20,Sulphur,60,Turmeric,268
23,30,40,6.5,1700,30,Ferrous Sulphate,60,Turmeric,268
52,60,50,6.5,900,30,Urea,60,Turmeric,270
25,30,48,6.5,1700,30,Urea,60,Turmeric,267
25,20,42,5.5,1500,20,Magnesium Sulphate,60,Turmeric,268
60,50,45,5.798737931,900,20,Urea,60,Turmeric,268
21,30,40,6.5,1700,30,Ferrous Sulphate,60,Turmeric,269
27,30,47,6.5,1700,30,Urea,60,Turmeric,267
50,55,50,7.459245894,900,25,Ferrous Sulphate,60,Turmeric,266
55,59,40,5.58199974,1000,29,Ferrous Sulphate,60,Turmeric,269
22,30,40,6.5,1700,30,Ferrous Sulphate,60,Turmeric,268
30,20,41,5.5,1500,20,SSP,60,Turmeric,267
50,52,45,6.593278648,1000,22,MOP,60,Turmeric,264
30,30,46,6.5,1700,30,Urea,60,Turmeric,266
52,52,50,6.718918393,900,22,Magnesium Sulphate,60,Turmeric,267
26,20,46,5.5,1500,20,MOP,60,Turmeric,267
51,60,40,5.5,1000,30,Ferrous Sulphate,60,Turmeric,269
22,30,42,6.5,1700,30,Magnesium Sulphate,60,Turmeric,268
28,25,50,6,1600,25,Ferrous Sulphate,60,Turmeric,266
25,30,44,6.5,1700,30,Urea,60,Turmeric,267
52,50,45,7,1000,20,Ferrous Sulphate,60,Turmeric,265
29,20,40,5.5,1500,20,Sulphur,60,Turmeric,267
55,54,50,7.257491184,900,24,Hydrated Lime,60,Turmeric,267
55,50,49,5.98956943,900,20,Urea,60,Turmeric,268
58,55,41,6.32663151,1000,25,Urea,60,Turmeric,267
55,51,45,6.667685375,1000,21,Hydrated Lime,60,Turmeric,266
27,25,45,6,1600,25,Urea,60,Turmeric,265
27,20,42,5.5,1500,20,Magnesium Sulphate,60,Turmeric,268
60,50,45,6.91847351,1000,20,Ferrous Sulphate,60,Turmeric,267
52,60,47,6.701630681,900,30,Urea,60,Turmeric,269
52,55,40,6.5,1000,25,White Potash,60,Turmeric,266
22,20,45,5.5,1500,20,Ferrous Sulphate,60,Turmeric,268
60,60,48,6.60178914,900,30,Urea,60,Turmeric,272
25,20,45,5.5,1500,20,Ferrous Sulphate,60,Turmeric,268
29,30,40,6.5,1700,30,Hydrated Lime,60,Turmeric,267
50,60,49,6.519609724,900,30,Urea,60,Turmeric,269
57,60,47,6.792046317,900,30,Urea,60,Turmeric,271
25,25,40,6,1600,25,Urea,60,Turmeric,266
20,30,46,6.5,1700,30,Magnesium Sulphate,60,Turmeric,268
26,30,40,6.5,1700,30,Ferrous Sulphate,60,Turmeric,267
30,20,42,5.5,1500,20,Urea,60,Turmeric,267
22,20,40,5.5,1500,20,Urea,60,Turmeric,269
25,20,50,5.5,1500,20,White Potash,60,Turmeric,269
52,60,40,5.5,1000,30,Ferrous Sulphate,60,Turmeric,269
52,50,45,5.794029189,900,20,Urea,60,Turmeric,266
60,54,50,7.455908331,900,24,Ferrous Sulphate,60,Turmeric,269
21,25,41,6,1600,25,Urea,60,Turmeric,267
21,20,46,5.5,1500,20,MOP,60,Turmeric,269
57,50,40,5.5,900,20,Urea,60,Turmeric,268
21,30,46,6.5,1700,30,Urea,60,Turmeric,268
26,20,40,5.5,1500,20,Urea,60,Turmeric,268
24,30,45,6.5,1700,30,Urea,60,Turmeric,267
22,30,48,6.5,1700,30,Urea,60,Turmeric,268
50,60,46,6.820424485,900,30,Urea,60,Turmeric,269
21,20,43,5.5,1500,20,MOP,60,Turmeric,269
50,52,44,6.431625614,900,22,Magnesium Sulphate,60,Turmeric,265
60,50,45,6.835998064,1000,20,Ferrous Sulphate,60,Turmeric,267
23,25,43,6,1600,25,Urea,60,Turmeric,266
25,20,40,5.5,1500,20,Urea,60,Turmeric,269
25,20,40,5.5,1500,20,Urea,60,Turmeric,269
21,30,40,6.5,1700,30,Ferrous Sulphate,60,Turmeric,269
60,60,48,6.683729733,900,30,Urea,60,Turmeric,272
53,56,50,7.127151363,900,26,MOP,60,Turmeric,268
20,25,42,6,1600,25,Urea,60,Turmeric,267
27,30,42,6.5,1700,30,SSP,60,Turmeric,267
25,20,45,5.5,1500,20,Ferrous Sulphate,60,Turmeric,268
20,30,47,6.5,1700,30,Urea,60,Turmeric,268
50,50,50,6,900,20,White Potash,60,Turmeric,267
20,25,47,6,1600,25,MOP,60,Turmeric,267
50,52,45,6.5929184,1000,22,MOP,60,Turmeric,264
52,60,47,6.78970745,900,30,Urea,60,Turmeric,269
58,60,45,7,900,30,White Potash,60,Turmeric,270
25,30,49,6.5,1700,30,Urea,60,Turmeric,268
26,20,40,5.5,1500,20,Urea,60,Turmeric,268
23,20,40,5.5,1500,20,Urea,60,Turmeric,269
26,30,41,6.5,1700,30,MOP,60,Turmeric,267
59,60,45,7,900,30,White Potash,60,Turmeric,271
59,50,45,7,1000,20,Ferrous Sulphate,60,Turmeric,267
20,20,42,5.5,1500,20,MOP,60,Turmeric,269
52,50,40,5.5,900,20,Urea,60,Turmeric,267
28,20,46,5.5,1500,20,MOP,60,Turmeric,267
21,20,45,5.5,1500,20,Ferrous Sulphate,60,Turmeric,269
60,55,41,6.382662981,1000,25,Urea,60,Turmeric,268
51,60,45,7,900,30,White Potash,60,Turmeric,269
55,50,45,7,1000,20,Ferrous Sulphate,60,Turmeric,266
60,58,50,6.830889363,900,28,SSP,60,Turmeric,271
25,30,47,6.5,1700,30,Urea,60,Turmeric,267
23,25,48,6,1600,25,Hydrated Lime,60,Turmeric,266
25,30,49,6.5,1700,30,Urea,60,Turmeric,268
22,20,42,5.5,1500,20,Magnesium Sulphate,60,Turmeric,269
52,57,40,6.087884371,1000,27,SSP,60,Turmeric,267
24,30,44,6.5,1700,30,Urea,60,Turmeric,267
21,25,48,6,1600,25,Hydrated Lime,60,Turmeric,267
20,25,41,6,1600,25,Urea,60,Turmeric,267
26,20,48,5.5,1500,20,SSP,60,Turmeric,268
28,25,41,6,1600,25,Urea,60,Turmeric,265
23,20,50,5.5,1500,20,White Potash,60,Turmeric,269
22,20,40,5.5,1500,20,Urea,60,Turmeric,269
57,55,45,6,1000,25,Urea,60,Turmeric,266
50,53,45,6.294614406,1000,23,SSP,60,Turmeric,264
27,20,47,5.5,1500,20,Magnesium Sulphate,60,Turmeric,267
55,50,48,5.932108089,900,20,Urea,60,Turmeric,268
30,20,42,5.5,1500,20,MOP,60,Turmeric,267
52,50,40,5.5,900,20,Urea,60,Turmeric,267
54,50,45,6.965812234,1000,20,Ferrous Sulphate,60,Turmeric,266
20,25,44,6,1600,25,Urea,60,Turmeric,267
29,20,40,5.5,1500,20,Sulphur,60,Turmeric,267
57,50,40,5.5,900,20,Urea,60,Turmeric,268
29,30,40,6.5,1700,30,Ferrous Sulphate,60,Turmeric,267
30,30,48,6.5,1700,30,Urea,60,Turmeric,266
21,25,45,6,1600,25,Urea,60,Turmeric,266
55,50,41,5.590005219,900,20,Urea,60,Turmeric,268
50,60,45,6.955722208,900,30,Urea,60,Turmeric,268
25,25,44,6,1600,25,Urea,60,Turmeric,265
57,57,40,6.0846707,1000,27,SSP,60,Turmeric,268
25,20,40,5.5,1500,20,Urea,60,Turmeric,269
28,20,45,5.5,1500,20,Ferrous Sulphate,60,Turmeric,267
27,30,47,6.5,1700,30,Urea,60,Turmeric,267
56,55,41,6.342983868,1000,25,Urea,60,Turmeric,267
25,30,40,6.5,1700,30,Ferrous Sulphate,60,Turmeric,268
58,60,50,6.5,900,30,Urea,60,Turmeric,272
25,20,45,5.5,1500,20,Ferrous Sulphate,60,Turmeric,268
20,20,42,5.5,1500,20,Magnesium Sulphate,60,Turmeric,269
27,20,40,5.5,1500,20,Urea,60,Turmeric,268
22,25,50,6,1600,25,Ferrous Sulphate,60,Turmeric,267
20,30,41,6.5,1700,30,MOP,60,Turmeric,269
27,30,42,6.5,1700,30,Magnesium Sulphate,60,Turmeric,267
20,20,48,5.5,1500,20,Urea,60,Turmeric,270
50,50,45,7,1000,20,Ferrous Sulphate,60,Turmeric,265
51,60,50,6.5,900,30,Urea,60,Turmeric,270
24,25,44,6,1600,25,Urea,60,Turmeric,266
51,60,40,5.5,1000,30,Ferrous Sulphate,60,Turmeric,269
25,25,40,6,1600,25,White Potash,60,Turmeric,266
30,25,49,6,1600,25,Hydrated Lime,60,Turmeric,265
58,50,47,5.865414737,900,20,Urea,60,Turmeric,268
24,20,40,5.5,1500,20,Urea,60,Turmeric,269
21,25,40,6,1600,25,White Potash,60,Turmeric,267
50,54,49,7.426693666,900,24,Ferrous Sulphate,60,Turmeric,266
60,56,40,6.244693475,1000,26,Sulphur,60,Turmeric,269
53,58,50,6.83836765,900,28,Magnesium Sulphate,60,Turmeric,269
24,20,40,5.5,1500,20,Urea,60,Turmeric,269
26,30,40,6.5,1700,30,Ferrous Sulphate,60,Turmeric,267
20,20,50,5.5,1500,20,White Potash,60,Turmeric,270
30,30,48,6.5,1700,30,Urea,60,Turmeric,266
29,30,45,6.5,1700,30,White Potash,60,Turmeric,266
58,55,50,7.5,900,25,Ferrous Sulphate,60,Turmeric,268
21,30,40,6.5,1700,30,Ferrous Sulphate,60,Turmeric,269
30,30,49,6.5,1700,30,Urea,60,Turmeric,266
55,53,50,7.193265558,900,23,Hydrated Lime,60,Turmeric,268
55,50,40,5.540661102,900,20,Urea,60,Turmeric,268
55,50,43,5.699695229,900,20,Urea,60,Turmeric,267
50,50,40,5.5,900,20,Urea,60,Turmeric,267
30,25,45,6,1600,25,SSP,60,Turmeric,264
56,60,48,6.666514242,900,30,Urea,60,Turmeric,271
22,25,42,6,1600,25,Urea,60,Turmeric,266
55,55,43,6.174286834,1000,25,Urea,60,Turmeric,266
55,50,45,6.840712555,1000,20,Ferrous Sulphate,60,Turmeric,266
21,25,41,6,1600,25,Urea,60,Turmeric,267
20,25,48,6,1600,25,Hydrated Lime,60,Turmeric,267
55,55,40,6.366438668,1000,25,Urea,60,Turmeric,267
20,20,40,5.5,1500,20,Urea,60,Turmeric,270
51,56,40,6.252427763,1000,26,Sulphur,60,Turmeric,266
50,60,40,5.5,1000,30,Ferrous Sulphate,60,Turmeric,269
51,50,40,5.5,900,20,Urea,60,Turmeric,267
55,50,45,7,1000,20,Ferrous Sulphate,60,Turmeric,266
25,30,46,6.5,1700,30,Urea,60,Turmeric,267
20,25,42,6,1600,25,Sulphur,60,Turmeric,267
29,25,44,6,1600,25,Urea,60,Turmeric,264
50,57,50,6.938172346,900,27,Magnesium Sulphate,60,Turmeric,268
54,50,40,5.549312175,900,20,Urea,60,Turmeric,268
60,59,50,6.622108841,900,29,Sulphur,60,Turmeric,271
53,60,48,6.658597858,900,30,Urea,60,Turmeric,270
30,25,49,6,1600,25,Ferrous Sulphate,60,Turmeric,265
26,25,41,6,1600,25,Urea,60,Turmeric,266
26,25,45,6,1600,25,Urea,60,Turmeric,265
56,55,43,6.175462671,1000,25,Urea,60,Turmeric,266
23,25,41,6,1600,25,Urea,60,Turmeric,266
25,30,48,6.5,1700,30,Urea,60,Turmeric,267
51,53,45,6.390168195,1000,23,Magnesium Sulphate,60,Turmeric,265
22,20,50,5.5,1500,20,White Potash,60,Turmeric,269
30,30,41,6.5,1700,30,MOP,60,Turmeric,266
22,25,40,6,1600,25,White Potash,60,Turmeric,267
52,55,40,6.5,1000,25,White Potash,60,Turmeric,266
25,25,42,6,1600,25,Urea,60,Turmeric,266
22,25,50,6,1600,25,Ferrous Sulphate,60,Turmeric,267
25,20,49,5.5,1500,20,Urea,60,Turmeric,268
57,55,50,7.5,900,25,Ferrous Sulphate,60,Turmeric,268
59,55,50,7.331555615,900,25,Hydrated Lime,60,Turmeric,269
60,50,43,5.678712016,900,20,Urea,60,Turmeric,269
20,20,41,5.5,1500,20,SSP,60,Turmeric,270
20,25,42,6,1600,25,Urea,60,Turmeric,267
27,20,50,5.5,1500,20,White Potash,60,Turmeric,268
55,54,50,7.427217839,900,24,Ferrous Sulphate,60,Turmeric,267
21,25,40,6,1600,25,White Potash,60,Turmeric,267
24,30,50,6.5,1700,30,Urea,60,Turmeric,268
51,55,45,6,1000,25,Urea,60,Turmeric,264
30,25,40,6,1600,25,Urea,60,Turmeric,265
50,55,40,6.5,1000,25,White Potash,60,Turmeric,265
57,50,45,7,1000,20,Ferrous Sulphate,60,Turmeric,267
56,60,40,5.5,1000,30,Ferrous Sulphate,60,Turmeric,270
57,60,47,6.761652262,900,30,Urea,60,Turmeric,271
26,20,40,5.5,1500,20,Urea,60,Turmeric,268
25,20,47,5.5,1500,20,Magnesium Sulphate,60,Turmeric,268
26,30,48,6.5,1700,30,Urea,60,Turmeric,267
55,51,50,6.426763639,900,21,Sulphur,60,Turmeric,268
50,57,50,7.021234132,900,27,MOP,60,Turmeric,268
20,30,49,6.5,1700,30,Urea,60,Turmeric,269
55,52,45,6.569137908,1000,22,MOP,60,Turmeric,266
20,25,41,6,1600,25,Urea,60,Turmeric,267
55,60,45,7,900,30,White Potash,60,Turmeric,270
30,20,40,5.5,1500,20,Urea,60,Turmeric,267
56,60,46,6.827346541,900,30,Urea,60,Turmeric,270
20,20,46,5.5,1500,20,Urea,60,Turmeric,269
55,55,40,6.5,1000,25,White Potash,60,Turmeric,267
25,25,40,6,1600,25,White Potash,60,Turmeric,266
29,25,45,6,1600,25,Urea,60,Turmeric,264
25,20,44,5.5,1500,20,Ferrous Sulphate,60,Turmeric,268
53,50,43,5.691324121,900,20,Urea,60,Turmeric,267
55,50,45,5.761542362,900,20,Urea,60,Turmeric,267
25,20,48,5.5,1500,20,SSP,60,Turmeric,268
24,20,49,5.5,1500,20,Urea,60,Turmeric,269
22,20,47,5.5,1500,20,Magnesium Sulphate,60,Turmeric,269
27,25,47,6,1600,25,MOP,60,Turmeric,265
50,50,49,5.95518683,900,20,Urea,60,Turmeric,267
23,25,48,6,1600,25,Hydrated Lime,60,Turmeric,266
51,55,50,7.5,900,25,Ferrous Sulphate,60,Turmeric,266
50,60,49,6.511637381,900,30,Urea,60,Turmeric,269
59,50,45,7,1000,20,Ferrous Sulphate,60,Turmeric,267
50,52,45,6.544962081,900,22,MOP,60,Turmeric,265
51,50,50,6,900,20,White Potash,60,Turmeric,267
28,30,45,6.5,1700,30,Urea,60,Turmeric,266
51,55,45,6,1000,25,Urea,60,Turmeric,264
50,50,40,5.5,900,20,Urea,60,Turmeric,267
58,60,46,6.852360855,900,30,Urea,60,Turmeric,271
26,20,46,5.5,1500,20,Hydrated Lime,60,Turmeric,267
58,50,40,5.5,900,20,Urea,60,Turmeric,269
54,50,45,7,1000,20,Ferrous Sulphate,60,Turmeric,266
50,57,50,6.924527425,900,27,Magnesium Sulphate,60,Turmeric,268
50,60,40,5.5,1000,30,Ferrous Sulphate,60,Turmeric,269
25,30,44,6.5,1700,30,Sulphur,60,Turmeric,267
56,55,50,7.5,900,25,Ferrous Sulphate,60,Turmeric,268
24,25,40,6,1600,25,White Potash,60,Turmeric,266
50,50,45,6.887695656,1000,20,Ferrous Sulphate,60,Turmeric,265
50,60,45,7,900,30,White Potash,60,Turmeric,268
26,30,40,6.5,1700,30,Ferrous Sulphate,60,Turmeric,267
25,20,50,5.5,1500,20,White Potash,60,Turmeric,269
57,50,45,7,1000,20,Ferrous Sulphate,60,Turmeric,267
50,55,43,6.103128075,1000,25,Urea,60,Turmeric,265
56,50,45,7,1000,20,Ferrous Sulphate,60,Turmeric,266
50,55,50,7.5,900,25,Ferrous Sulphate,60,Turmeric,266
58,55,45,6,1000,25,Urea,60,Turmeric,266
20,25,40,6,1600,25,White Potash,60,Turmeric,267
55,50,47,5.88497235,900,20,Urea,60,Turmeric,267
55,55,42,6.221681471,1000,25,Urea,60,Turmeric,266
21,25,41,6,1600,25,Urea,60,Turmeric,267
26,30,48,6.5,1700,30,Urea,60,Turmeric,267
21,25,50,6,1600,25,Ferrous Sulphate,60,Turmeric,267
50,60,45,7,900,30,White Potash,60,Turmeric,268
56,50,45,7,1000,20,Ferrous Sulphate,60,Turmeric,266
28,30,40,6.5,1700,30,Ferrous Sulphate,60,Turmeric,267
56,50,47,5.883328068,900,20,Urea,60,Turmeric,268
59,55,44,6.074851984,1000,25,Urea,60,Turmeric,267
54,60,40,5.5,1000,30,Ferrous Sulphate,60,Turmeric,270
25,30,40,6.5,1700,30,Ferrous Sulphate,60,Turmeric,268
30,25,46,6,1600,25,SSP,60,Turmeric,264
55,50,48,5.934629812,900,20,Urea,60,Turmeric,268
30,20,42,5.5,1500,20,MOP,60,Turmeric,267
57,50,40,5.5,900,20,Urea,60,Turmeric,268
50,50,41,5.589222983,900,20,Urea,60,Turmeric,266
56,55,40,6.5,1000,25,White Potash,60,Turmeric,267
21,20,48,5.5,1500,20,Sulphur,60,Turmeric,269
22,20,50,5.5,1500,20,White Potash,60,Turmeric,269
30,30,41,6.5,1700,30,MOP,60,Turmeric,266
23,20,50,5.5,1500,20,White Potash,60,Turmeric,269
60,53,46,6.764030972,900,23,MOP,60,Turmeric,268
20,20,44,5.5,1500,20,Ferrous Sulphate,60,Turmeric,269
60,55,40,6.358225606,1000,25,Urea,60,Turmeric,268
58,55,43,6.137270127,1000,25,Urea,60,Turmeric,267
20,25,47,6,1600,25,Magnesium Sulphate,60,Turmeric,267
51,60,46,6.837920623,900,30,Urea,60,Turmeric,269
27,30,47,6.5,1700,30,Urea,60,Turmeric,267
27,20,50,5.5,1500,20,White Potash,60,Turmeric,268
56,60,40,5.5,1000,30,Ferrous Sulphate,60,Turmeric,270
55,60,45,7,900,30,White Potash,60,Turmeric,270
56,55,43,6.170545012,1000,25,Urea,60,Turmeric,266
21,20,40,5.5,1500,20,Urea,60,Turmeric,270
60,50,46,5.801609705,900,20,Urea,60,Turmeric,268
20,30,41,6.5,1700,30,MOP,60,Turmeric,269
59,55,40,6.452762396,1000,25,Urea,60,Turmeric,268
55,58,50,6.727377273,900,28,SSP,60,Turmeric,269
53,55,50,7.5,900,25,Ferrous Sulphate,60,Turmeric,267
26,20,46,5.5,1500,20,MOP,60,Turmeric,267
55,55,40,6.5,1000,25,White Potash,60,Turmeric,267
22,20,40,5.5,1500,20,Urea,60,Turmeric,269
56,55,40,6.5,1000,25,White Potash,60,Turmeric,267
25,20,48,5.5,1500,20,SSP,60,Turmeric,268
58,55,40,6.5,1000,25,White Potash,60,Turmeric,267
50,57,50,6.942409936,900,27,Magnesium Sulphate,60,Turmeric,268
59,55,40,6.5,1000,25,White Potash,60,Turmeric,268
20,30,41,6.5,1700,30,MOP,60,Turmeric,269
20,20,50,5.5,1500,20,White Potash,60,Turmeric,270
55,56,40,6.140168224,1000,26,SSP,60,Turmeric,267
60,60,48,6.635573718,900,30,Urea,60,Turmeric,272
57,50,50,6,900,20,White Potash,60,Turmeric,269
51,50,40,5.5,900,20,Urea,60,Turmeric,267
27,30,48,6.5,1700,30,Urea,60,Turmeric,267
27,20,50,5.5,1500,20,White Potash,60,Turmeric,268
25,20,49,5.5,1500,20,Sulphur,60,Turmeric,268
20,20,40,5.5,1500,20,Urea,60,Turmeric,270
28,25,48,6,1600,25,MOP,60,Turmeric,265
53,56,50,7.137055728,900,26,MOP,60,Turmeric,268
50,55,40,6.5,1000,25,White Potash,60,Turmeric,265
52,50,44,5.723176176,900,20,Urea,60,Turmeric,266
51,50,46,5.833215225,900,20,Urea,60,Turmeric,266
30,25,42,6,1600,25,Urea,60,Turmeric,264
24,20,40,5.5,1500,20,Urea,60,Turmeric,269
30,25,44,6,1600,25,Urea,60,Turmeric,264
28,20,40,5.5,1500,20,Urea,60,Turmeric,268
53,60,50,6.5,900,30,Urea,60,Turmeric,270
55,60,49,6.585238969,900,30,Urea,60,Turmeric,271
27,20,47,5.5,1500,20,SSP,60,Turmeric,267
57,60,50,6.5,900,30,Urea,60,Turmeric,271
25,30,44,6.5,1700,30,Sulphur,60,Turmeric,267
54,50,40,5.5,900,20,Urea,60,Turmeric,268
26,30,41,6.5,1700,30,MOP,60,Turmeric,267
55,59,50,6.518763626,900,29,Sulphur,60,Turmeric,270
52,50,44,5.737443272,900,20,Urea,60,Turmeric,266
56,60,45,7,900,30,White Potash,60,Turmeric,270
59,55,40,6.440085499,1000,25,Urea,60,Turmeric,268
50,54,50,7.461246943,900,24,Ferrous Sulphate,60,Turmeric,266
50,55,50,7.479973644,900,25,Ferrous Sulphate,60,Turmeric,266
23,20,41,5.5,1500,20,SSP,60,Turmeric,269
23,25,46,6,1600,25,SSP,60,Turmeric,266
58,55,45,6,1000,25,Urea,60,Turmeric,266
25,30,46,6.5,1700,30,Urea,60,Turmeric,267
59,60,45,6.953535428,900,30,Urea,60,Turmeric,271
58,55,41,6.371476367,1000,25,Urea,60,Turmeric,267
26,30,41,6.5,1700,30,Hydrated Lime,60,Turmeric,267
20,30,44,6.5,1700,30,Urea,60,Turmeric,268
30,30,46,6.5,1700,30,Magnesium Sulphate,60,Turmeric,266
55,55,45,6,1000,25,Urea,60,Turmeric,266
55,55,40,6.42034799,1000,25,Urea,60,Turmeric,267
25,20,40,5.5,1500,20,Sulphur,60,Turmeric,269
50,50,45,6.882350972,1000,20,Ferrous Sulphate,60,Turmeric,265
51,50,40,5.5,900,20,Urea,60,Turmeric,267
58,58,40,5.841674502,1000,28,MOP,60,Turmeric,269
28,20,40,5.5,1500,20,Urea,60,Turmeric,268
55,60,48,6.673160884,900,30,Urea,60,Turmeric,270
25,20,41,5.5,1500,20,SSP,60,Turmeric,268
22,25,42,6,1600,25,Urea,60,Turmeric,266
20,25,45,6,1600,25,Urea,60,Turmeric,266
28,30,48,6.5,1700,30,Urea,60,Turmeric,267
59,50,49,5.97119351,900,20,Urea,60,Turmeric,269
24,30,45,6.5,1700,30,White Potash,60,Turmeric,267
25,20,40,5.5,1500,20,Urea,60,Turmeric,269
28,30,50,6.5,1700,30,Urea,60,Turmeric,267
60,50,45,5.787293691,900,20,Urea,60,Turmeric,268
22,30,47,6.5,1700,30,Urea,60,Turmeric,268
56,60,46,6.804478618,900,30,Urea,60,Turmeric,270
55,57,42,5.7505765,1000,27,Magnesium Sulphate,60,Turmeric,267
58,50,50,6,900,20,White Potash,60,Turmeric,269
27,30,47,6.5,1700,30,Urea,60,Turmeric,267
23,30,41,6.5,1700,30,MOP,60,Turmeric,268
55,60,46,6.837151903,900,30,Urea,60,Turmeric,270
50,52,50,6.798721789,900,22,Magnesium Sulphate,60,Turmeric,266
53,50,42,5.639288966,900,20,Urea,60,Turmeric,267
55,54,50,7.288082926,900,24,Ferrous Sulphate,60,Turmeric,267
21,20,50,5.5,1500,20,White Potash,60,Turmeric,270
20,20,40,5.5,1500,20,Urea,60,Turmeric,270
51,60,40,5.5,1000,30,Ferrous Sulphate,60,Turmeric,269
50,60,50,6.5,900,30,Urea,60,Turmeric,270
50,50,40,5.5,900,20,Urea,60,Turmeric,267
60,51,43,6.888192783,1000,21,Hydrated Lime,60,Turmeric,268
29,30,45,6.5,1700,30,White Potash,60,Turmeric,266
27,20,47,5.5,1500,20,MOP,60,Turmeric,267
20,30,49,6.5,1700,30,Urea,60,Turmeric,269
22,30,42,6.5,1700,30,SSP,60,Turmeric,268
22,25,42,6,1600,25,Urea,60,Turmeric,266
50,51,43,6.127455382,900,21,SSP,60,Turmeric,266
56,60,40,5.5,1000,30,Ferrous Sulphate,60,Turmeric,270
50,55,50,7.360801975,900,25,Ferrous Sulphate,60,Turmeric,266
60,60,49,6.550869186,900,30,Urea,60,Turmeric,272
60,55,44,5.914666203,1000,25,SSP,60,Turmeric,267
20,20,48,5.5,1500,20,SSP,60,Turmeric,270
60,60,45,6.976398764,900,30,Urea,60,Turmeric,271
60,55,44,5.912600384,1000,25,SSP,60,Turmeric,267
60,53,50,6.999460329,900,23,MOP,60,Turmeric,269
59,50,41,5.560880956,900,20,Urea,60,Turmeric,269
25,30,50,6.5,1700,30,Urea,60,Turmeric,268
50,57,47,7.253053777,900,27,Magnesium Sulphate,60,Turmeric,267
55,55,43,6.116275679,1000,25,Urea,60,Turmeric,266
50,55,50,7.5,900,25,Ferrous Sulphate,60,Turmeric,266
30,20,43,5.5,1500,20,Hydrated Lime,60,Turmeric,267
29,25,44,6,1600,25,Urea,60,Turmeric,264
24,20,40,5.5,1500,20,Urea,60,Turmeric,269
30,30,49,6.5,1700,30,Sulphur,60,Turmeric,266
60,54,50,7.314157789,900,24,Ferrous Sulphate,60,Turmeric,269
60,51,50,6.416628936,900,21,Sulphur,60,Turmeric,269
50,60,45,6.925724319,900,30,Urea,60,Turmeric,268
29,25,49,6,1600,25,Ferrous Sulphate,60,Turmeric,265
59,60,45,7,900,30,White Potash,60,Turmeric,271
51,55,50,7.5,900,25,Ferrous Sulphate,60,Turmeric,266
26,30,50,6.5,1700,30,Urea,60,Turmeric,268
60,60,48,6.693230421,900,30,Urea,60,Turmeric,272
60,52,45,6.628882181,900,22,MOP,60,Turmeric,268
55,55,40,6.5,1000,25,White Potash,60,Turmeric,267
20,25,43,6,1600,25,Urea,60,Turmeric,267
27,20,50,5.5,1500,20,White Potash,60,Turmeric,268
20,25,41,6,1600,25,Urea,60,Turmeric,267
55,60,46,6.809748876,900,30,Urea,60,Turmeric,270
56,50,50,6,900,20,White Potash,60,Turmeric,268
24,25,40,6,1600,25,White Potash,60,Turmeric,266
29,25,50,6,1600,25,Ferrous Sulphate,60,Turmeric,265
59,60,40,5.5,1000,30,Ferrous Sulphate,60,Turmeric,271
58,50,47,5.89134802,900,20,Urea,60,Turmeric,268
50,51,42,6.030774818,900,21,SSP,60,Turmeric,266
50,60,45,6.911116806,900,30,Urea,60,Turmeric,268
56,55,43,6.154190972,1000,25,Urea,60,Turmeric,266
20,25,48,6,1600,25,MOP,60,Turmeric,267
25,20,46,5.5,1500,20,MOP,60,Turmeric,268
26,30,40,6.5,1700,30,Ferrous Sulphate,60,Turmeric,267
25,20,46,5.5,1500,20,Hydrated Lime,60,Turmeric,268
60,51,42,5.94160526,900,21,SSP,60,Turmeric,269
20,25,44,6,1600,25,Urea,60,Turmeric,267
25,20,40,5.5,1500,20,Urea,60,Turmeric,269
24,30,45,6.5,1700,30,White Potash,60,Turmeric,267
20,25,41,6,1600,25,Urea,60,Turmeric,267
50,53,45,6.207906366,1000,23,SSP,60,Turmeric,264
25,30,47,6.5,1700,30,Urea,60,Turmeric,267
58,60,48,6.672962102,900,30,Urea,60,Turmeric,271
51,50,46,5.82288188,900,20,Urea,60,Turmeric,266
57,55,42,6.237247689,1000,25,Urea,60,Turmeric,267
27,20,40,5.5,1500,20,Urea,60,Turmeric,268
55,54,50,7.234669282,900,24,Hydrated Lime,60,Turmeric,267
20,20,41,5.5,1500,20,Magnesium Sulphate,60,Turmeric,270
55,50,40,5.5,900,20,Urea,60,Turmeric,268
22,25,40,6,1600,25,White Potash,60,Turmeric,267
55,60,49,6.566901868,900,30,Urea,60,Turmeric,271
55,60,45,7,900,30,White Potash,60,Turmeric,270
30,25,42,6,1600,25,Sulphur,60,Turmeric,264
55,55,42,6.291074115,1000,25,Urea,60,Turmeric,266
25,30,43,6.5,1700,30,SSP,60,Turmeric,267
29,20,40,5.5,1500,20,Urea,60,Turmeric,267
60,53,50,6.92842229,900,23,MOP,60,Turmeric,269
26,25,48,6,1600,25,Hydrated Lime,60,Turmeric,266
59,55,40,6.5,1000,25,White Potash,60,Turmeric,268
60,53,50,6.943948209,900,23,MOP,60,Turmeric,269
24,30,50,6.5,1700,30,Urea,60,Turmeric,268
59,60,45,6.96769166,900,30,Urea,60,Turmeric,271
54,60,45,7,900,30,White Potash,60,Turmeric,269
51,55,40,6.5,1000,25,White Potash,60,Turmeric,265
52,50,50,6,900,20,White Potash,60,Turmeric,267
58,50,45,7,1000,20,Ferrous Sulphate,60,Turmeric,267
60,52,45,6.499333835,1000,22,Magnesium Sulphate,60,Turmeric,267
22,30,40,6.5,1700,30,Ferrous Sulphate,60,Turmeric,268
25,30,45,6.5,1700,30,White Potash,60,Turmeric,267
24,25,40,6,1600,25,White Potash,60,Turmeric,266
55,50,50,6,900,20,White Potash,60,Turmeric,268
50,56,40,6.256522032,1000,26,Sulphur,60,Turmeric,266
28,20,45,5.5,1500,20,Ferrous Sulphate,60,Turmeric,267
54,50,40,5.5,900,20,Urea,60,Turmeric,268
58,53,45,6.385918689,1000,23,Magnesium Sulphate,60,Turmeric,266
24,20,44,5.5,1500,20,Ferrous Sulphate,60,Turmeric,268
23,20,40,5.5,1500,20,Urea,60,Turmeric,269
20,25,45,6,1600,25,Sulphur,60,Turmeric,266
60,55,40,6.433427498,1000,25,Urea,60,Turmeric,268
30,25,45,6,1600,25,Sulphur,60,Turmeric,264
56,55,50,7.5,900,25,Ferrous Sulphate,60,Turmeric,268
25,20,44,5.5,1500,20,Ferrous Sulphate,60,Turmeric,268
59,55,40,6.404441731,1000,25,Urea,60,Turmeric,268
59,59,40,5.576416859,1000,29,Ferrous Sulphate,60,Turmeric,270
58,56,50,7.220632286,900,26,Hydrated Lime,60,Turmeric,269
29,25,45,6,1600,25,Sulphur,60,Turmeric,264
50,55,43,6.126529216,1000,25,Urea,60,Turmeric,265
55,60,48,6.609414788,900,30,Urea,60,Turmeric,270
24,25,40,6,1600,25,White Potash,60,Turmeric,266
25,30,50,6.5,1700,30,Urea,60,Turmeric,268
26,20,45,5.5,1500,20,Ferrous Sulphate,60,Turmeric,267
30,25,42,6,1600,25,Urea,60,Turmeric,264
56,55,43,6.113482347,1000,25,Urea,60,Turmeric,266
21,30,45,6.5,1700,30,Urea,60,Turmeric,268
27,25,47,6,1600,25,MOP,60,Turmeric,265
20,25,45,6,1600,25,Urea,60,Turmeric,266
30,30,49,6.5,1700,30,Urea,60,Turmeric,266
59,55,50,7.5,900,25,Ferrous Sulphate,60,Turmeric,269
24,20,40,5.5,1500,20,Urea,60,Turmeric,269
30,25,45,6,1600,25,Sulphur,60,Turmeric,264
20,25,45,6,1600,25,Urea,60,Turmeric,266
53,53,45,6.253792743,1000,23,SSP,60,Turmeric,265
55,56,43,5.829517767,1000,26,Magnesium Sulphate,60,Turmeric,267
30,30,45,6.5,1700,30,Urea,60,Turmeric,265
20,20,40,5.5,1500,20,Sulphur,60,Turmeric,270
59,55,40,6.482214566,1000,25,Urea,60,Turmeric,268
55,55,50,7.5,900,25,Ferrous Sulphate,60,Turmeric,267
28,20,43,5.5,1500,20,MOP,60,Turmeric,267
52,52,45,6.538053063,1000,22,MOP,60,Turmeric,265
20,25,40,6,1600,25,White Potash,60,Turmeric,267
20,30,40,6.5,1700,30,Ferrous Sulphate,60,Turmeric,269
25,20,40,5.5,1500,20,Urea,60,Turmeric,269
20,30,47,6.5,1700,30,SSP,60,Turmeric,268
21,30,40,6.5,1700,30,Ferrous Sulphate,60,Turmeric,269
50,60,47,6.706065465,900,30,Urea,60,Turmeric,269
22,25,42,6,1600,25,Urea,60,Turmeric,266
25,20,44,5.5,1500,20,Hydrated Lime,60,Turmeric,268
50,54,45,6.068712833,1000,24,Sulphur,60,Turmeric,264
52,55,42,6.212148443,1000,25,Urea,60,Turmeric,265
24,25,40,6,1600,25,White Potash,60,Turmeric,266
55,60,40,5.5,1000,30,Ferrous Sulphate,60,Turmeric,270
29,30,45,6.5,1700,30,Urea,60,Turmeric,266
23,20,41,5.5,1500,20,SSP,60,Turmeric,269
55,55,41,6.386078791,1000,25,Urea,60,Turmeric,266
50,55,44,6.012004575,1000,25,Urea,60,Turmeric,264
30,30,43,6.5,1700,30,SSP,60,Turmeric,266
20,30,50,6.5,1700,30,Urea,60,Turmeric,269
60,60,46,6.872293258,900,30,Urea,60,Turmeric,271
20,30,43,6.5,1700,30,Sulphur,60,Turmeric,268
55,50,45,6.930745694,1000,20,Ferrous Sulphate,60,Turmeric,266
55,60,45,7,900,30,White Potash,60,Turmeric,270
22,30,45,6.5,1700,30,White Potash,60,Turmeric,267
29,25,45,6,1600,25,Urea,60,Turmeric,264
56,60,40,5.5,1000,30,Ferrous Sulphate,60,Turmeric,270
55,50,45,6.87476643,1000,20,Ferrous Sulphate,60,Turmeric,266
27,30,47,6.5,1700,30,Urea,60,Turmeric,267
55,50,41,5.556978317,900,20,Urea,60,Turmeric,268
30,25,42,6,1600,25,Urea,60,Turmeric,264
29,25,44,6,1600,25,Urea,60,Turmeric,264
52,52,45,6.479231858,1000,22,Magnesium Sulphate,60,Turmeric,265
23,25,40,6,1600,25,White Potash,60,Turmeric,267
21,20,50,5.5,1500,20,White Potash,60,Turmeric,270
25,20,49,5.5,1500,20,Urea,60,Turmeric,268
54,55,50,7.5,900,25,Ferrous Sulphate,60,Turmeric,267
57,50,45,7,1000,20,Ferrous Sulphate,60,Turmeric,267
55,50,50,6,900,20,White Potash,60,Turmeric,268
53,50,50,6,900,20,White Potash,60,Turmeric,268
20,30,42,6.5,1700,30,Magnesium Sulphate,60,Turmeric,269
53,50,50,6,900,20,White Potash,60,Turmeric,268
60,59,40,5.663683801,1000,29,Hydrated Lime,60,Turmeric,271
52,60,40,5.5,1000,30,Ferrous Sulphate,60,Turmeric,269
50,55,40,6.5,1000,25,White Potash,60,Turmeric,265
24,30,30,6,800,20,DAP,60,Urad,84
33,40,20,7,900,35,SSP,60,Urad,84
70,40,21,7.5,600,28,MOP,60,Urad,83
72,40,20,7.5,600,30,SSP,60,Urad,83
20,35,23,6.5,900,25,Magnesium Sulphate,60,Urad,83
30,35,27,6.5,900,22,Sulphur,60,Urad,83
69,40,30,7.5,600,25,Urea,60,Urad,83
25,35,25,6.5,900,25,Urea,60,Urad,83
27,30,30,6,800,20,DAP,60,Urad,84
20,40,29,7,1000,20,Sulphur,60,Urad,85
30,35,24,6.5,800,30,Sulphur,60,Urad,82
62,30,27,6.5,400,27,Hydrated Lime,60,Urad,83
76,35,20,7,500,30,DAP,60,Urad,84
33,30,28,6,700,25,Ferrous Sulphate,60,Urad,82
29,40,20,7,1000,24,Magnesium Sulphate,60,Urad,84
37,30,22,6,700,25,Sulphur,60,Urad,82
23,30,28,6,800,21,Ferrous Sulphate,60,Urad,84
77,40,22,7.5,600,27,Hydrated Lime,60,Urad,83
74,30,20,6.5,400,25,Urea,60,Urad,84
25,40,25,7,1000,20,DAP,60,Urad,84
65,30,24,6.5,400,29,SSP,60,Urad,83
76,30,26,6.5,400,28,MOP,60,Urad,84
77,35,27,7,500,27,Sulphur,60,Urad,83
65,40,23,7.5,600,26,Ferrous Sulphate,60,Urad,82
40,40,20,7,900,35,Magnesium Sulphate,60,Urad,84
35,30,28,6,700,25,Ferrous Sulphate,60,Urad,82
66,30,30,6.5,400,25,DAP,60,Urad,84
35,35,25,6.5,800,30,Urea,60,Urad,82
60,40,30,7.5,600,25,Urea,60,Urad,82
30,40,24,7,900,35,DAP,60,Urad,84
78,40,20,7.5,600,30,SSP,60,Urad,84
63,35,25,7,500,30,Urea,60,Urad,82
37,30,27,6,700,25,Hydrated Lime,60,Urad,82
69,35,20,7,500,30,DAP,60,Urad,83
20,35,25,6.5,900,25,Urea,60,Urad,83
75,35,29,7,500,25,SSP,60,Urad,83
60,35,30,7,500,25,SSP,60,Urad,82
66,40,26,7.5,600,25,Hydrated Lime,60,Urad,82
24,30,20,6,800,20,Sulphur,60,Urad,84
30,35,24,6.5,800,30,Sulphur,60,Urad,82
30,30,25,6,800,24,Magnesium Sulphate,60,Urad,83
67,35,27,7,500,27,SSP,60,Urad,82
38,35,20,6.5,800,30,DAP,60,Urad,82
64,40,25,7.5,600,25,DAP,60,Urad,82
31,30,30,6,700,25,DAP,60,Urad,83
74,40,20,7.5,600,30,SSP,60,Urad,84
60,40,25,7.5,600,27,Sulphur,60,Urad,82
37,40,20,7,900,35,SSP,60,Urad,84
68,35,26,7,500,28,Sulphur,60,Urad,82
39,40,20,7,900,35,SSP,60,Urad,84
20,30,25,6,800,25,SSP,60,Urad,83
38,30,20,6,700,25,Urea,60,Urad,82
20,30,20,6,800,20,Sulphur,60,Urad,84
69,35,25,7,500,29,Sulphur,60,Urad,83
62,35,22,7,500,30,MOP,60,Urad,83
26,40,25,7,1000,20,DAP,60,Urad,84
34,40,29,7,900,35,Sulphur,60,Urad,84
80,30,25,6.5,400,29,Magnesium Sulphate,60,Urad,84
28,40,23,7,1000,21,Ferrous Sulphate,60,Urad,84
27,35,25,6.5,900,25,Urea,60,Urad,83
74,35,20,7,500,30,DAP,60,Urad,84
60,35,25,7,500,30,Urea,60,Urad,82
76,40,20,7.5,600,30,SSP,60,Urad,84
38,35,26,6.5,800,30,Sulphur,60,Urad,82
23,40,20,7,1000,25,SSP,60,Urad,84
61,35,20,7,500,30,DAP,60,Urad,83
26,30,20,6,800,20,Urea,60,Urad,84
65,35,30,7,500,25,SSP,60,Urad,83
60,40,26,7.5,600,26,Sulphur,60,Urad,82
72,40,25,7.5,600,25,DAP,60,Urad,83
25,30,21,6,800,21,Sulphur,60,Urad,84
37,35,25,6.5,800,30,Urea,60,Urad,82
64,40,20,7.5,600,29,Magnesium Sulphate,60,Urad,83
20,30,27,6,800,22,Hydrated Lime,60,Urad,84
32,30,20,6,700,25,Urea,60,Urad,82
30,40,24,7,900,35,DAP,60,Urad,84
30,30,25,6,700,25,Hydrated Lime,60,Urad,82
35,35,29,6.5,800,30,SSP,60,Urad,82
60,40,20,7.5,600,29,Magnesium Sulphate,60,Urad,83
36,35,30,6.5,800,30,SSP,60,Urad,82
20,40,23,7,1000,23,SSP,60,Urad,84
76,40,30,7.5,600,25,Urea,60,Urad,84
26,40,20,7,1000,25,SSP,60,Urad,84
39,30,25,6,700,25,Magnesium Sulphate,60,Urad,81
20,30,25,6,800,24,Magnesium Sulphate,60,Urad,83
78,40,23,7.5,600,26,Ferrous Sulphate,60,Urad,83
37,35,27,6.5,800,30,SSP,60,Urad,82
20,30,21,6,800,21,Sulphur,60,Urad,84
37,35,22,6.5,800,30,MOP,60,Urad,82
25,30,29,6,800,20,DAP,60,Urad,84
21,35,20,6.5,900,25,DAP,60,Urad,84
80,35,24,7,500,27,Hydrated Lime,60,Urad,83
80,30,22,6.5,400,25,SSP,60,Urad,84
40,35,21,6.5,800,30,Hydrated Lime,60,Urad,82
68,40,30,7.5,600,25,Urea,60,Urad,83
40,40,25,7,900,35,DAP,60,Urad,83
65,30,20,6.5,400,25,Sulphur,60,Urad,84
28,40,30,7,1000,20,Urea,60,Urad,85
60,35,29,7,500,25,SSP,60,Urad,82
77,40,30,7.5,600,25,Urea,60,Urad,84
38,40,20,7,900,35,SSP,60,Urad,84
32,40,22,7,900,35,Hydrated Lime,60,Urad,84
60,40,24,7.5,600,25,DAP,60,Urad,82
72,40,25,7.5,600,25,DAP,60,Urad,83
76,30,28,6.5,400,26,Ferrous Sulphate,60,Urad,84
73,40,20,7.5,600,30,SSP,60,Urad,84
36,30,30,6,700,25,DAP,60,Urad,82
40,30,29,6,700,25,DAP,60,Urad,82
60,30,25,6.5,400,29,Magnesium Sulphate,60,Urad,83
75,35,30,7,500,25,SSP,60,Urad,83
60,40,28,7.5,600,25,Sulphur,60,Urad,82
70,30,30,6.5,400,25,DAP,60,Urad,84
60,30,28,6.5,400,26,Ferrous Sulphate,60,Urad,83
79,40,29,7.5,600,25,SSP,60,Urad,84
60,35,28,7,500,26,SSP,60,Urad,82
60,40,20,7.5,600,29,Magnesium Sulphate,60,Urad,83
32,30,20,6,700,25,Urea,60,Urad,82
25,30,21,6,800,21,Sulphur,60,Urad,84
74,40,20,7.5,600,29,Magnesium Sulphate,60,Urad,83
30,30,25,6,700,25,Magnesium Sulphate,60,Urad,82
64,30,25,6.5,400,30,SSP,60,Urad,83
75,35,30,7,500,25,SSP,60,Urad,83
61,40,28,7.5,600,25,SSP,60,Urad,82
30,35,24,6.5,800,30,SSP,60,Urad,82
40,40,25,7,900,35,DAP,60,Urad,83
29,40,30,7,1000,20,Urea,60,Urad,85
80,30,22,6.5,400,27,Sulphur,60,Urad,84
30,30,22,6,800,20,SSP,60,Urad,83
73,30,30,6.5,400,25,DAP,60,Urad,84
20,35,24,6.5,900,22,Hydrated Lime,60,Urad,84
68,40,28,7.5,600,25,Magnesium Sulphate,60,Urad,83
75,35,20,7,500,30,DAP,60,Urad,84
28,30,23,6,800,23,SSP,60,Urad,83
65,40,21,7.5,600,28,MOP,60,Urad,83
25,40,24,7,1000,20,DAP,60,Urad,84
40,40,20,7,900,35,Magnesium Sulphate,60,Urad,84
64,30,20,6.5,400,25,Urea,60,Urad,84
35,35,20,6.5,800,30,DAP,60,Urad,82
21,35,28,6.5,900,21,SSP,60,Urad,84
68,30,20,6.5,400,25,Urea,60,Urad,84
28,40,20,7,1000,25,SSP,60,Urad,84
30,40,29,7,900,35,SSP,60,Urad,84
60,35,23,7,500,30,SSP,60,Urad,82
38,30,23,6,700,25,SSP,60,Urad,82
62,30,27,6.5,400,27,Hydrated Lime,60,Urad,83
30,31,25,6.190872614,800,26,SSP,60,Urad,82
61,40,20,7.5,600,30,SSP,60,Urad,83
32,40,22,7,900,35,Hydrated Lime,60,Urad,84
76,30,25,6.5,400,30,SSP,60,Urad,84
29,40,30,7,1000,20,Urea,60,Urad,85
30,35,23,6.5,900,25,SSP,60,Urad,83
26,40,21,7,1000,23,MOP,60,Urad,84
70,40,30,7.5,600,25,Urea,60,Urad,83
75,35,22,7,500,30,MOP,60,Urad,83
65,40,22,7.5,600,27,Hydrated Lime,60,Urad,82
40,30,25,6,700,25,Magnesium Sulphate,60,Urad,81
22,40,27,7,1000,20,MOP,60,Urad,85
20,30,27,6,800,22,Hydrated Lime,60,Urad,84
30,30,23,6,700,25,SSP,60,Urad,82
20,35,28,6.5,900,21,SSP,60,Urad,84
66,30,25,6.5,400,30,SSP,60,Urad,83
65,30,29,6.5,400,25,DAP,60,Urad,84
26,30,28,6,800,21,Ferrous Sulphate,60,Urad,84
68,35,25,7,500,30,Urea,60,Urad,83
78,40,23,7.5,600,26,Ferrous Sulphate,60,Urad,83
60,30,24,6.5,400,29,SSP,60,Urad,83
30,35,24,6.5,800,30,Sulphur,60,Urad,82
20,40,24,7,1000,22,SSP,60,Urad,84
33,40,20,7,900,35,SSP,60,Urad,84
71,30,25,6.5,400,30,SSP,60,Urad,84
27,30,30,6,800,20,DAP,60,Urad,84
39,35,30,6.5,800,30,SSP,60,Urad,82
40,30,27,6,700,25,Hydrated Lime,60,Urad,82
27,40,25,7,1000,20,DAP,60,Urad,84
80,35,26,7,500,28,Sulphur,60,Urad,83
20,30,24,6,800,20,MOP,60,Urad,84
65,30,24,6.5,400,29,SSP,60,Urad,83
73,35,28,7,500,26,SSP,60,Urad,83
35,40,28,7,900,35,Magnesium Sulphate,60,Urad,84
76,40,28,7.5,600,25,Magnesium Sulphate,60,Urad,83
74,40,20,7.5,600,30,SSP,60,Urad,84
31,40,28,7,900,35,Magnesium Sulphate,60,Urad,84
80,40,25,7.5,600,25,DAP,60,Urad,83
30,30,26,6,800,20,Hydrated Lime,60,Urad,83
71,40,25,7.5,600,25,DAP,60,Urad,83
30,40,29,7,1000,20,Sulphur,60,Urad,84
30,35,24,6.5,800,30,SSP,60,Urad,82
38,30,30,6,700,25,DAP,60,Urad,82
75,35,24,7,500,30,SSP,60,Urad,83
20,35,29,6.5,900,20,SSP,60,Urad,84
76,40,25,7.5,600,25,DAP,60,Urad,83
79,30,25,6.5,400,30,SSP,60,Urad,84
60,35,30,7,500,25,SSP,60,Urad,82
25,30,25,6,800,25,SSP,60,Urad,83
27,30,30,6,800,20,DAP,60,Urad,84
37,35,27,6.5,800,30,Sulphur,60,Urad,82
65,30,25,6.5,400,30,SSP,60,Urad,83
30,40,25,7,900,35,DAP,60,Urad,84
30,30,23,6,700,25,SSP,60,Urad,82
75,30,25,6.5,400,30,SSP,60,Urad,84
60,35,25,7,500,29,Sulphur,60,Urad,82
65,30,24,6.5,400,29,SSP,60,Urad,83
71,35,25,7,500,30,Urea,60,Urad,83
29,35,25,6.5,900,24,Sulphur,60,Urad,83
21,40,30,7,1000,20,Urea,60,Urad,85
25,30,24,6,800,24,SSP,60,Urad,83
80,30,25,6.5,400,25,MOP,60,Urad,84
77,35,20,7,500,30,DAP,60,Urad,84
60,40,28,7.5,600,25,SSP,60,Urad,82
65,35,26,7,500,28,Sulphur,60,Urad,82
29,40,20,7,1000,25,SSP,60,Urad,84
78,40,21,7.5,600,28,MOP,60,Urad,83
22,35,30,6.5,900,20,SSP,60,Urad,84
67,35,27,7,500,27,SSP,60,Urad,82
30,40,27,7,1000,21,Sulphur,60,Urad,84
20,35,29,6.5,900,20,SSP,60,Urad,84
38,40,20,7,900,35,SSP,60,Urad,84
28,40,26,7,1000,20,Hydrated Lime,60,Urad,84
77,40,22,7.5,600,27,Hydrated Lime,60,Urad,83
30,35,24,6.5,900,25,SSP,60,Urad,83
22,35,22,6.5,900,25,MOP,60,Urad,83
24,40,30,7,1000,20,Urea,60,Urad,85
60,40,24,7.5,600,25,DAP,60,Urad,82
61,30,30,6.5,400,25,DAP,60,Urad,83
39,40,20,7,900,35,SSP,60,Urad,84
79,35,20,7,500,30,DAP,60,Urad,84
25,40,29,7,1000,20,Sulphur,60,Urad,85
70,40,26,7.5,600,25,Hydrated Lime,60,Urad,83
35,35,24,6.5,800,30,SSP,60,Urad,82
78,30,25,6.5,400,30,SSP,60,Urad,84
60,40,23,7.5,600,28,SSP,60,Urad,82
73,30,21,6.5,400,26,Sulphur,60,Urad,84
37,35,27,6.5,800,30,SSP,60,Urad,82
30,35,27,6.5,800,30,Sulphur,60,Urad,82
75,40,20,7.5,600,30,SSP,60,Urad,84
38,40,20,7,900,35,SSP,60,Urad,84
24,40,25,7,1000,20,DAP,60,Urad,84
25,35,20,6.5,900,25,DAP,60,Urad,83
35,30,30,6,700,25,DAP,60,Urad,82
80,30,25,6.5,400,29,Magnesium Sulphate,60,Urad,84
72,35,30,7,500,25,SSP,60,Urad,83
75,40,29,7.5,600,25,Sulphur,60,Urad,83
70,40,29,7.5,600,25,SSP,60,Urad,83
35,30,30,6,700,25,DAP,60,Urad,82
31,30,25,6,700,25,SSP,60,Urad,82
60,30,22,6.5,400,27,SSP,60,Urad,83
65,35,24,7,500,30,SSP,60,Urad,82
60,35,24,7,500,30,Sulphur,60,Urad,82
73,30,21,6.5,400,26,Sulphur,60,Urad,84
80,30,28,6.5,400,26,Ferrous Sulphate,60,Urad,84
79,30,24,6.5,400,29,SSP,60,Urad,84
69,35,25,7,500,30,Urea,60,Urad,83
70,30,20,6.5,400,25,Urea,60,Urad,84
36,30,26,6,700,25,MOP,60,Urad,82
60,35,25,7,500,27,Hydrated Lime,60,Urad,82
36,30,20,6,700,25,Urea,60,Urad,82
80,30,28,6.5,400,25,DAP,60,Urad,84
26,30,30,6,800,20,DAP,60,Urad,84
39,35,20,6.5,800,30,DAP,60,Urad,82
80,30,27,6.5,400,27,Hydrated Lime,60,Urad,84
73,35,26,7,500,28,Sulphur,60,Urad,83
25,35,22,6.5,900,25,MOP,60,Urad,83
65,35,21,7,500,30,Hydrated Lime,60,Urad,83
31,40,20,7,900,35,SSP,60,Urad,84
27,30,25,6,800,25,SSP,60,Urad,83
65,40,21,7.5,600,28,MOP,60,Urad,83
69,30,25,6.5,400,29,Magnesium Sulphate,60,Urad,83
38,35,25,6.5,800,30,Urea,60,Urad,82
40,35,27,6.5,800,30,SSP,60,Urad,82
25,35,24,6.5,900,25,Sulphur,60,Urad,83
26,30,30,6,800,20,DAP,60,Urad,84
25,35,20,6.5,900,25,DAP,60,Urad,83
30,40,29,7,900,35,Sulphur,60,Urad,84
28,40,20,7,1000,25,SSP,60,Urad,84
60,40,28,7.5,600,25,Magnesium Sulphate,60,Urad,82
25,35,20,6.5,900,25,DAP,60,Urad,83
20,30,23,6,800,23,SSP,60,Urad,84
21,40,28,7,1000,20,Magnesium Sulphate,60,Urad,85
62,30,22,6.5,400,27,Sulphur,60,Urad,83
25,30,29,6,800,20,DAP,60,Urad,84
65,40,28,7.5,600,25,SSP,60,Urad,83
30,40,25,7,900,35,Ferrous Sulphate,60,Urad,84
70,30,26,6.5,400,28,MOP,60,Urad,84
71,30,23,6.5,400,28,SSP,60,Urad,84
38,35,28,6.5,800,30,SSP,60,Urad,82
39,40,29,7,900,35,Sulphur,60,Urad,84
27,40,25,7,1000,20,DAP,60,Urad,84
21,40,28,7,1000,20,SSP,60,Urad,85
25,30,20,6,800,20,Sulphur,60,Urad,84
68,35,25,7,500,30,Urea,60,Urad,83
65,30,20,6.5,400,25,Sulphur,60,Urad,84
80,30,21,6.5,400,25,Sulphur,60,Urad,85
70,40,25,7.5,600,25,Ferrous Sulphate,60,Urad,83
39,30,25,6,700,25,SSP,60,Urad,81
71,35,30,7,500,25,SSP,60,Urad,83
66,35,23,7,500,30,SSP,60,Urad,83
31,40,20,7,900,35,SSP,60,Urad,84
75,40,28,7.5,600,25,SSP,60,Urad,83
76,35,28,7,500,26,SSP,60,Urad,83
20,40,21,7,1000,23,MOP,60,Urad,85
36,40,30,7,900,35,Urea,60,Urad,84
71,35,26,7,500,28,Sulphur,60,Urad,83
70,30,30,6.5,400,25,DAP,60,Urad,84
73,40,21,7.5,600,28,MOP,60,Urad,83
71,35,21,7,500,30,Hydrated Lime,60,Urad,83
40,30,20,6,700,25,Sulphur,60,Urad,82
25,30,25,6,800,24,Magnesium Sulphate,60,Urad,83
70,40,27,7.5,600,25,Hydrated Lime,60,Urad,83
30,32,22,6.299574292,800,27,Hydrated Lime,60,Urad,82
30,40,25,7,900,35,Sulphur,60,Urad,84
60,35,20,7,500,29,DAP,60,Urad,83
64,30,20,6.5,400,25,Sulphur,60,Urad,84
22,30,30,6,800,20,DAP,60,Urad,84
72,40,30,7.5,600,25,Urea,60,Urad,83
23,40,28,7,1000,20,Magnesium Sulphate,60,Urad,85
60,40,29,7.5,600,25,Sulphur,60,Urad,82
70,35,20,7,500,30,DAP,60,Urad,83
30,30,30,6,700,25,DAP,60,Urad,83
70,40,22,7.5,600,27,Hydrated Lime,60,Urad,83
73,35,30,7,500,25,SSP,60,Urad,83
70,30,24,6.5,400,29,SSP,60,Urad,84
78,35,30,7,500,25,SSP,60,Urad,84
35,40,20,7,900,35,Magnesium Sulphate,60,Urad,84
37,30,27,6,700,25,Hydrated Lime,60,Urad,82
36,40,26,7,900,35,Hydrated Lime,60,Urad,83
72,40,25,7.5,600,25,DAP,60,Urad,83
33,30,30,6,700,25,DAP,60,Urad,82
74,30,20,6.5,400,25,Urea,60,Urad,84
70,30,24,6.5,400,29,SSP,60,Urad,84
77,40,25,7.5,600,25,DAP,60,Urad,83
69,40,29,7.5,600,25,Sulphur,60,Urad,83
70,30,30,6.5,400,25,DAP,60,Urad,84
35,40,29,7,900,35,SSP,60,Urad,84
40,30,24,6,700,25,SSP,60,Urad,81
30,30,25,6.039579059,800,25,SSP,60,Urad,82
25,40,29,7,1000,20,Sulphur,60,Urad,85
22,40,27,7,1000,20,MOP,60,Urad,85
60,40,22,7.5,600,27,Hydrated Lime,60,Urad,82
78,40,23,7.5,600,26,Ferrous Sulphate,60,Urad,83
25,40,24,7,1000,20,DAP,60,Urad,84
63,40,20,7.5,600,30,SSP,60,Urad,83
35,35,20,6.5,800,30,DAP,60,Urad,82
35,40,20,7,900,35,SSP,60,Urad,84
35,35,21,6.5,800,30,Hydrated Lime,60,Urad,82
36,35,30,6.5,800,30,SSP,60,Urad,82
77,30,20,6.5,400,25,Urea,60,Urad,84
30,30,20,6,700,25,Sulphur,60,Urad,83
38,35,21,6.5,800,30,Hydrated Lime,60,Urad,82
70,30,28,6.5,400,26,Ferrous Sulphate,60,Urad,84
28,30,26,6,800,23,MOP,60,Urad,83
64,40,20,7.5,600,30,SSP,60,Urad,83
76,35,30,7,500,25,SSP,60,Urad,84
62,30,22,6.5,400,27,Sulphur,60,Urad,83
70,40,25,7.5,600,25,DAP,60,Urad,83
25,35,20,6.5,900,25,DAP,60,Urad,83
30,32,27,6.249183886,800,27,SSP,60,Urad,82
32,30,22,6,700,25,Sulphur,60,Urad,82
20,30,24,6,800,24,SSP,60,Urad,83
36,35,26,6.5,800,30,Sulphur,60,Urad,82
77,30,27,6.5,400,27,Hydrated Lime,60,Urad,84
78,35,26,7,500,28,Sulphur,60,Urad,83
60,30,20,6.5,400,25,Sulphur,60,Urad,83
33,30,26,6,700,25,MOP,60,Urad,82
25,40,30,7,1000,20,Urea,60,Urad,85
80,30,29,6.5,400,25,DAP,60,Urad,85
25,30,20,6,800,20,Sulphur,60,Urad,84
80,30,27,6.5,400,27,Hydrated Lime,60,Urad,84
25,30,29,6,800,20,DAP,60,Urad,84
74,30,20,6.5,400,25,Urea,60,Urad,84
77,30,27,6.5,400,27,Hydrated Lime,60,Urad,84
77,40,27,7.5,600,25,Hydrated Lime,60,Urad,83
29,40,25,7,1000,20,DAP,60,Urad,84
32,40,30,7,900,35,Urea,60,Urad,84
73,30,20,6.5,400,25,Urea,60,Urad,84
25,30,29,6,800,20,DAP,60,Urad,84
30,35,22,6.5,900,23,Ferrous Sulphate,60,Urad,83
60,35,25,7,500,30,Urea,60,Urad,82
30,30,25,6,700,25,Magnesium Sulphate,60,Urad,82
27,35,20,6.5,900,25,DAP,60,Urad,83
30,35,24,6.5,900,22,Hydrated Lime,60,Urad,83
25,35,20,6.5,900,25,DAP,60,Urad,83
38,30,30,6,700,25,DAP,60,Urad,82
37,30,27,6,700,25,Hydrated Lime,60,Urad,82
30,35,27,6.5,800,30,Sulphur,60,Urad,82
27,30,27,6,800,22,Hydrated Lime,60,Urad,83
62,40,22,7.5,600,27,Hydrated Lime,60,Urad,82
77,35,27,7,500,27,Sulphur,60,Urad,83
74,30,25,6.5,400,30,SSP,60,Urad,84
25,35,20,6.5,900,25,DAP,60,Urad,83
35,35,24,6.5,800,30,Sulphur,60,Urad,82
29,30,25,6,800,24,Magnesium Sulphate,60,Urad,83
75,30,21,6.5,400,26,Sulphur,60,Urad,84
70,40,23,7.5,600,26,Ferrous Sulphate,60,Urad,83
40,40,26,7,900,35,Hydrated Lime,60,Urad,83
32,35,27,6.5,800,30,Sulphur,60,Urad,82
35,30,20,6,700,25,Urea,60,Urad,82
60,40,24,7.5,600,25,DAP,60,Urad,82
61,40,26,7.5,600,25,Ferrous Sulphate,60,Urad,82
80,30,23,6.5,400,25,Magnesium Sulphate,60,Urad,84
60,35,24,7,500,30,Sulphur,60,Urad,82
78,40,28,7.5,600,25,SSP,60,Urad,83
36,40,21,7,900,35,MOP,60,Urad,84
65,35,21,7,500,30,Hydrated Lime,60,Urad,83
30,40,24,7,900,35,DAP,60,Urad,84
60,35,25,7,500,30,Urea,60,Urad,82
25,35,26,6.5,900,23,Sulphur,60,Urad,83
60,30,29,6.5,400,25,DAP,60,Urad,83
35,40,26,7,900,35,Hydrated Lime,60,Urad,84
76,40,20,7.5,600,30,SSP,60,Urad,84
75,30,29,6.5,400,25,DAP,60,Urad,84
37,40,30,7,900,35,Urea,60,Urad,84
31,35,28,6.5,800,30,SSP,60,Urad,83
30,40,25,7,900,35,Ferrous Sulphate,60,Urad,84
25,40,20,7,1000,24,Magnesium Sulphate,60,Urad,84
66,40,28,7.5,600,25,Magnesium Sulphate,60,Urad,83
36,40,30,7,900,35,Urea,60,Urad,84
25,40,26,7,1000,20,Ferrous Sulphate,60,Urad,84
21,40,28,7,1000,20,Magnesium Sulphate,60,Urad,85
79,35,25,7,500,30,Urea,60,Urad,83
35,30,29,6,700,25,DAP,60,Urad,82
35,40,20,7,900,35,Magnesium Sulphate,60,Urad,84
38,30,20,6,700,25,Urea,60,Urad,82
30,34,20,6.486733898,800,29,DAP,60,Urad,83
38,30,20,6,700,25,Sulphur,60,Urad,82
22,35,25,6.5,900,25,Urea,60,Urad,83
62,35,27,7,500,27,SSP,60,Urad,82
75,30,24,6.5,400,29,SSP,60,Urad,84
25,40,25,7,1000,20,Ferrous Sulphate,60,Urad,84
76,30,23,6.5,400,28,SSP,60,Urad,84
32,30,21,6,700,25,Sulphur,60,Urad,82
23,30,25,6,800,25,SSP,60,Urad,83
32,40,22,7,900,35,Hydrated Lime,60,Urad,84
61,40,21,7.5,600,28,MOP,60,Urad,82
73,40,20,7.5,600,30,SSP,60,Urad,84
30,35,27,6.5,900,22,Sulphur,60,Urad,83
77,30,25,6.5,400,30,SSP,60,Urad,84
77,40,20,7.5,600,30,SSP,60,Urad,84
61,30,30,6.5,400,25,DAP,60,Urad,83
20,30,30,6,800,20,DAP,60,Urad,84
76,40,23,7.5,600,26,Ferrous Sulphate,60,Urad,83
34,30,20,6,700,25,Urea,60,Urad,82
35,40,24,7,900,35,DAP,60,Urad,83
32,40,25,7,900,35,DAP,60,Urad,84
34,30,25,6,700,25,Magnesium Sulphate,60,Urad,82
68,35,20,7,500,30,DAP,60,Urad,83
77,30,27,6.5,400,27,Hydrated Lime,60,Urad,84
70,30,20,6.5,400,25,Urea,60,Urad,84
22,30,20,6,800,20,Urea,60,Urad,84
20,40,24,7,1000,22,SSP,60,Urad,84
61,40,30,7.5,600,25,Urea,60,Urad,83
21,30,23,6,800,23,SSP,60,Urad,83
20,35,25,6.5,900,24,Sulphur,60,Urad,83
65,35,25,7,500,30,Urea,60,Urad,82
60,30,20,6.5,400,25,Sulphur,60,Urad,83
77,30,22,6.5,400,27,SSP,60,Urad,84
40,35,20,6.5,800,30,Ferrous Sulphate,60,Urad,82
21,30,25,6,800,25,SSP,60,Urad,83
39,30,20,6,700,25,Sulphur,60,Urad,82
20,30,20,6,800,20,Urea,60,Urad,84
25,30,29,6,800,20,DAP,60,Urad,84
30,35,22,6.5,800,30,Hydrated Lime,60,Urad,83
80,30,26,6.5,400,28,MOP,60,Urad,84
27,40,30,7,1000,20,Urea,60,Urad,85
71,40,23,7.5,600,26,Ferrous Sulphate,60,Urad,83
70,40,20,7.5,600,29,Magnesium Sulphate,60,Urad,83
76,30,30,6.5,400,25,DAP,60,Urad,84
79,35,25,7,500,30,Urea,60,Urad,83
20,30,28,6,800,20,DAP,60,Urad,84
29,30,25,6,800,24,Magnesium Sulphate,60,Urad,83
64,40,25,7.5,600,25,DAP,60,Urad,82
32,40,25,7,900,35,DAP,60,Urad,84
26,35,20,6.5,900,25,DAP,60,Urad,83
68,40,30,7.5,600,25,Urea,60,Urad,83
75,35,29,7,500,25,SSP,60,Urad,83
39,35,20,6.5,800,30,DAP,60,Urad,82
37,30,25,6,700,25,SSP,60,Urad,82
33,35,20,6.5,800,30,DAP,60,Urad,83
62,35,25,7,500,30,Urea,60,Urad,82
79,35,30,7,500,25,SSP,60,Urad,84
70,35,20,7,500,30,Ferrous Sulphate,60,Urad,83
25,40,28,7,1000,20,SSP,60,Urad,85
20,35,24,6.5,900,25,Sulphur,60,Urad,83
76,40,20,7.5,600,30,SSP,60,Urad,84
33,40,23,7,900,35,Ferrous Sulphate,60,Urad,84
70,30,23,6.5,400,28,SSP,60,Urad,84
25,30,26,6,800,23,MOP,60,Urad,83
30,31,25,6.177836358,800,26,SSP,60,Urad,82
70,35,23,7,500,30,SSP,60,Urad,83
78,40,23,7.5,600,26,Ferrous Sulphate,60,Urad,83
70,35,22,7,500,30,MOP,60,Urad,83
72,40,22,7.5,600,27,Hydrated Lime,60,Urad,83
28,35,23,6.5,900,25,Magnesium Sulphate,60,Urad,83
69,30,30,6.5,400,25,DAP,60,Urad,84
36,35,30,6.5,800,30,SSP,60,Urad,82
66,40,25,7.5,600,25,DAP,60,Urad,82
75,30,20,6.5,400,25,Urea,60,Urad,84
40,40,22,7,900,35,SSP,60,Urad,83
22,40,25,7,1000,20,DAP,60,Urad,85
75,30,20,6.5,400,25,Sulphur,60,Urad,84
32,40,22,7,900,35,Hydrated Lime,60,Urad,84
37,35,25,6.5,800,30,Urea,60,Urad,82
36,35,21,6.5,800,30,Hydrated Lime,60,Urad,82
70,40,23,7.5,600,26,Ferrous Sulphate,60,Urad,83
29,30,29,6,800,20,DAP,60,Urad,84
40,30,24,6,700,25,SSP,60,Urad,81
33,40,26,7,900,35,Ferrous Sulphate,60,Urad,84
65,30,30,6.5,400,25,DAP,60,Urad,84
66,35,30,7,500,25,SSP,60,Urad,83
77,35,25,7,500,30,Urea,60,Urad,83
23,40,28,7,1000,20,SSP,60,Urad,85
40,35,24,6.5,800,30,SSP,60,Urad,82
68,35,28,7,500,26,SSP,60,Urad,83
73,35,30,7,500,25,SSP,60,Urad,83
28,35,25,6.5,900,25,Urea,60,Urad,83
77,40,27,7.5,600,25,Magnesium Sulphate,60,Urad,83
78,30,30,6.5,400,25,DAP,60,Urad,85
30,30,24,6,700,25,SSP,60,Urad,82
30,30,29,6,700,25,DAP,60,Urad,82
29,30,20,6,800,20,Sulphur,60,Urad,84
60,35,20,7,500,30,DAP,60,Urad,83
32,40,30,7,900,35,Urea,60,Urad,84
60,35,20,7,500,30,Ferrous Sulphate,60,Urad,83
22,40,30,7,1000,20,Urea,60,Urad,85
70,35,29,7,500,25,SSP,60,Urad,83
23,35,21,6.5,900,25,Ferrous Sulphate,60,Urad,83
74,35,20,7,500,30,DAP,60,Urad,84
63,40,23,7.5,600,26,Ferrous Sulphate,60,Urad,82
36,40,21,7,900,35,MOP,60,Urad,84
39,40,25,7,900,35,Ferrous Sulphate,60,Urad,83
66,30,20,6.5,400,25,Urea,60,Urad,84
37,30,27,6,700,25,Hydrated Lime,60,Urad,82
38,30,20,6,700,25,Urea,60,Urad,82
30,35,20,6.5,800,30,DAP,60,Urad,83
65,30,24,6.5,400,29,SSP,60,Urad,83
20,30,29,6,800,20,DAP,60,Urad,84
75,40,21,7.5,600,28,MOP,60,Urad,83
65,35,20,7,500,30,DAP,60,Urad,83
61,30,30,6.5,400,25,DAP,60,Urad,83
62,30,27,6.5,400,27,Hydrated Lime,60,Urad,83
40,40,24,7,900,35,DAP,60,Urad,83
65,40,25,7.5,600,25,DAP,60,Urad,82
21,30,25,6,800,25,SSP,60,Urad,83
75,30,21,6.5,400,26,Sulphur,60,Urad,84
64,40,30,7.5,600,25,Urea,60,Urad,83
24,35,25,6.5,900,24,Sulphur,60,Urad,83
60,40,20,7.5,600,29,SSP,60,Urad,83
22,40,22,7,1000,22,Hydrated Lime,60,Urad,85
65,30,24,6.5,400,29,SSP,60,Urad,83
68,35,20,7,500,30,DAP,60,Urad,83
30,31,25,6.159550237,800,26,SSP,60,Urad,82
69,40,25,7.5,600,25,DAP,60,Urad,82
74,30,30,6.5,400,25,DAP,60,Urad,84
72,35,27,7,500,27,SSP,60,Urad,83
66,35,26,7,500,28,Sulphur,60,Urad,82
74,35,20,7,500,30,DAP,60,Urad,84
70,40,20,7.5,600,30,SSP,60,Urad,83
25,30,28,6,800,21,Ferrous Sulphate,60,Urad,84
38,40,25,7,900,35,DAP,60,Urad,83
31,40,23,7,900,35,Ferrous Sulphate,60,Urad,84
29,30,30,6,800,20,DAP,60,Urad,84
31,40,25,7,900,35,DAP,60,Urad,84
62,40,22,7.5,600,27,Hydrated Lime,60,Urad,82
25,30,21,6,800,21,Sulphur,60,Urad,84
30,31,26,6.159376251,800,26,SSP,60,Urad,82
40,40,21,7,900,35,MOP,60,Urad,84
24,35,24,6.5,900,25,Sulphur,60,Urad,83
20,30,26,6,800,20,Hydrated Lime,60,Urad,84
27,30,30,6,800,20,DAP,60,Urad,84
69,40,30,7.5,600,25,Urea,60,Urad,83
60,40,24,7.5,600,25,DAP,60,Urad,82
30,30,20,6,700,25,Sulphur,60,Urad,83
40,35,28,6.5,800,30,Magnesium Sulphate,60,Urad,82
40,30,22,6,700,25,SSP,60,Urad,82
65,40,29,7.5,600,25,Sulphur,60,Urad,83
20,30,21,6,800,21,Sulphur,60,Urad,84
79,40,29,7.5,600,25,Sulphur,60,Urad,84
61,35,20,7,500,30,DAP,60,Urad,83
30,31,26,6.116405856,800,26,SSP,60,Urad,82
75,30,30,6.5,400,25,DAP,60,Urad,84
62,30,22,6.5,400,27,Sulphur,60,Urad,83
71,40,20,7.5,600,30,SSP,60,Urad,83
39,30,24,6,700,25,SSP,60,Urad,81
24,40,29,7,1000,20,Sulphur,60,Urad,85
23,35,20,6.5,900,25,DAP,60,Urad,83
77,30,22,6.5,400,27,Sulphur,60,Urad,84
72,30,20,6.5,400,25,Urea,60,Urad,84
68,30,23,6.5,400,28,SSP,60,Urad,83
30,35,22,6.5,900,23,Ferrous Sulphate,60,Urad,83
65,35,20,7,500,30,DAP,60,Urad,83
66,40,20,7.5,600,30,SSP,60,Urad,83
20,30,28,6,800,21,Ferrous Sulphate,60,Urad,84
30,31,25,6.14815406,800,26,SSP,60,Urad,82
32,40,20,7,900,35,SSP,60,Urad,84
70,40,25,7.5,600,25,DAP,60,Urad,83
75,30,25,6.5,400,29,Magnesium Sulphate,60,Urad,84
39,35,24,6.5,800,30,Sulphur,60,Urad,82
30,35,22,6.5,900,25,Hydrated Lime,60,Urad,83
65,35,21,7,500,30,Hydrated Lime,60,Urad,83
68,40,20,7.5,600,30,SSP,60,Urad,83
23,40,25,7,1000,20,DAP,60,Urad,84
34,40,25,7,900,35,DAP,60,Urad,83
31,40,30,7,900,35,Urea,60,Urad,84
25,40,24,7,1000,20,DAP,60,Urad,84
30,32,25,6.208790388,800,27,SSP,60,Urad,82
20,40,29,7,1000,20,Sulphur,60,Urad,85
24,30,20,6,800,20,Urea,60,Urad,84
64,35,30,7,500,25,SSP,60,Urad,83
60,30,23,6.5,400,25,Magnesium Sulphate,60,Urad,83
25,30,30,6,800,20,DAP,60,Urad,84
29,40,25,7,1000,20,DAP,60,Urad,84
28,35,21,6.5,900,25,Ferrous Sulphate,60,Urad,83
20,30,29,6,800,20,DAP,60,Urad,84
23,40,20,7,1000,25,SSP,60,Urad,84
35,40,21,7,900,35,MOP,60,Urad,84
60,35,27,7,500,27,Sulphur,60,Urad,82
38,30,21,6,700,25,Sulphur,60,Urad,82
35,35,25,6.5,800,30,Sulphur,60,Urad,82
68,40,20,7.5,600,30,SSP,60,Urad,83
61,40,30,7.5,600,25,Urea,60,Urad,83
31,40,25,7,900,35,DAP,60,Urad,84
63,40,30,7.5,600,25,Urea,60,Urad,83
40,40,20,7,900,35,Magnesium Sulphate,60,Urad,84
29,35,25,6.5,900,24,Sulphur,60,Urad,83
75,40,24,7.5,600,25,DAP,60,Urad,83
70,40,20,7.5,600,29,Magnesium Sulphate,60,Urad,83
74,35,30,7,500,25,SSP,60,Urad,83
30,30,30,6,700,25,DAP,60,Urad,83
21,40,20,7,1000,25,SSP,60,Urad,85
71,30,23,6.5,400,28,SSP,60,Urad,84
61,30,23,6.5,400,28,SSP,60,Urad,83
40,35,28,6.5,800,30,Magnesium Sulphate,60,Urad,82
34,40,29,7,900,35,SSP,60,Urad,84
28,40,20,7,1000,25,SSP,60,Urad,84
78,35,23,7,500,30,SSP,60,Urad,83
80,40,25,7.5,600,27,Sulphur,60,Urad,83
40,30,27,6,700,25,Hydrated Lime,60,Urad,82
62,30,22,6.5,400,27,Sulphur,60,Urad,83
25,35,29,6.5,900,20,SSP,60,Urad,84
20,30,20,6,800,20,Sulphur,60,Urad,84
21,30,28,6,800,21,Ferrous Sulphate,60,Urad,84
60,35,29,7,500,25,SSP,60,Urad,82
35,40,20,7,900,35,SSP,60,Urad,84
34,30,25,6,700,25,Magnesium Sulphate,60,Urad,82
70,40,25,7.5,600,25,DAP,60,Urad,83
39,40,25,7,900,35,Ferrous Sulphate,60,Urad,83
65,30,21,6.5,400,26,Sulphur,60,Urad,83
37,35,22,6.5,800,30,MOP,60,Urad,82
40,35,29,6.5,800,30,SSP,60,Urad,82
62,40,25,7.5,600,25,DAP,60,Urad,82
23,40,28,7,1000,20,Magnesium Sulphate,60,Urad,85
23,30,28,6,800,21,Ferrous Sulphate,60,Urad,84
63,30,26,6.5,400,28,MOP,60,Urad,83
77,35,27,7,500,27,SSP,60,Urad,83
69,30,25,6.5,400,30,SSP,60,Urad,84
80,40,26,7.5,600,25,Ferrous Sulphate,60,Urad,83
25,35,28,6.5,900,21,SSP,60,Urad,84
70,35,29,7,500,25,SSP,60,Urad,83
20,30,24,6,800,24,SSP,60,Urad,83
67,35,30,7,500,25,SSP,60,Urad,83
72,35,22,7,500,30,MOP,60,Urad,83
22,30,27,6,800,22,Hydrated Lime,60,Urad,84
60,30,21,6.5,400,25,SSP,60,Urad,83
73,35,26,7,500,28,Sulphur,60,Urad,83
70,30,21,6.5,400,26,Sulphur,60,Urad,84
35,40,30,7,900,35,Urea,60,Urad,84
71,35,28,7,500,26,SSP,60,Urad,83
74,30,20,6.5,400,25,Urea,60,Urad,84
31,40,20,7,900,35,SSP,60,Urad,84
28,30,30,6,800,20,DAP,60,Urad,84
80,35,25,7,500,29,Sulphur,60,Urad,83
74,35,24,7,500,30,Sulphur,60,Urad,83
40,40,28,7,900,35,Magnesium Sulphate,60,Urad,83
28,30,20,6,800,20,Urea,60,Urad,84
23,35,25,6.5,900,25,Urea,60,Urad,83
71,40,23,7.5,600,26,Ferrous Sulphate,60,Urad,83
63,40,25,7.5,600,25,DAP,60,Urad,82
73,35,30,7,500,25,SSP,60,Urad,83
79,35,29,7,500,25,SSP,60,Urad,84
35,35,20,6.5,800,30,DAP,60,Urad,82
30,35,29,6.5,800,30,SSP,60,Urad,83
80,30,20,6.5,400,25,Sulphur,60,Urad,85
30,35,24,6.5,800,30,SSP,60,Urad,82
60,40,24,7.5,600,25,DAP,60,Urad,82
73,30,20,6.5,400,25,Urea,60,Urad,84
31,40,30,7,900,35,Urea,60,Urad,84
75,35,25,7,500,29,Sulphur,60,Urad,83
60,35,20,7,500,30,Ferrous Sulphate,60,Urad,83
30,35,20,6.5,800,30,Ferrous Sulphate,60,Urad,83
22,40,27,7,1000,20,MOP,60,Urad,85
40,30,24,6,700,25,SSP,60,Urad,81
36,40,21,7,900,35,MOP,60,Urad,84
75,35,21,7,500,30,Hydrated Lime,60,Urad,84
39,35,30,6.5,800,30,SSP,60,Urad,82
26,30,30,6,800,20,DAP,60,Urad,84
65,40,21,7.5,600,28,MOP,60,Urad,83
70,35,23,7,500,30,Magnesium Sulphate,60,Urad,83
20,35,24,6.5,900,22,Hydrated Lime,60,Urad,84
40,30,21,6,700,25,Sulphur,60,Urad,82
65,35,25,7,500,29,Sulphur,60,Urad,82
78,35,23,7,500,30,SSP,60,Urad,83
27,40,27,7,1000,20,MOP,60,Urad,84
20,40,30,7,1000,20,Urea,60,Urad,85
80,40,23,7.5,600,28,SSP,60,Urad,83
38,40,30,7,900,35,Urea,60,Urad,84
30,30,24,6,800,24,SSP,60,Urad,83
20,30,28,6,800,20,DAP,60,Urad,84
79,30,30,6.5,400,25,DAP,60,Urad,85
36,35,25,6.5,800,30,Urea,60,Urad,82
75,35,29,7,500,25,SSP,60,Urad,83
66,35,30,7,500,25,SSP,60,Urad,83
20,40,22,7,1000,23,SSP,60,Urad,85
60,30,25,6.5,400,29,Magnesium Sulphate,60,Urad,83
60,40,27,7.5,600,25,Magnesium Sulphate,60,Urad,82
30,40,23,7,1000,23,SSP,60,Urad,84
63,40,23,7.5,600,26,Ferrous Sulphate,60,Urad,82
20,30,30,6,800,20,DAP,60,Urad,84
34,30,29,6,700,25,DAP,60,Urad,82
35,30,25,6,700,25,Magnesium Sulphate,60,Urad,82
30,40,29,7,1000,20,Sulphur,60,Urad,84
40,30,28,6,700,25,Ferrous Sulphate,60,Urad,82
24,35,20,6.5,900,25,DAP,60,Urad,83
30,30,22,6,800,20,SSP,60,Urad,83
30,40,30,7,900,35,Urea,60,Urad,84
69,40,30,7.5,600,25,Urea,60,Urad,83
63,35,20,7,500,30,DAP,60,Urad,83
27,35,22,6.5,900,25,MOP,60,Urad,83
40,40,28,7,900,35,SSP,60,Urad,83
30,35,23,6.5,900,23,Ferrous Sulphate,60,Urad,83
35,30,22,6,700,25,SSP,60,Urad,82
31,35,25,6.5,800,30,Urea,60,Urad,82
35,30,29,6,700,25,DAP,60,Urad,82
62,30,25,6.5,400,30,SSP,60,Urad,83
77,40,20,7.5,600,30,SSP,60,Urad,84
69,35,29,7,500,25,SSP,60,Urad,83
63,35,28,7,500,26,SSP,60,Urad,82
36,40,30,7,900,35,Urea,60,Urad,84
80,40,26,7.5,600,25,Ferrous Sulphate,60,Urad,83
34,30,30,6,700,25,DAP,60,Urad,82
30,30,28,6,700,25,Ferrous Sulphate,60,Urad,82
61,40,30,7.5,600,25,Urea,60,Urad,83
73,30,25,6.5,400,30,SSP,60,Urad,84
70,35,25,7,500,30,Urea,60,Urad,83
25,30,29,6,800,20,DAP,60,Urad,84
22,40,30,7,1000,20,Urea,60,Urad,85
34,35,20,6.5,800,30,DAP,60,Urad,83
32,40,25,7,900,35,DAP,60,Urad,84
28,30,30,6,800,20,DAP,60,Urad,84
73,30,20,6.5,400,25,Urea,60,Urad,84
76,30,20,6.5,400,25,Urea,60,Urad,84
60,40,20,7.5,600,29,SSP,60,Urad,83
70,30,27,6.5,400,27,Hydrated Lime,60,Urad,84
29,40,30,7,1000,20,Urea,60,Urad,85
65,40,21,7.5,600,28,MOP,60,Urad,83
33,30,21,6,700,25,Sulphur,60,Urad,82
80,35,24,7,500,30,Sulphur,60,Urad,83
26,30,23,6,800,23,SSP,60,Urad,83
71,40,20,7.5,600,30,SSP,60,Urad,83
60,30,25,6.5,400,30,SSP,60,Urad,83
77,40,27,7.5,600,25,MOP,60,Urad,83
34,30,20,6,700,25,Urea,60,Urad,82
60,30,30,6.5,400,25,DAP,60,Urad,83
70,40,24,7.5,600,25,DAP,60,Urad,83
31,30,23,6,700,25,SSP,60,Urad,82
20,35,26,6.5,900,23,Sulphur,60,Urad,83
20,40,24,7,1000,20,DAP,60,Urad,85
35,30,23,6,700,25,SSP,60,Urad,82
61,30,25,6.5,400,30,SSP,60,Urad,83
65,40,25,7.5,600,25,DAP,60,Urad,82
35,40,30,7,900,35,Urea,60,Urad,84
60,40,25,7.5,600,25,DAP,60,Urad,82
23,35,28,6.5,900,21,SSP,60,Urad,84
71,35,25,7,500,30,Urea,60,Urad,83
22,30,27,6,800,22,Hydrated Lime,60,Urad,84
34,40,30,7,900,35,Urea,60,Urad,84
35,40,20,7,900,35,Magnesium Sulphate,60,Urad,84
80,30,28,6.5,400,26,Ferrous Sulphate,60,Urad,84
37,40,27,7,900,35,MOP,60,Urad,84
21,40,20,7,1000,25,SSP,60,Urad,85
60,40,24,7.5,600,27,SSP,60,Urad,82
30,30,29,6,700,25,DAP,60,Urad,82
77,40,22,7.5,600,27,Hydrated Lime,60,Urad,83
78,40,30,7.5,600,25,Urea,60,Urad,84
70,30,21,6.5,400,26,Sulphur,60,Urad,84
33,35,26,6.5,800,30,Sulphur,60,Urad,82
27,30,25,6,800,25,SSP,60,Urad,83
60,40,25,7.5,600,25,DAP,60,Urad,82
34,30,20,6,700,25,Urea,60,Urad,82
63,30,21,6.5,400,26,Sulphur,60,Urad,83
37,30,22,6,700,25,Sulphur,60,Urad,82
28,35,26,6.5,900,23,Sulphur,60,Urad,83
26,30,28,6,800,21,Ferrous Sulphate,60,Urad,84
31,40,30,7,900,35,Urea,60,Urad,84
29,35,29,6.5,900,20,SSP,60,Urad,84
33,40,20,7,900,35,SSP,60,Urad,84
30,34,25,6.480190587,800,29,Sulphur,60,Urad,82
34,35,20,6.5,800,30,DAP,60,Urad,83
30,40,24,7,900,35,DAP,60,Urad,84
25,30,23,6,800,23,SSP,60,Urad,83
79,30,20,6.5,400,25,Urea,60,Urad,85
64,30,20,6.5,400,25,Sulphur,60,Urad,84
30,30,22,6,800,22,SSP,60,Urad,83
21,40,26,7,1000,20,Hydrated Lime,60,Urad,85
27,35,20,6.5,900,25,DAP,60,Urad,83
77,35,25,7,500,30,Urea,60,Urad,83
30,40,29,7,1000,20,Sulphur,60,Urad,84
61,40,30,7.5,600,25,Urea,60,Urad,83
32,35,27,6.5,800,30,Sulphur,60,Urad,82
35,40,29,7,900,35,Sulphur,60,Urad,84
70,30,23,6.5,400,28,SSP,60,Urad,84
20,40,25,7,1000,20,DAP,60,Urad,85
30,40,24,7,1000,20,DAP,60,Urad,84
60,35,23,7,500,30,Magnesium Sulphate,60,Urad,82
60,30,25,6.5,400,29,Magnesium Sulphate,60,Urad,83
72,30,25,6.5,400,30,SSP,60,Urad,84
76,30,28,6.5,400,26,Ferrous Sulphate,60,Urad,84
75,35,20,7,500,30,DAP,60,Urad,84
68,30,20,6.5,400,25,Urea,60,Urad,84
61,35,30,7,500,25,SSP,60,Urad,83
20,40,20,7,1000,25,SSP,60,Urad,85
28,30,23,6,800,23,SSP,60,Urad,83
22,35,30,6.5,900,20,SSP,60,Urad,84
34,40,20,7,900,35,SSP,60,Urad,84
40,40,20,7,900,35,Magnesium Sulphate,60,Urad,84
39,40,30,7,900,35,Urea,60,Urad,84
75,35,27,7,500,27,Sulphur,60,Urad,83
78,30,21,6.5,400,26,Sulphur,60,Urad,84
29,30,20,6,800,20,Urea,60,Urad,84
70,35,21,7,500,30,Hydrated Lime,60,Urad,83
60,30,20,6.5,400,25,Urea,60,Urad,83
65,35,26,7,500,28,Sulphur,60,Urad,82
69,35,29,7,500,25,SSP,60,Urad,83
30,40,29,7,900,35,Sulphur,60,Urad,84
31,35,30,6.5,800,30,SSP,60,Urad,83
74,40,20,7.5,600,30,SSP,60,Urad,84
20,40,29,7,1000,20,SSP,60,Urad,85
62,40,27,7.5,600,25,MOP,60,Urad,82
20,30,26,6,800,20,Hydrated Lime,60,Urad,84
27,35,27,6.5,900,22,SSP,60,Urad,83
63,35,21,7,500,30,Ferrous Sulphate,60,Urad,83
30,35,29,6.5,800,30,SSP,60,Urad,83
60,40,25,7.5,600,25,DAP,60,Urad,82
61,30,20,6.5,400,25,Urea,60,Urad,83
31,30,20,6,700,25,Sulphur,60,Urad,82
74,35,20,7,500,30,DAP,60,Urad,84
66,40,25,7.5,600,25,DAP,60,Urad,82
69,30,24,6.5,400,29,SSP,60,Urad,84
76,35,20,7,500,30,DAP,60,Urad,84
64,30,25,6.5,400,30,SSP,60,Urad,83
71,30,30,6.5,400,25,DAP,60,Urad,84
30,40,28,7,1000,20,Magnesium Sulphate,60,Urad,84
67,30,30,6.5,400,25,DAP,60,Urad,84
22,35,27,6.5,900,22,Sulphur,60,Urad,84
78,35,30,7,500,25,SSP,60,Urad,84
33,30,23,6,700,25,SSP,60,Urad,82
60,40,20,7.5,600,30,SSP,60,Urad,83
39,40,24,7,900,35,DAP,60,Urad,83
36,30,20,6,700,25,Urea,60,Urad,82
80,35,25,7,500,29,Sulphur,60,Urad,83
61,35,25,7,500,30,Urea,60,Urad,82
20,30,30,6,800,20,DAP,60,Urad,84
75,40,30,7.5,600,25,Urea,60,Urad,83
71,40,25,7.5,600,25,DAP,60,Urad,83
22,35,27,6.5,900,22,Sulphur,60,Urad,84
20,40,25,7,1000,20,DAP,60,Urad,85
28,40,25,7,1000,20,DAP,60,Urad,84
33,30,30,6,700,25,DAP,60,Urad,82
70,35,27,7,500,27,Sulphur,60,Urad,83
63,30,20,6.5,400,25,Urea,60,Urad,84
66,35,30,7,500,25,SSP,60,Urad,83
60,30,20,6.5,400,25,Sulphur,60,Urad,83
25,40,25,7,1000,20,DAP,60,Urad,84
30,34,25,6.433515748,800,29,Sulphur,60,Urad,82
70,30,22,6.5,400,27,SSP,60,Urad,84
37,35,20,6.5,800,30,DAP,60,Urad,82
38,30,30,6,700,25,DAP,60,Urad,82
67,35,20,7,500,30,DAP,60,Urad,83
35,35,29,6.5,800,30,SSP,60,Urad,82
34,30,20,6,700,25,Urea,60,Urad,82
32,35,27,6.5,800,30,SSP,60,Urad,82
21,30,20,6,800,20,Urea,60,Urad,84
40,35,27,6.5,800,30,SSP,60,Urad,82
35,30,30,6,700,25,DAP,60,Urad,82
70,40,26,7.5,600,25,Ferrous Sulphate,60,Urad,83
60,40,23,7.5,600,28,SSP,60,Urad,82
68,40,30,7.5,600,25,Urea,60,Urad,83
31,30,23,6,700,25,SSP,60,Urad,82
30,30,24,6,700,25,SSP,60,Urad,82
60,35,23,7,500,30,SSP,60,Urad,82
40,30,20,6,700,25,Sulphur,60,Urad,82
30,35,29,6.5,800,30,SSP,60,Urad,83
30,35,21,6.5,900,25,Ferrous Sulphate,60,Urad,83
25,40,29,7,1000,20,Sulphur,60,Urad,85
30,30,25,6.090488476,800,25,SSP,60,Urad,82
21,40,30,7,1000,20,Urea,60,Urad,85
70,35,27,7,500,27,Sulphur,60,Urad,83
80,30,22,6.5,400,25,SSP,60,Urad,84
70,35,29,7,500,25,SSP,60,Urad,83
67,35,20,7,500,30,DAP,60,Urad,83
75,30,27,6.5,400,27,Hydrated Lime,60,Urad,84
71,30,21,6.5,400,26,Sulphur,60,Urad,84
20,40,25,7,1000,22,Sulphur,60,Urad,84
38,30,20,6,700,25,Urea,60,Urad,82
60,30,26,6.5,400,28,MOP,60,Urad,83
75,40,25,7.5,600,25,DAP,60,Urad,83
76,35,30,7,500,25,SSP,60,Urad,84
75,30,28,6.5,400,26,Ferrous Sulphate,60,Urad,84
61,35,26,7,500,28,Sulphur,60,Urad,82
71,30,25,6.5,400,30,SSP,60,Urad,84
70,30,20,6.5,400,25,Urea,60,Urad,84
24,35,20,6.5,900,25,DAP,60,Urad,83
37,40,20,7,900,35,SSP,60,Urad,84
110,63,40,6.5,800,15,19:19:19 NPK,55,Wheat,114
101,56,41,6.737637544,900,15,19:19:19 NPK,55,Wheat,114
76,40,50,7.364108174,600,20,19:19:19 NPK,55,Wheat,113
116,75,45,7,500,15,Urea,55,Wheat,116
80,56,55,6.948458746,500,15,19:19:19 NPK,55,Wheat,114
60,56,48,7.316764855,700,25,19:19:19 NPK,55,Wheat,113
77,55,57,7.232112658,500,15,19:19:19 NPK,55,Wheat,114
104,60,45,6.5,1000,25,Urea,55,Wheat,115
85,55,40,6.5,800,15,Urea,55,Wheat,113
113,43,43,6.5,1000,25,19:19:19 NPK,55,Wheat,115
78,50,55,7.5,600,30,Urea,55,Wheat,114
69,60,40,6.5,600,20,Urea,55,Wheat,113
107,50,42,6.704553528,900,20,Urea,55,Wheat,113
71,50,45,7,600,20,19:19:19 NPK,55,Wheat,112
120,55,44,7,800,20,19:19:19 NPK,55,Wheat,113
65,57,55,6.731860413,500,15,19:19:19 NPK,55,Wheat,114
116,75,45,7,500,15,Urea,55,Wheat,116
101,51,45,7,500,15,19:19:19 NPK,55,Wheat,113
71,60,45,7,500,25,19:19:19 NPK,55,Wheat,114
83,45,40,6.5,1000,25,19:19:19 NPK,55,Wheat,115
61,50,46,7,500,25,19:19:19 NPK,55,Wheat,114
100,55,45,7,700,25,Urea,55,Wheat,112
75,44,60,6,500,15,19:19:19 NPK,55,Wheat,115
110,73,53,7.5,600,20,Urea,55,Wheat,114
70,45,40,6.5,600,20,19:19:19 NPK,55,Wheat,113
74,50,55,7.5,600,20,Urea,55,Wheat,112
79,50,40,6.561330323,700,25,Urea,55,Wheat,113
76,40,40,6,500,15,19:19:19 NPK,55,Wheat,115
65,51,60,6.340015954,500,15,19:19:19 NPK,55,Wheat,115
65,44,50,7.0913889,500,15,Urea,55,Wheat,114
110,60,57,6,800,20,19:19:19 NPK,55,Wheat,113
117,50,40,6.5,900,20,Urea,55,Wheat,114
117,40,40,6,500,15,Urea,55,Wheat,116
75,50,50,7,700,25,19:19:19 NPK,55,Wheat,112
79,60,40,6.5,600,20,Urea,55,Wheat,113
104,80,55,6,500,15,19:19:19 NPK,55,Wheat,116
75,45,50,7,500,18,Urea,55,Wheat,113
60,48,43,6.830485104,500,15,19:19:19 NPK,55,Wheat,115
113,80,40,6.5,800,15,Urea,55,Wheat,116
88,45,40,6.5,1000,25,19:19:19 NPK,55,Wheat,115
64,40,40,6,500,15,19:19:19 NPK,55,Wheat,116
75,40,55,7.330629636,500,15,Urea,55,Wheat,115
80,51,51,7,700,25,19:19:19 NPK,55,Wheat,112
63,41,53,7.142031646,1000,25,Chilated Micronutrient,55,Wheat,116
69,60,45,7,500,25,19:19:19 NPK,55,Wheat,114
100,45,50,7,500,15,19:19:19 NPK,55,Wheat,114
110,50,49,7,800,25,19:19:19 NPK,55,Wheat,113
108,61,48,7.10642906,600,20,19:19:19 NPK,55,Wheat,112
65,55,40,6.5,600,20,19:19:19 NPK,55,Wheat,113
89,60,50,7.5,800,15,Urea,55,Wheat,112
80,40,50,7.168249115,600,20,19:19:19 NPK,55,Wheat,112
120,60,49,7.5,900,15,Urea,55,Wheat,114
60,40,49,6.919595974,600,20,19:19:19 NPK,55,Wheat,113
120,40,52,7.225633105,800,15,19:19:19 NPK,55,Wheat,114
118,40,40,6,800,15,19:19:19 NPK,55,Wheat,115
71,41,56,6.977941889,500,15,Urea,55,Wheat,115
117,40,55,7.5,900,25,Urea,55,Wheat,115
88,45,50,6.5,1000,25,19:19:19 NPK,55,Wheat,114
111,65,50,7,500,15,Urea,55,Wheat,114
71,40,60,6,900,20,Urea,55,Wheat,114
116,60,45,7,700,25,Urea,55,Wheat,113
76,43,56,6.974449349,700,25,19:19:19 NPK,55,Wheat,113
100,55,40,7,800,20,19:19:19 NPK,55,Wheat,112
81,40,40,6,500,15,19:19:19 NPK,55,Wheat,115
117,40,55,7.5,800,15,19:19:19 NPK,55,Wheat,114
110,75,40,6.5,600,20,19:19:19 NPK,55,Wheat,114
100,40,48,6.816142098,900,21,Urea,55,Wheat,113
100,53,45,7,500,15,19:19:19 NPK,55,Wheat,113
117,45,40,6.5,900,20,19:19:19 NPK,55,Wheat,114
104,55,55,7.5,800,15,Urea,55,Wheat,113
111,80,50,7.5,600,20,Urea,55,Wheat,114
64,45,40,6.553976722,500,15,19:19:19 NPK,55,Wheat,115
106,50,43,6.815569313,900,20,Urea,55,Wheat,113
110,77,46,7,700,25,19:19:19 NPK,55,Wheat,114
77,54,45,7,500,25,19:19:19 NPK,55,Wheat,114
75,45,40,6.5,1000,25,19:19:19 NPK,55,Wheat,115
60,42,60,6,500,15,19:19:19 NPK,55,Wheat,116
79,45,50,6.5,1000,25,Urea,55,Wheat,114
111,60,55,7.5,800,15,Urea,55,Wheat,114
115,60,58,6,800,20,19:19:19 NPK,55,Wheat,113
64,55,54,7.5,600,30,19:19:19 NPK,55,Wheat,115
63,48,51,7.177263852,700,25,19:19:19 NPK,55,Wheat,113
100,75,60,6,700,25,Urea,55,Wheat,114
65,40,59,6.089312123,700,25,19:19:19 NPK,55,Wheat,114
60,49,50,7,500,25,19:19:19 NPK,55,Wheat,114
104,55,60,6,800,25,Urea,55,Wheat,113
100,48,51,7.1298413,600,20,19:19:19 NPK,55,Wheat,112
70,45,40,6.5,600,20,19:19:19 NPK,55,Wheat,113
60,55,50,7.5,600,20,19:19:19 NPK,55,Wheat,112
65,40,50,7.285907926,600,20,19:19:19 NPK,55,Wheat,113
75,60,50,7.5,600,30,Urea,55,Wheat,114
115,40,55,7.5,900,25,Urea,55,Wheat,115
95,40,60,6,900,20,19:19:19 NPK,55,Wheat,113
101,58,60,6,700,25,19:19:19 NPK,55,Wheat,113
118,60,40,6.5,800,15,19:19:19 NPK,55,Wheat,114
100,75,60,6,700,25,Urea,55,Wheat,114
65,43,51,6.816922005,1000,25,MOP,55,Wheat,115
109,60,40,6.5,800,15,19:19:19 NPK,55,Wheat,114
77,55,50,7.5,600,30,19:19:19 NPK,55,Wheat,114
119,70,45,7,900,20,19:19:19 NPK,55,Wheat,114
120,55,53,7.348014898,800,15,Urea,55,Wheat,114
75,40,55,7.5,1000,25,19:19:19 NPK,55,Wheat,115
79,55,40,6.5,800,15,Urea,55,Wheat,113
76,48,56,6.92251084,600,20,Urea,55,Wheat,112
105,40,44,6.5,1000,25,19:19:19 NPK,55,Wheat,115
81,60,45,7,900,20,Urea,55,Wheat,113
75,60,50,7.5,600,25,Urea,55,Wheat,113
70,50,40,6.5,600,20,19:19:19 NPK,55,Wheat,113
68,50,40,6.5,600,20,Urea,55,Wheat,113
68,45,40,6.5,600,20,19:19:19 NPK,55,Wheat,113
90,43,46,6.797515916,600,20,19:19:19 NPK,55,Wheat,112
73,60,40,6.5,500,15,Urea,55,Wheat,115
80,58,50,7.5,600,27,Urea,55,Wheat,113
113,50,55,7.5,900,20,Urea,55,Wheat,113
80,50,50,7,700,25,19:19:19 NPK,55,Wheat,112
74,40,60,6,900,20,Urea,55,Wheat,114
65,59,49,7.413240553,800,15,Urea,55,Wheat,114
65,57,60,6.488657601,500,15,19:19:19 NPK,55,Wheat,115
74,45,40,6.5,1000,25,19:19:19 NPK,55,Wheat,115
65,60,50,7.5,600,27,Urea,55,Wheat,114
71,45,45,6.5,600,20,19:19:19 NPK,55,Wheat,113
70,45,45,6.5,600,20,19:19:19 NPK,55,Wheat,113
101,55,53,7.5,900,15,19:19:19 NPK,55,Wheat,113
69,60,50,7.5,600,30,Urea,55,Wheat,115
86,40,40,6,500,15,19:19:19 NPK,55,Wheat,115
106,56,55,7.5,800,15,Urea,55,Wheat,113
100,50,60,6,800,24,19:19:19 NPK,55,Wheat,113
104,45,45,6.5,600,20,Urea,55,Wheat,112
85,40,59,6,900,20,Urea,55,Wheat,113
102,40,40,6,800,15,19:19:19 NPK,55,Wheat,114
114,45,55,7.5,900,20,19:19:19 NPK,55,Wheat,113
78,45,50,6.5,1000,25,Urea,55,Wheat,114
65,60,44,6.909166739,600,20,Urea,55,Wheat,113
115,50,59,6.03050025,800,25,19:19:19 NPK,55,Wheat,114
75,50,40,6.5,600,20,19:19:19 NPK,55,Wheat,113
91,40,40,6,500,15,19:19:19 NPK,55,Wheat,114
108,40,45,6.5,900,25,Urea,55,Wheat,115
108,40,40,6,800,15,19:19:19 NPK,55,Wheat,114
87,50,60,6,700,25,Urea,55,Wheat,113
100,40,53,7.384996777,800,15,19:19:19 NPK,55,Wheat,113
62,50,55,7.5,600,20,Urea,55,Wheat,113
68,55,40,6.5,600,20,19:19:19 NPK,55,Wheat,113
119,50,50,7,700,25,Urea,55,Wheat,113
70,60,55,6,700,25,Urea,55,Wheat,113
100,55,42,7,800,20,19:19:19 NPK,55,Wheat,112
100,57,40,6.770317561,800,17,19:19:19 NPK,55,Wheat,113
100,45,51,7.137429901,900,20,19:19:19 NPK,55,Wheat,112
72,60,45,7,900,20,Urea,55,Wheat,113
69,55,50,7.5,600,30,19:19:19 NPK,55,Wheat,114
95,60,45,7,900,20,Urea,55,Wheat,112
116,50,50,7,800,25,19:19:19 NPK,55,Wheat,113
